tree
version=v4
num_class=1
num_tree_per_iteration=1
label_index=0
max_feature_idx=11
objective=binary sigmoid:1
feature_names=log_dep_bal log_loan_bal tenure_years segment current savings mortgage overdraft ipf cash_cover trade unsecured
feature_infos=[0:21.3825] [0:20.821400000000001] [0:10.66] -1:10:2:9:8:7:4:3:1:5:6 [0:1] [0:1] [0:1] [0:1] [0:1] none none [0:1]
tree_sizes=3281 3427 3375 3389 3372 3363 3405 3375 3395 3395 3378 3372 3348 3420 3375 3380 3398 3348 3348 3318 3391 3381 3350 3383 3374 3347 3386 3355 3404 3398 3368 3385 3397 3397 3392 3404 3386 3369 3325 3380 3405 3421 3373 3403 3386 3476 3405 3382 3397 3397 3392 3408 3408 3397 3430 3359 3372 3355 3362 3406 3424 3388 3361 3397 3366 3331 3368 3414 3389 3415 3421 3420 3421 3414 3429 3404 3395 3379 3411 3401 3411 3405 3409 3385 3417 3404 3404 3387 3353 3363 3373 3393 3415 3392 3414 3423 3411 3367 3388 3395 3407 3404 3401 3374 3368 3409 3368 2768 2885 3394 3379 3397 3398 3315 3151 3377 3365 3380 3377 3406 2851 3067 3419 3383 3399 3282 3396 2849 2977 3369 3294 3271 2581 2654 3397 3049 2580 2981 2771 2847 2332 2661 2868 2443 2875 2570 2648 2529 2542 2421 2636 2952 2463 2847 2853 2643 2782 2955 2763 2871 2825 2858 2884 2476 2868 2141 2778 2640 3446 3402 3078 3432 2886 3381 3420 3416 2799 2675 2216 2140 2027 1929 2210 1933 1914 2028 1609 1845 1809 1937 1415 1599 1824 1834 1824 1529 1934 1602 1899 1297 1618 1598 1614 1952 1540 1426 1511 1716 1412 1507 2054 1496 1603 1306 1197 1176 1098 1096 984 1219 1630 1200 1004 1086 1009 887 1230 869 1068 967 1071 1005 990 1008 888 1000 992 867 1214 786 788 665 910 1011 592 479 475 366

Tree=0
num_leaves=31
num_cat=0
split_feature=1 6 2 0 2 1 0 1 5 1 0 0 0 5 1 0 0 2 1 2 2 4 0 0 8 2 1 2 0 0
split_gain=1.20841e+07 101276 151797 122943 78540.1 61031.8 92931 41018.6 44698 29409 34690.2 27001.9 73797.3 23336.4 21604.6 20041.5 69180.8 21842.8 41161.2 17658.6 88705.1 31714.9 28953.7 51569 15335.6 22198.3 65395 9310.07 13118.3 40036.3
threshold=9.8073000000000015 1.0000000180025095e-35 1.8350000000000002 11.681300000000002 1.2150000000000001 7.3479500000000009 13.417300000000003 10.781950000000002 1.0000000180025095e-35 16.434000000000001 13.277750000000003 5.1990000000000007 5.151250000000001 1.0000000180025095e-35 14.491350000000002 1.0000000180025095e-35 5.1990000000000007 10.135000000000003 12.057050000000002 10.255000000000001 10.225000000000003 1.0000000180025095e-35 6.4496000000000011 6.5032000000000005 1.0000000180025095e-35 3.5250000000000004 13.529600000000002 2.6050000000000004 6.9796000000000005 10.660200000000001
decision_type=2 2 2 2 2 2 2 2 2 2 2 2 2 2 2 2 2 2 2 2 2 2 2 2 2 2 2 2 2 2
left_child=4 7 -3 11 5 6 -1 8 -2 10 -5 12 -4 -6 15 -9 -17 24 -19 20 21 -15 -23 -24 25 -18 -27 -16 -29 -30
right_child=1 2 3 9 13 -7 -8 14 -10 -11 -12 -13 -14 19 27 16 17 18 -20 -21 -22 22 23 -25 -26 26 -28 28 29 -31
leaf_value=-5.9203550814455204 -5.9203550814455204 10.750060654179494 -5.9203550814455204 -5.9203550814455204 -5.9203550814455204 11.080355413578589 10.854477246150706 11.076064252893913 8.4000401876957653 11.518689793688472 8.4489347497738549 -5.9203550814455204 11.697140092050264 -5.9203550814455204 11.598329778725953 -5.9203550814455204 10.109070715214452 10.04824948747202 -5.9203550814455204 -5.9203550814455204 11.034694444327274 -5.9203550814455204 11.599353339787809 -5.9203550814455204 11.877189313838501 9.2185288010810797 -5.9203550814455204 11.331491969563475 3.0045197312324188 10.50262615373706
leaf_weight=3.7830356052145353 0.69879515259526614 14.878294474212455 1.4537184298969787 0.63705421541817475 192.56998305534944 1.0420881879981605 1.0561202191747723 33.35524123464711 2.474266842706129 3.0476851894054562 1.2329238120000807 2.7615037355571985 1.0056049069389701 7.6586826161947101 96.071296156384051 0.72685921494848926 17.68371725268663 1.1094419376458962 0.6342478091828524 7.956161677138879 1.0448945942334837 1.1478201502468439 1.0112177194096146 0.71843999624252308 7.9634534746874115 3.5107422182336441 0.89524358906783152 37.995981708867475 1.9850406830664749 17.259949911152944
leaf_count=1348 249 355 518 227 68618 18 23 579 175 26 86 984 5 2729 667 259 648 42 226 2835 19 409 7 256 11 191 319 466 354 497
internal_value=2.98784 10.5511 7.53495 2.81676 -5.59527 0.104302 -2.25934 10.8905 5.2463 8.48994 3.55368 -2.52698 1.28335 -5.75331 10.9722 10.2149 9.33174 9.6804 4.23985 -4.10677 -2.86083 -4.23888 0.236509 4.32227 9.99606 9.3179 6.14249 11.2976 10.7928 9.72923
internal_weight=465.37 247.381 25.0168 10.1385 217.988 5.88124 4.83916 222.364 3.17306 4.91766 1.86998 5.22083 2.45932 212.107 219.191 65.8789 32.5237 31.7968 1.74369 19.5372 11.5811 10.5362 2.87748 1.72966 30.0532 22.0897 4.40599 153.312 57.241 19.245
internal_count=83146 6884 2201 1846 76262 1389 1371 4683 424 339 313 1507 523 74873 4259 2275 1696 1437 268 6255 3420 3401 672 263 1169 1158 510 1984 1317 851
is_linear=0
shrinkage=1


Tree=1
num_leaves=31
num_cat=0
split_feature=11 0 0 1 1 6 1 1 1 0 1 6 1 1 1 0 1 1 0 1 6 1 1 1 0 1 1 0 1 0
split_gain=417693 1.60238e+06 1.74757e+06 2.77884e+06 1.24739e+07 4.29998e+06 4.64938e+06 620539 1.0644e+06 333368 313263 1.30522e+06 2.01443e+06 7.59564e+06 165086 412228 286320 960688 101771 206289 420718 215848 80562.2 82710.4 79667.9 78326.4 428350 92067.1 89911.2 46825.1
threshold=1.0000000180025095e-35 1.2252500000000002 1.0000000180025095e-35 10.781950000000002 13.836400000000001 1.0000000180025095e-35 14.491350000000002 14.536800000000001 16.029050000000002 10.660200000000001 14.491350000000002 1.0000000180025095e-35 15.730650000000002 15.696850000000001 13.692350000000001 5.5256000000000007 9.8073000000000015 13.529600000000002 10.913500000000001 15.546550000000002 1.0000000180025095e-35 16.029050000000002 16.214600000000004 16.577300000000005 12.505550000000001 12.267650000000001 10.781950000000002 7.6239000000000008 12.934450000000002 7.1156500000000014
decision_type=2 2 2 2 2 2 2 2 2 2 2 2 2 2 2 2 2 2 2 2 2 2 2 2 2 2 2 2 2 2
left_child=18 2 3 -2 -5 6 -6 -8 -9 14 -11 12 13 24 15 -3 -17 25 -1 -20 21 -21 -23 -24 -12 26 -18 -27 -29 -16
right_child=1 9 -4 4 5 -7 7 8 -10 10 11 -13 -14 -15 29 16 17 -19 19 20 -22 22 23 -25 -26 27 -28 28 -30 -31
leaf_value=-0.31874104236227513 -7.2937809046991653 -1.690918816966982 -4.8603592117805254 -3230.3553132620596 -3230.3553132613024 -4.7223849835191505 -90.173507982192888 -1285.9326100413018 -177.01497091073406 -24.802342206741528 -2355.3300869625737 -11.751179000810504 -74.498386495247942 -30.435775150665705 -20.469238939243237 -0.050134209939051821 -101.6827373580485 -24.907136695247079 -4.325343325988408 -287.73168280701668 -16.029697464869738 -45.206972731652513 -86.525017907781361 -243.40976845547772 -2845.2660900704004 -178.2579550493555 -773.2849649818088 -246.82892567701197 -432.99207480050904 -2.7073207948946978
leaf_weight=232.03790125395881 0.041396958724360888 0.39609397796812107 0.09354858883034467 0.0040242627437692127 0.002074043106404134 0.032103061994348536 0.0033250757787755001 0.0059876393279409967 0.0033885866841956158 0.36154700288170705 0.00367244334302086 0.089653786970302463 0.02347468586776813 0.0098406546403566608 0.39397704066050199 0.06140757049433887 0.0049174663436133415 0.084476348252792377 3.8404831359816844 0.018764223874313646 0.3627982219986734 0.036458469036006136 0.020213682992107351 0.014376091703525162 0.0010719371366576524 0.0173931483150227 0.0045905075094196945 0.015193963386991527 0.011316532356431708 6.3776519231887505
leaf_count=78253 21 161 44 260 134 15 7 155 13 311 173 53 38 7 290 23 11 73 1681 111 245 38 39 72 61 67 71 79 100 540
internal_value=-0.841201 -12.0471 -157.157 -311.514 -558.923 -329.594 -1035.46 -677.046 -885.168 -8.61439 -48.5812 -115.897 -361.224 -822.711 -5.9601 -31.2022 -89.8549 -129.849 -0.459874 -8.08798 -40.0146 -136.902 -97.0671 -151.729 -2466.03 -295.826 -425.936 -267.649 -326.296 -3.74072
internal_weight=244.373 8.04213 0.185848 0.0922996 0.0509027 0.0468784 0.0147753 0.0127013 0.00937623 7.85628 0.489261 0.127714 0.0380597 0.014585 7.36702 0.59539 0.199296 0.137888 236.331 4.29309 0.452611 0.0898125 0.0710482 0.0345898 0.00474438 0.0534116 0.00950797 0.0439036 0.0265105 6.77163
internal_count=83146 2707 649 605 584 324 309 175 168 2058 643 332 279 241 1415 585 424 401 80439 2186 505 260 149 111 234 328 82 246 179 830
is_linear=0
shrinkage=0.05


Tree=2
num_leaves=31
num_cat=0
split_feature=7 2 1 2 1 1 1 0 0 2 4 0 6 0 1 2 0 6 1 0 6 0 0 2 0 1 1 0 0 1
split_gain=3.80921e+06 6.52631e+06 1.90554e+07 337609 1.33862e+06 2.5714e+06 4.21829e+06 2.17713e+06 483031 459421 957765 311521 1.26055e+06 5.31508e+06 7.95243e+06 110766 808023 5.55195e+06 6.08398e+07 233189 62445.5 125583 165024 294108 44723.6 32128.6 169834 16914.6 8328.42 97846.3
threshold=1.0000000180025095e-35 3.2850000000000006 14.233800000000002 2.4050000000000007 15.546550000000002 16.577300000000005 16.314600000000002 12.179000000000002 11.762650000000002 2.2650000000000001 1.0000000180025095e-35 15.069100000000002 1.0000000180025095e-35 15.874950000000002 14.792150000000001 10.655000000000003 12.596050000000002 1.0000000180025095e-35 15.154500000000002 11.326000000000002 1.0000000180025095e-35 11.448250000000002 8.8487500000000008 1.8350000000000002 9.5603500000000015 15.817350000000001 16.029050000000002 1.2252500000000002 10.969800000000001 12.057050000000002
decision_type=2 2 2 2 2 2 2 2 2 2 2 2 2 2 2 2 2 2 2 2 2 2 2 2 2 2 2 2 2 2
left_child=3 2 -2 4 9 6 7 8 24 20 -11 15 13 14 -13 -5 19 18 -18 25 28 22 23 -22 27 -17 -27 -6 29 -1
right_child=1 -3 -4 11 5 -7 -8 -9 -10 10 -12 12 -14 -15 -16 16 17 -19 -20 -21 21 -23 -24 -25 -26 26 -28 -29 -30 -31
leaf_value=-0.18633173131461231 -20.762761113610388 46.140267256510704 1422.9507830971393 0.10270261479900958 -22.726908818963466 8.6138303712980271 332.28580390068907 167.55731090865834 71.678997076142238 -1.7621281248270588 202.32741873296536 -5.2648917254195746 -2.0608633756017127 -10.961447712776589 2118.1289329569167 -0.78945103215574786 -8.0574658649285702 -0.86770457118011801 3189.2604340493131 12.818512689760258 -316.45573155750247 -5.9681131535418812 -24.433613217990178 -0.050097583494801083 -2.5830274448737498 28.834892237976149 -2.5570109618409651 -56.377150129439862 -0.3239754147142575 -21.025331446271363
leaf_weight=4.4223714306263817 0.062760867058373013 0.36051973460598674 0.035946519761593257 376.90906029763966 0.12517795425901457 3.8990797286605812 0.15770436053556003 0.3170809153518015 0.24693802006342347 0.175114295259022 0.085578510864557922 0.0094457574307172266 0.26493898796616122 0.054502475977689577 0.0082698715853866383 22.106931563573905 0.14812347179163837 0.97175754775973555 0.016539743170461974 3.9990055129429036 0.015956091796398009 0.27803681578370742 0.055203318363055587 0.013608163106255233 0.39332265417324441 0.5786997990610333 1.6864468946609681 0.053222173509311688 9.3569488406990384 0.64550834550885827
leaf_count=2127 62 80 58 71133 87 86 39 70 16 108 46 63 20 86 21 6390 324 75 56 476 103 41 39 7 78 62 162 84 335 812
internal_value=0.841935 144.768 504.998 0.687144 6.98971 28.8794 89.9698 56.3228 13.2398 -0.563479 65.235 0.373517 48.4151 233.591 985.961 0.333662 3.28378 44.6251 313.1 1.62784 -1.72345 -22.211 -75.4875 -170.817 -12.0012 -0.208347 5.46299 -32.7658 -1.20816 -2.84065
internal_weight=427.454 0.459227 0.0987074 426.995 20.2409 5.19253 1.29345 1.13574 0.818661 15.0483 0.260693 406.754 0.337157 0.0722181 0.0177156 406.417 29.5075 1.13642 0.164663 28.3711 14.7876 0.362804 0.0847676 0.0295643 0.571723 24.3721 2.26515 0.1784 14.4248 5.06788
internal_count=83146 200 120 82946 4078 460 374 335 265 3618 154 78868 190 170 84 78678 7545 455 380 7090 3464 190 149 110 249 6614 224 171 3274 2939
is_linear=0
shrinkage=0.05


Tree=3
num_leaves=31
num_cat=0
split_feature=2 0 1 1 1 0 1 1 1 1 2 0 1 11 1 2 0 2 2 2 1 0 1 6 0 1 1 2 1 2
split_gain=1.42484e+07 1.245e+08 2.43647e+08 1.14089e+08 4.07007e+08 2.97552e+07 5.38331e+07 1.31483e+08 1.61858e+07 1.30722e+07 6.05533e+07 4.78993e+06 5.63881e+06 1.62366e+06 2.19722e+06 1.35043e+06 1.27025e+06 637704 60764.7 34985.4 291054 268374 20930.9 38980.6 1.06844e+06 2.41666e+06 2.01553e+07 1.04874e+07 23235.3 33695.9
threshold=2.2650000000000001 1.0000000180025095e-35 12.822250000000002 16.314600000000002 15.546550000000002 10.913500000000001 13.175050000000001 15.546550000000002 14.491350000000002 14.405750000000003 1.4550000000000003 9.2173500000000015 14.959550000000002 1.0000000180025095e-35 15.817350000000001 1.3250000000000004 10.129600000000002 0.50500000000000012 0.91500000000000015 0.74500000000000011 15.512300000000002 12.690450000000002 15.028300000000002 1.0000000180025095e-35 10.618350000000001 15.477100000000002 15.696850000000001 6.0450000000000008 15.238200000000001 9.5250000000000004
decision_type=2 2 2 2 2 2 2 2 2 2 2 2 2 2 2 2 2 2 2 2 2 2 2 2 2 2 2 2 2 2
left_child=1 2 -1 4 8 6 -3 9 15 10 16 18 -13 14 -9 -4 -8 -6 -11 -7 -21 -22 -2 24 28 -26 -27 -28 29 -24
right_child=22 5 3 -5 17 19 7 13 -10 11 -12 12 -14 -15 -16 -17 -18 -19 -20 20 21 -23 23 -25 25 26 27 -29 -30 -31
leaf_value=-0.25376962118081514 -0.28002716073005152 -0.18543875044490432 1422.7061675215186 -16.638605302617488 4942.0877908565963 -0.052947303599641504 639.8388154909685 -1.6185232541164631 844.88057024709599 851.45575150939771 4315.8413321400176 844.35380412657855 1660.6297159765356 -0.10452561389588361 233.96139528340487 1815.567327915589 1101.8540317531072 5245.0547610818976 806.82179466835373 -0.29482503020576917 43.599515153142463 -4.6822809012320521 8.1392857948188624 0.078053061819973346 -1.7379121616658821 -2.155269969192414 263.2686959429638 1183.8892395801747 -0.35932881404279399 -0.72915586115008812
leaf_weight=1.2234286990536016 208.24463289670203 2.5645844231996096 0.049808221698185766 0.15575150951285543 0.035786618373990095 35.989049384830686 0.027686432810034842 0.17981646780390281 0.37670824070664821 0.24966933243042874 0.016419541408074889 0.041961533786075381 0.042672260526876324 0.64676065653068548 0.22016454695809196 0.039003238529403468 0.032155683739578625 0.033748115108865454 0.10978348352433634 7.3071688557971921 0.78541813053210752 0.45428951835492626 2.0479385782309825 186.102171537667 1.5699777981209408 0.68053446289458075 0.066736930652997378 0.057664187310944331 42.31008906206943 2.2454716912034201
leaf_count=578 77227 1755 96 57 36 249 190 38 117 97 85 40 40 19 86 34 43 61 67 210 67 59 42 985 106 66 44 153 457 42
internal_value=2.95358 28.0953 423.625 1174.32 1521 12.538 140.896 371.78 988.033 1021.36 1626.11 917.504 1255.92 48.8672 128.053 1595.24 888.099 5089.13 837.824 0.629983 3.50566 25.9067 0.0849996 0.408356 1.6634 34.3771 104.817 690.008 -0.00368589 3.50105
internal_weight=493.907 50.5818 1.91423 0.690806 0.535054 48.6676 4.13167 1.56709 0.46552 0.520348 0.0762617 0.444087 0.0846338 1.04674 0.399981 0.0888115 0.0598421 0.0695347 0.359453 44.5359 8.54688 1.23971 443.325 235.081 48.9784 2.37491 0.804936 0.124401 46.6035 4.29341
internal_count=83146 4024 979 401 344 3045 2460 705 247 562 318 244 80 143 124 130 233 97 164 585 336 126 79122 1895 910 369 263 197 541 84
is_linear=0
shrinkage=0.05


Tree=4
num_leaves=31
num_cat=1
split_feature=3 2 0 1 0 1 1 2 0 1 1 1 0 2 1 1 1 0 2 0 1 0 0 2 0 2 0 0 0 1
split_gain=24269.7 28452.5 53793.9 3.70478e+06 3.64405e+07 139716 238995 7116.85 6998.45 6660.87 4074.04 16059.9 42929.7 102077 354273 25172.4 3584.47 41116.2 294826 310593 2952.93 9109.5 51729.2 39831.5 10793.9 5575.71 5030.27 13099.8 15624.9 11236.1
threshold=0 1.9550000000000003 11.681300000000002 11.516400000000003 10.176900000000002 15.546550000000002 11.813500000000003 9.9750000000000032 6.9426500000000013 10.781950000000002 15.028300000000002 15.658300000000002 12.690450000000002 1.7050000000000003 15.447300000000002 15.114450000000001 9.7701000000000011 8.5626500000000014 2.4050000000000007 6.2167500000000002 15.696850000000001 10.273350000000002 10.371450000000001 7.6350000000000007 14.217000000000002 7.0450000000000008 7.6239000000000008 7.1156500000000014 0.21105000000000004 15.817350000000001
decision_type=9 2 2 2 2 2 2 2 2 2 2 2 2 2 2 2 2 2 2 2 2 2 2 2 2 2 2 2 2 2
left_child=1 2 3 -1 -5 6 -6 10 9 -9 16 12 13 14 -12 -15 -2 18 19 -18 -3 26 -23 25 -25 -24 27 28 29 -22
right_child=7 20 -4 4 5 -7 -8 8 -10 -11 11 -13 -14 15 -16 -17 17 -19 -20 -21 21 22 23 24 -26 -27 -28 -29 -30 -31
leaf_value=-0.23659076586085132 -0.063174590240471812 -0.57301678224577612 -0.73732353271946272 -6114.4328170351546 -8.8012331135623789 -30.477487093283841 -468.63401325666001 -1.2419994858306456 -0.71332643349675984 -8.4922643909019744 -1.8858237731868401 0.032666600334204737 0.032706158880743783 4.780464261834716 37.376636400764255 -0.20475735667666936 -321.42747918479085 -0.32363017783584408 -3.6710242450737689 -47.459476681439448 -9.7827940982796253 -0.16245316310087446 -26.570468837244448 -95.018577501047503 -47.124238431441711 -3.190671186683768 -0.4399396444019521 -0.33450009847378437 -6.0493827792105703 -49.067482107253788
leaf_weight=1.7249223721066296 98.50695546310159 96.368947870452743 3.3447917111300733 0.0026821682729074375 0.005648748017847538 0.027927902954189565 0.0056541269777643718 0.68180356756125216 12.060339313937808 0.59170597183882045 1.5604764375038223 275.08933456453843 32.341951490328938 3.7137461872844124 0.90935261908452947 7.9588762091730842 0.014931743940598596 13.810824970981912 0.61064178075441244 0.033677489031106234 0.03063114493851999 0.57836173676332703 0.054678166147920038 0.023689962520423269 0.023367662281088997 0.04778937379057635 5.1535783764681291 0.55009006717594477 0.18109191038500355 0.044855921573414108
leaf_count=1166 60132 17775 148 499 2 25 111 493 493 195 86 486 33 11 54 113 222 263 296 47 23 9 82 75 28 9 123 17 52 78
internal_value=-0.118222 -0.754385 -4.46528 -11.5227 -476 -90.5056 -238.827 0.0511192 -1.08556 -4.61066 0.0871736 0.177917 1.03749 3.33532 12.57 1.38133 -0.171116 -0.905943 -13.105 -131.617 -0.643525 -1.65948 -6.93986 -33.1548 -71.2354 -15.6665 -1.01462 -4.68609 -14.0156 -33.1265
internal_weight=556.053 108.169 5.11163 1.76684 0.0419129 0.0392308 0.0113029 447.885 13.3338 1.27351 434.551 321.574 46.4844 14.1425 2.46983 11.6726 112.977 14.4701 0.659251 0.0486092 103.057 6.68813 0.727887 0.149525 0.0470576 0.102468 5.96025 0.806669 0.256579 0.0754871
internal_count=83146 20222 1951 1803 637 138 113 62924 1181 688 61743 783 297 264 140 124 60960 828 565 269 18271 496 203 194 103 91 293 170 153 101
cat_boundaries=0 1
cat_threshold=804
is_linear=0
shrinkage=0.05


Tree=5
num_leaves=31
num_cat=2
split_feature=8 6 3 0 0 4 0 6 5 0 0 0 0 6 5 6 0 0 11 5 0 0 11 0 0 0 3 0 0 0
split_gain=229039 143732 38789.4 301454 1.79125e+06 156812 32484.5 508698 29174.1 55884.9 990511 3.09115e+06 22562.3 19836.2 16328.9 12210.9 6404.53 19940.9 5036.4 4664.7 3965.04 104300 13803.5 237269 1.21428e+06 5119.15 4495.04 8231.98 133814 3646.4
threshold=1.0000000180025095e-35 1.0000000180025095e-35 0 1.7422500000000001 1.5717000000000001 1.0000000180025095e-35 8.6175500000000014 1.0000000180025095e-35 1.0000000180025095e-35 6.5032000000000005 7.1156500000000014 6.6820500000000012 1.0000000180025095e-35 1.0000000180025095e-35 1.0000000180025095e-35 1.0000000180025095e-35 12.596050000000002 13.0342 1.0000000180025095e-35 1.0000000180025095e-35 8.7428000000000008 8.6175500000000014 1.0000000180025095e-35 4.509500000000001 0.80425000000000013 13.277750000000003 1 6.255300000000001 7.065900000000001 11.219900000000001
decision_type=2 2 9 2 2 2 2 2 2 2 2 2 2 2 2 2 2 2 2 2 2 2 2 2 2 2 9 2 2 2
left_child=2 -2 3 4 5 14 7 8 9 -5 11 -11 13 18 15 -1 29 -18 19 -7 21 22 26 24 -24 -22 27 -4 -29 -8
right_child=1 -3 20 6 -6 12 16 -9 -10 10 -12 -13 -14 -15 -16 -17 17 -19 -20 -21 25 -23 23 -25 -26 -27 -28 28 -30 -31
leaf_value=4.6593266679694985 5.6436385969041378 0.66621780510829121 0.30969949471319258 -0.72418415072915254 271.19477161927381 16.578792613991922 -1.4221180231449542 79.011699886096324 -1.1630449634968696 588.0900818620637 -1.3191355045425119 -2.4355016595941814 -3.3926905710390245 -7.766019182294932 -1.496526673565838 -14.291338725741463 3.384558995781946 -0.14381017504657689 19.27878629689755 12.665650306547441 -0.42141012867481686 15.179640691518543 213.62196494749756 -0.25335186065708232 -0.57438186624226728 0.053498091685510299 0.070139470973616794 22.367535605703758 -0.35390668477748966 -0.19213967100358931
leaf_weight=3.3281370643580495 31.522027171931949 26.864990664324115 126.50179142554342 1.6670490917736331 0.064945903272017769 1.9719270445943948 6.8749308821824746 0.21582970456883988 4.8806300672424401 0.030122481366561094 1.0828765553570923 0.083841530429523747 0.16432800380200507 0.089722391477305652 2.0191923060036796 0.087231932472772278 5.1622173735722887 17.85362672449801 0.91135113376452626 1.2407686099321644 76.139054979801756 1.1511513773220929 0.080342442864589969 5.8413330887667723 0.37498643822067573 222.7564914980058 1015.4397843494176 0.72669458630307371 5.9832339865268631 48.782396186263526
leaf_count=2913 96 67 850 1670 77 2150 1593 99 2561 42 259 117 196 45 2012 48 100 256 166 359 2291 49 308 230 85 564 63086 128 234 495
internal_value=0.279142 3.35343 0.163448 1.08514 9.47337 7.74114 0.25401 3.29778 1.18773 5.19392 13.4371 153.65 14.7833 15.4921 2.06796 4.17531 -0.0539663 0.647567 15.9981 15.0675 0.0942059 0.136822 0.121829 2.45648 37.2204 -0.0674775 0.109031 0.372277 2.10686 -0.34407
internal_weight=1609.89 58.387 1551.51 96.5111 9.8776 9.81266 86.6335 7.96035 7.74452 2.86389 1.19684 0.113964 4.3781 4.21377 5.43456 3.41537 78.6732 23.0158 4.12405 3.2127 1454.99 1156.1 1154.95 6.29666 0.455329 298.896 1148.65 133.212 6.70993 55.6573
internal_count=83146 163 82983 15158 7966 7889 7192 4748 4649 2088 418 159 2916 2720 4973 2961 2444 356 2675 2509 67825 64970 64921 623 393 2855 64298 1212 362 2088
cat_boundaries=0 1 2
cat_threshold=132 256
is_linear=0
shrinkage=0.05


Tree=6
num_leaves=31
num_cat=0
split_feature=2 0 1 1 1 0 1 4 4 0 5 2 2 1 4 0 5 1 2 2 2 2 1 1 1 0 6 0 0 0
split_gain=407490 692548 2.28125e+06 8.5606e+07 1.5373e+09 1.5624e+09 1.25549e+06 1.90451e+06 49029.2 120990 155513 37139.5 67995 33438.4 173446 1.09808e+06 1.84736e+06 4.02212e+06 248863 329214 220887 70592.9 54188.2 53297 36037.2 15323.1 25204.7 23346.5 14374.2 15167.8
threshold=2.4050000000000007 10.176900000000002 15.864400000000002 13.175050000000001 15.730650000000002 9.8318500000000011 10.167800000000002 1.0000000180025095e-35 1.0000000180025095e-35 1.0000000180025095e-35 1.0000000180025095e-35 1.2150000000000001 1.0000000180025095e-35 14.367050000000003 1.0000000180025095e-35 0.46055000000000007 1.0000000180025095e-35 10.361100000000002 8.7750000000000004 10.565000000000003 9.9750000000000032 3.9250000000000003 9.5106000000000019 8.517450000000002 1.0000000180025095e-35 10.3238 1.0000000180025095e-35 8.7428000000000008 6.255300000000001 6.6820500000000012
decision_type=2 2 2 2 2 2 2 2 2 2 2 2 2 2 2 2 2 2 2 2 2 2 2 2 2 2 2 2 2 2
left_child=1 2 3 6 5 -5 8 -8 -1 10 11 12 -10 14 -2 16 17 18 21 20 -20 -16 24 -21 -23 26 28 -28 -17 -30
right_child=13 -3 -4 4 -6 -7 7 -9 9 -11 -12 -13 -14 -15 15 25 -18 -19 19 23 -22 22 -24 -25 -26 -27 27 -29 29 -31
leaf_value=-0.10635746206330832 -0.11218161067759541 0.28598662024140337 -0.18554311339991181 27614.740723020834 38.71938691345612 1355.3556801391419 -1.8363239442651715 225.57642403251154 -109.71880464887036 -4.6833516786466065 -12.136207769703301 -75.411002120334871 -274.36921089533223 0.067429750666964106 -58.256806074045329 -1.5709461394572457 -5.8906025240099886 -2.169125901300585 -266.3590410936763 -193.27343609602809 -672.97233285772154 -142.72622322609899 -50.330652243425547 -108.34204357565153 -237.05594977496031 -0.25739230888235903 -79.483221261585484 -0.050028656872897585 -35.222770926481772 -8.1095582393047003
leaf_weight=12.800577037501906 329.09540325067178 84.60259628880128 27.788340515282449 0.01042293287746382 0.44263095618229847 0.01240771496668458 0.22463097119812253 0.15600226399918654 0.015042000151175973 0.44243330060913039 0.053445821382057689 0.013268276905011221 0.010752654503448868 1275.3289665851257 0.036065407625056278 1.6060973589493164 3.047044697986065 0.76189169649341115 0.0078845435054972768 0.39603500458770236 0.0057947557797888303 0.064122666903131176 0.013919967281253776 0.019375373056391254 0.012023469324049074 29.999091436691497 0.021400134370330615 0.016293169825075893 0.058169729328756081 0.45548872446362565
leaf_count=1223 70183 797 184 728 38 42 157 72 47 778 28 32 66 2779 65 1145 620 94 46 1616 78 230 25 45 65 801 69 53 117 923
internal_value=0.157427 2.89096 8.14203 24.4596 691.318 13343.6 1.82957 91.3686 -0.726128 -15.5566 -67.5589 -143.388 -178.354 -0.0534204 -0.474966 -3.74408 -27.2785 -76.7577 -179.11 -197.26 -438.607 -117.369 -141.039 -189.312 -157.621 -0.550094 -4.62007 -45.1477 -3.89941 -11.18
internal_weight=1767.52 126.573 41.97 14.1816 0.465462 0.0228306 13.7162 0.380633 13.3355 0.534942 0.0925088 0.0390629 0.0257947 1640.95 365.616 36.5207 4.36416 1.31711 0.555221 0.42909 0.0136793 0.126132 0.0900661 0.41541 0.0761461 32.1565 2.15745 0.0376933 2.11976 0.513658
internal_count=83146 4192 3395 3211 808 770 2403 229 2174 951 173 145 113 78954 76175 5992 2884 2264 2170 1785 124 385 320 1661 295 3108 2307 122 2185 1040
is_linear=0
shrinkage=0.05


Tree=7
num_leaves=31
num_cat=1
split_feature=8 3 11 2 2 1 2 2 2 2 2 1 2 2 2 5 2 2 1 2 5 1 1 1 2 6 1 1 1 2
split_gain=22153.4 3147.01 11351 262693 2.37507e+06 6870.51 16170.1 115880 81334.8 85559 3060.55 4913.71 2897.18 94144.5 155321 474864 1555.4 1415.47 12858.1 8229.22 6287.83 11451.9 11202.1 12016.6 3454.72 3977.75 3158.92 8354.88 17302.8 1809
threshold=1.0000000180025095e-35 0 1.0000000180025095e-35 2.8950000000000005 2.2650000000000001 15.817350000000001 7.7950000000000008 0.60500000000000009 6.955000000000001 2.1450000000000005 2.8950000000000005 15.416350000000001 5.285000000000001 5.1750000000000007 5.2250000000000005 1.0000000180025095e-35 0.60500000000000009 1.2150000000000001 12.057050000000002 1.1050000000000002 1.0000000180025095e-35 14.959550000000002 15.416350000000001 16.810900000000004 3.7050000000000005 1.0000000180025095e-35 16.810900000000004 15.154500000000002 15.238200000000001 0.21500000000000002
decision_type=2 9 2 2 2 2 2 2 2 2 2 2 2 2 2 2 2 2 2 2 2 2 2 2 2 2 2 2 2 2
left_child=1 17 5 4 -4 10 7 -7 9 -9 11 16 13 -12 -15 -16 -3 18 -1 20 21 29 -23 -24 25 -19 27 -27 -29 -20
right_child=-2 2 3 -5 -6 6 -8 8 -10 -11 12 -13 -14 14 15 -17 -18 24 19 -21 -22 22 23 -25 -26 26 -28 28 -30 -31
leaf_value=2.2796994753938349 1.7244463629511433 -0.2160782029601773 -363.77209725139795 -0.29180441998156581 -1.7245188811021788 -0.033964132349500048 -0.1013086551151669 19.491598820369944 26.640681011900757 -1.4356887991837564 0.02129765330318768 -7.7043611071746261 -0.11860973843097156 -0.13940025274091175 -0.052020776070143472 103.00183647443185 -1.3577505210846077 -0.44879600133340941 -2.1562071890584735 0.78510231654129103 -0.086358441001455843 -3.0204443499275389 -21.954577794759516 -2.3040422666874911 0.073423328532434939 -1.6986570880701266 -0.39769756490736463 -1.5199494126426947 -28.629060710880296 -0.36231420747940779
leaf_weight=7.3039839752613949 19.494571265282048 7.049292719100646 0.050038574236924038 19.741286901033163 0.47820415137884742 13.941355120390716 32.629923483888724 0.78080152637856692 0.65148581912759151 1.3042121494634515 158.6278124608375 0.2555681826493047 432.97461228401932 0.78966632139322335 0.32305603105487535 0.17092964547076672 5.1722435346815923 13.810019511631451 2.1097530314841375 22.569378710625244 25.852261438674525 0.66893213422524911 0.19995485176332317 0.12734704028935084 1240.7174708279517 0.46812617097876807 0.50002127059570967 0.13697177171707151 0.10321554243142253 4.2092173767010221
leaf_count=639 163 475 660 1429 70 37 221 87 23 117 5673 76 68065 130 132 20 1782 450 142 36 131 49 109 14 2211 39 8 5 101 52
internal_value=0.0471102 0.0307092 -0.0567592 -1.22291 -36.02 -0.0215204 0.546029 1.81253 11.2197 6.40122 -0.0677481 -0.842728 -0.0514389 0.130432 13.6168 35.6068 -0.699242 0.0753341 0.307097 0.0485994 -0.452567 -1.74676 -6.72915 -14.3089 0.064299 -0.689495 -3.44044 -5.5884 -13.1695 -0.961252
internal_weight=2013.21 1993.72 674.94 20.2695 0.528243 654.671 49.3078 16.6779 2.7365 2.08501 605.363 12.4771 592.886 159.911 1.28365 0.493986 12.2215 1318.78 63.0408 55.7368 33.1675 7.3152 0.996234 0.327302 1255.74 15.0184 1.20833 0.708313 0.240187 6.31897
internal_count=83146 82983 78997 2159 730 76838 485 264 227 204 76353 2333 74020 5955 282 152 2257 3986 1172 533 497 366 172 123 2814 603 153 145 106 194
cat_boundaries=0 1
cat_threshold=152
is_linear=0
shrinkage=0.05


Tree=8
num_leaves=31
num_cat=0
split_feature=8 0 0 4 2 1 0 1 0 2 0 0 2 0 2 0 2 0 2 0 2 5 2 0 2 1 11 1 0 2
split_gain=70088.2 205937 348584 5460.31 17282.2 20625.8 74735.7 1.18738e+06 108431 2.4755e+06 186096 820443 238919 233675 178918 258868 12523.2 17698.1 260458 314969 1.76571e+06 2.02253e+06 27754.7 8149.5 5538.68 4627.28 11566.3 113445 570371 4.71165e+06
threshold=1.0000000180025095e-35 3.0450000000000004 7.6753500000000008 1.0000000180025095e-35 1.2150000000000001 15.864400000000002 12.690450000000002 15.198500000000001 11.762650000000002 1.0000000180025095e-35 9.8318500000000011 4.7001500000000007 0.41500000000000004 6.1312500000000005 0.41500000000000004 1.7587500000000003 3.1350000000000002 9.9408000000000012 2.4050000000000007 8.6175500000000014 1.5650000000000002 1.0000000180025095e-35 1.3250000000000004 4.2961 0.84500000000000008 16.434000000000001 1.0000000180025095e-35 14.449450000000002 8.0068500000000018 2.4050000000000007
decision_type=2 2 2 2 2 2 2 2 2 2 2 2 2 2 2 2 2 2 2 2 2 2 2 2 2 2 2 2 2 2
left_child=3 -2 -3 25 5 6 7 8 9 -5 11 14 -13 -14 -11 -16 17 18 19 20 22 -22 -6 24 -17 26 -1 28 29 -28
right_child=1 2 -4 4 16 -7 -8 -9 -10 10 -12 12 13 -15 15 23 -18 -19 -20 -21 21 -23 -24 -25 -26 -27 27 -29 -30 -31
leaf_value=-0.17253419517138793 -0.27852022717456221 -0.62599483882456219 45.375488110032933 378.24205220748877 -20.047094409508016 -0.13486932299397955 -0.032117765444678377 97.839944357725528 -0.0051735741862440621 -10.087671172038364 -2.2516831186508934 -359.46787204078947 -662.82677500151021 -1725.4100894763405 -925.06052088206525 -181.84670918778554 0.057350417553401679 -0.67496521365231343 -0.71848379522749994 -18.645044875099053 -495.83760235754721 -2634.6734719042684 -114.69392934156363 -249.17474835680065 -57.763173103768523 0.079215876294571885 -2223.2416579174214 -0.78375233625460561 -13.043294347558771 -11.953014476967686
leaf_weight=348.26252294987017 4.3634140390037484 0.90030023130566383 0.75900038166658934 0.04458513509420714 0.029855455451708146 16.449380796148255 12.332143668317906 0.33806848447761417 5.9919007353707912 0.03985355568473728 0.31280880348449569 0.0015302454568200093 0.0010561625434775128 0.0010142810271955515 0.0012972825648215397 0.0013751624251198938 1363.4145754291417 6.7907972959760148 1.6951555909053022 0.096274251183348994 0.0061506316485751408 0.0013474382273179764 0.010459375452257502 0.0012042159874567915 0.0025990601909029773 203.87705277968513 0.0027213129214926279 8.9974575005089044 0.38179637553579671 0.020984285288347677
leaf_count=72085 74 26 63 128 60 93 52 77 24 141 66 75 49 87 101 60 7513 240 178 59 181 143 123 47 69 115 211 360 435 211
internal_value=0.037404 5.42299 20.4161 0.0209316 0.0735214 1.16243 2.28148 6.51637 1.69178 26.6547 -16.5598 -106.199 -833.223 -1183.37 -49.6954 -293.454 0.0453323 -1.85335 -6.20413 -70.7416 -175.641 -880.196 -44.6025 -135.226 -100.699 -0.11089 -0.219255 -1.94967 -27.8195 -265.801
internal_weight=1975.13 6.02271 1.6593 1969.11 1407.56 35.5188 19.0694 6.73729 6.39922 0.407324 0.362739 0.04993 0.00360069 0.00207044 0.0463293 0.00647572 1372.04 8.63004 1.83924 0.144087 0.0478129 0.00749807 0.0403148 0.00517844 0.00397422 561.543 357.665 9.40296 0.405502 0.0237056
internal_count=83146 163 89 82983 9566 1069 976 924 847 823 695 629 211 136 418 277 8497 984 744 566 507 324 183 176 129 73417 73302 1217 857 422
is_linear=0
shrinkage=0.05


Tree=9
num_leaves=31
num_cat=1
split_feature=8 6 2 3 2 2 0 0 2 5 0 2 0 2 0 2 2 0 2 2 2 2 0 0 0 2 2 0 0 0
split_gain=64654.1 183754 286700 6376.29 3131.2 28576.8 2645.47 82066.4 15527.9 199178 340247 474104 266192 74966.1 78724.9 33981 310758 668418 63610.1 124587 30023.1 38383.5 22141.7 51971.4 16664.3 9521.37 9173.13 6936.19 38041.9 27266.2
threshold=1.0000000180025095e-35 1.0000000180025095e-35 4.8250000000000011 0 2.4050000000000007 1.1050000000000002 8.6175500000000014 8.5626500000000014 2.5050000000000003 1.0000000180025095e-35 3.4767500000000005 0.84500000000000008 6.7921500000000004 0.115 6.849800000000001 2.2650000000000001 0.50500000000000012 1.7587500000000003 1.1050000000000002 1.7050000000000003 1.1050000000000002 1.7050000000000003 4.5627500000000003 5.3035500000000004 7.6239000000000008 1.0050000000000001 1.0050000000000001 1.1002500000000002 4.3526000000000016 4.7001500000000007
decision_type=2 2 2 9 2 2 2 2 2 2 2 2 2 2 2 2 2 2 2 2 2 2 2 2 2 2 2 2 2 2
left_child=3 2 -2 4 5 -1 7 8 9 26 15 13 20 -12 22 16 -11 18 -18 -20 -13 -22 -15 -24 -14 -19 -5 -28 -29 -30
right_child=1 -3 -4 6 -6 -7 -8 -9 -10 10 11 12 24 14 -16 -17 17 25 19 -21 21 -23 23 -25 -26 -27 27 28 29 -31
leaf_value=-0.37798867802855657 38.400095112404578 -0.39732631945225061 -0.97179100847770528 -0.46966132988325893 0.07688727702568951 2.5417487726597541 -0.26770268391193752 11.828760431703998 -0.022091894186353635 -9.5981129950946737 -8.443066637640225 -449.45570992375838 -925.48888778405126 -313.76782145094228 -64.449515259026171 -0.91535388966171549 -1084.7562114762379 -127.34495062071285 -395.78653806944078 -1069.2941782735898 -147.61441876549824 -423.14617239371722 -74.337084021203509 -287.80889703546751 -690.29225629175198 -35.358809872106782 -4.4030079626595429 -3.688818471694193 -8.2331704120412077 -143.96273781737807
leaf_weight=26.88652212170139 0.90739004403892998 4.4729992102189966 0.94279101486232975 19.782860562046221 1150.6319050075069 12.175474067078694 173.47608137686734 1.4516829331748784 527.27582563205533 0.17119563733219118 0.023829553641977072 0.0020026447964483019 0.0017829369846253948 0.0038250937085912576 0.024043037689864377 0.20315848981306739 0.0012445766369637724 0.0039278858166653602 0.0017688536326540697 0.0011222880893910769 0.0044048561215113058 0.0017726466321910661 0.0060575867173611186 0.0053864552347135941 0.0013038900415267562 0.0099125537272017096 0.65746674485577461 0.068722434403801491 0.0061102273175825386 0.0093806939757207237
leaf_count=471 66 67 30 786 1117 238 4530 57 73946 122 36 66 79 56 61 24 54 57 52 61 93 71 43 59 57 103 438 175 44 87
internal_value=0.0369496 5.08453 18.3375 0.0202645 0.0910675 0.532082 -0.09614 -0.0437485 -0.0751841 -1.4088 -33.7064 -131.733 -430.512 -78.4192 -120.836 -15.1149 -30.3642 -228.13 -785.887 -657.23 -281.219 -226.679 -209.623 -174.814 -826.141 -61.4643 -0.674332 -6.13352 -19.6439 -90.4257
internal_weight=1919.21 6.32318 1.85018 1912.89 1189.69 39.062 723.195 549.719 548.267 20.9913 0.466739 0.0744087 0.011267 0.0631417 0.0393122 0.39233 0.189172 0.0179762 0.00413572 0.00289114 0.00818015 0.0061775 0.0152691 0.011444 0.00308683 0.0138404 20.5245 0.74168 0.0842134 0.0154909
internal_count=83146 163 96 82983 1826 709 81157 76627 76570 2624 1094 621 366 255 219 473 449 327 167 113 230 164 158 102 136 160 1530 744 306 131
cat_boundaries=0 1
cat_threshold=26
is_linear=0
shrinkage=0.05


Tree=10
num_leaves=31
num_cat=1
split_feature=8 1 3 11 1 1 0 0 0 0 1 1 0 1 1 0 0 0 6 0 0 0 0 1 1 0 1 5 0 0
split_gain=56299.5 7075.65 5301.76 18230.3 55876.9 54456.4 563706 12317.8 10243.7 10997.3 7956.57 5878.02 5719.64 5404.96 8769.29 4990.89 3076.57 1886.1 1568.31 14838.7 63421.6 162108 114534 15479 9999.89 9946.3 3949.88 2026.81 1609.65 12407.6
threshold=1.0000000180025095e-35 17.953850000000006 0 1.0000000180025095e-35 14.449450000000002 12.694800000000003 8.5626500000000014 7.1156500000000014 9.4417000000000026 10.3238 16.029050000000002 14.069300000000002 1.1002500000000002 15.817350000000001 16.151200000000003 1.8578500000000002 10.080150000000001 4.1110500000000014 1.0000000180025095e-35 11.397250000000001 7.6753500000000008 6.255300000000001 7.3795000000000011 14.449450000000002 13.836400000000001 11.219900000000001 15.477100000000002 1.0000000180025095e-35 8.6175500000000014 8.7969000000000026
decision_type=2 2 9 2 2 2 2 2 2 2 2 2 2 2 2 2 2 2 2 2 2 2 2 2 2 2 2 2 2 2
left_child=1 2 -1 13 5 -5 -7 10 -8 16 12 -11 -6 18 -15 -14 -10 -17 -4 20 21 23 -23 24 -20 28 27 -25 -22 -30
right_child=-2 -3 3 4 7 6 8 -9 9 11 -12 -13 15 14 -16 17 -18 -19 19 -21 25 22 -24 26 -26 -27 -28 -29 29 -31
leaf_value=0.080051274106722178 4.4288103470173983 1.1046560686019609 -0.084584962679910988 -1.0370465183662831 -22.221931480529253 -167.95052572100033 -26.371038242245522 -0.39775022063940685 -10.062034299041189 -15.456237889497448 -0.73034742466577329 -46.416815139552895 -0.69807008065889964 0.9987347515472349 -0.10490796368875595 -8.5303375844087341 -1.5391450450705426 -17.885341260229605 -30.411516948768277 -0.167599161433996 -6.7749586397361004 -321.15233481139649 -54.226392196887005 -20.631420380245398 -99.951592508471478 -0.1851908880604462 -26.516158378345153 -5.1092011854357295 -60.934249657240031 -9.6155656685227839
leaf_weight=1120.4102057646705 7.2678576995165249 14.910049710222209 641.56995196088451 0.72030214858546981 0.094264163985315008 0.059558968280764235 0.068361468972168882 11.959338685283806 0.13974140374780719 0.061267759130867308 0.29830768032228305 0.020446471984863865 0.13245191347960375 30.477607906072912 43.960351228456794 0.11208288735484824 0.43703024410029134 0.10375367276559545 0.013174582898926689 31.362646696961164 0.11772849263728319 0.0077856526770148085 0.008306206777888292 0.026723199586265428 0.0085083747882234561 1.5857226871673535 0.039673403690809628 0.098719247011814337 0.013122959251631983 0.11492922206117878
leaf_count=1630 163 72 76960 429 159 627 93 432 161 177 10 122 5 279 251 35 73 78 97 291 95 70 25 51 66 37 78 138 27 415
internal_value=0.0365367 0.019726 0.0111399 -0.0898422 -1.86537 -10.9693 -20.0666 -0.785316 -7.94875 -6.03622 -7.04159 -23.2032 -11.2958 -0.0573813 0.346964 -8.33859 -3.60409 -13.0273 -0.101974 -0.436025 -4.57414 -31.0984 -183.372 -17.9808 -57.699 -1.63582 -12.765 -8.41592 -10.995 -14.8748
internal_weight=1906.2 1898.93 1884.02 763.612 14.2069 1.50671 0.786406 12.7002 0.726847 0.658486 0.74086 0.0817142 0.442553 749.405 74.438 0.348288 0.576772 0.215837 674.967 33.397 2.03439 0.202891 0.0160919 0.186799 0.021683 1.8315 0.165116 0.125442 0.245781 0.128052
internal_count=83146 82983 82911 81281 2401 1682 1253 719 626 533 287 299 277 78880 530 118 234 113 78350 1390 1099 525 95 430 163 574 267 189 537 442
cat_boundaries=0 1
cat_threshold=24
is_linear=0
shrinkage=0.05


Tree=11
num_leaves=31
num_cat=0
split_feature=8 0 1 1 11 1 1 0 0 1 1 0 1 1 0 0 0 0 0 0 0 1 1 1 0 0 0 0 5 0
split_gain=320184 895738 16776.3 4873.71 29148.4 76276.8 503036 4.47798e+06 11145.7 39127.1 3221.56 2637.52 3002.71 4837.4 24750.3 61330.2 92636.8 2536.76 3340.98 2308.98 4826.75 2120.56 2062.55 2403.25 1907.45 14626.2 2319.4 9302 10816.3 14559.7
threshold=1.0000000180025095e-35 5.5256000000000007 17.953850000000006 14.792150000000001 1.0000000180025095e-35 14.449450000000002 13.262450000000001 10.027300000000002 10.231600000000002 14.367050000000003 12.694800000000003 8.6175500000000014 16.434000000000001 15.696850000000001 10.476950000000002 11.397250000000001 11.546750000000001 10.581100000000001 11.287150000000002 7.9489500000000008 7.2551000000000014 12.934450000000002 15.817350000000001 16.434000000000001 1.5717000000000001 1.7422500000000001 7.065900000000001 6.255300000000001 1.0000000180025095e-35 6.6820500000000012
decision_type=2 2 2 2 2 2 2 2 2 2 2 2 2 2 2 2 2 2 2 2 2 2 2 2 2 2 2 2 2 2
left_child=2 -2 3 4 21 6 10 -8 -9 -10 -6 22 13 -13 -15 17 -17 -16 -19 20 -7 24 -5 -24 -1 -26 27 -27 29 -29
right_child=1 -3 -4 11 5 19 7 8 9 -11 -12 12 -14 14 15 16 -18 18 -20 -21 -22 -23 23 -25 25 26 -28 28 -30 -31
leaf_value=-0.087416421632874955 -2.0386428923823305 90.900688962636366 2.6661778732624883 0.061810549637633272 -0.84983672662232912 -8.9501659306680246 -963.58150631064734 -4.8108452213203075 -86.387249412031181 -3.6427469093020814 -10.583606762320445 -0.16523250602743106 0.059854939494247951 -0.35409894722921748 -0.24901396103305162 -3.9076780570827929 -66.430192531950325 -9.7037066341000209 -1.1847722426233023 -0.37061216205047282 -0.3519659355785012 0.02189384480580794 0.33540229304710434 0.051988562606579664 -12.841695515015978 -0.65460435093378955 -0.24053878465148273 -37.096246776613022 -3.6497735877041926 -3.2052728617875923
leaf_weight=269.90478802859627 0.87917521338472815 0.36767074348817386 5.9757646937462132 494.22256471604209 0.88923539989337541 0.255723157107555 0.013647721409816932 0.084032525495243149 0.022004046367537645 0.040736775177319266 0.093989617408206105 80.170910420649932 190.29326449406796 8.1592135597605502 0.56065014123007084 0.13938966866683267 0.10303991276201097 0.22039328477858669 0.24088275183317606 4.145997459972361 0.45123570502755683 387.65403679815427 192.9137483081594 122.16789928607855 0.23452806050604991 6.7928164959460986 65.502269877464911 0.063384338288542119 0.45834573371282866 0.063376000699367552
leaf_count=64129 83 80 72 866 453 120 731 58 278 29 242 997 136 156 7 20 244 77 16 162 8 1007 273 154 315 8467 3156 148 501 161
internal_value=0.0385025 25.3674 0.0212623 0.0126059 -0.0867243 -3.55848 -15.1749 -97.2704 -16.7165 -32.6624 -1.78032 0.0797875 -0.0525186 -0.291193 -1.3628 -7.87222 -30.4816 -2.50863 -5.25504 -0.820972 -3.46213 -0.0582317 0.125544 0.225513 -0.148783 -0.375321 -0.335204 -1.17566 -7.22487 -20.1519
internal_weight=1833.08 1.24685 1831.84 1825.86 736.67 5.9966 1.14365 0.160421 0.146773 0.0627408 0.983225 1089.19 279.888 89.5945 9.42357 1.26436 0.24243 1.02193 0.461276 4.85296 0.706959 730.674 809.304 315.082 343.02 73.1147 72.8802 7.37792 0.585106 0.12676
internal_count=83146 163 82983 82911 79965 2081 1791 1096 365 307 695 2946 1653 1517 520 364 264 100 93 290 128 77884 1293 427 76877 12748 12433 9277 810 309
is_linear=0
shrinkage=0.05


Tree=12
num_leaves=31
num_cat=0
split_feature=1 1 4 1 0 1 1 2 1 1 2 2 0 2 5 1 0 1 2 2 2 0 1 1 1 1 2 0 2 2
split_gain=102073 4856.68 3324.11 8618.42 15053.3 20456.5 167664 1.42922e+06 2.3796e+06 4.06019e+06 8223.77 32832.4 60682.6 6150.75 15511.8 27030.9 72450.1 81910.9 5776.84 4207.42 70907 174554 4739.26 44379.4 3922.95 2857.34 2932.48 1878.87 34451 63504
threshold=17.953850000000006 12.934450000000002 1.0000000180025095e-35 16.434000000000001 7.0194500000000009 13.356150000000001 15.154500000000002 9.5750000000000011 14.320600000000001 14.275750000000002 0.74500000000000011 0.21500000000000002 12.018950000000002 2.2650000000000001 1.0000000180025095e-35 15.114450000000001 12.323050000000002 14.717500000000003 8.1250000000000018 7.7750000000000012 6.1150000000000011 5.8358000000000008 15.477100000000002 16.151200000000003 14.959550000000002 16.577300000000005 1.9550000000000003 10.969800000000001 2.7150000000000003 1.5650000000000002
decision_type=2 2 2 2 2 2 2 2 2 2 2 2 2 2 2 2 2 2 2 2 2 2 2 2 2 2 2 2 2 2
left_child=1 -1 3 4 5 -3 7 8 9 -7 11 -4 -13 14 -12 16 17 -16 -8 20 22 -22 -15 -24 -9 26 -17 28 29 -6
right_child=-2 2 10 -5 27 6 18 24 -10 -11 13 12 -14 19 15 25 -18 -19 -20 -21 21 -23 23 -25 -26 -27 -28 -29 -30 -31
leaf_value=-0.15326570464914713 16.521934483221298 -0.26850723122560399 -0.050462568735023611 0.070136162919426093 -33.504067183263317 -3434.4849350591753 -5.3650305781198675 -14.528776232797506 -199.42608075013956 -117.59392889693628 -0.36567493393387362 8.0742299674972493 -0.067617902411071004 0.05896208489093966 -110.79963491950051 -8.4020267419259067 -0.9171476050077092 -13.533925110668958 -0.69433129070578226 0.043471801534968116 17.920990703400772 -0.53334705476880717 -0.15223011191915159 7.75806169572488 -2.071949090952891 -0.11299515222646628 -2.4187553683080338 -0.15009392549370359 -0.24692503896164705 -2.8598683955376645
leaf_weight=330.19103507982777 0.93756873753136361 3.9175805791451124 26.989537413251476 191.61550594803072 0.22122422939398678 0.0016305440494187818 0.96069082217763302 0.10285377025803999 0.022811927644659197 0.0021250545978546177 18.502880461999421 3.973354603636535 5.3971403581060216 170.68884205714104 0.03927853385797142 0.31764856548636533 0.16502798689180054 0.048215115611437875 2.129345634012056 948.360516256285 1.9511511240335844 3.7327188499030379 12.048450435666743 2.0790801636486043 0.16394831983402736 0.61318944091908634 0.57635327639329648 43.744421392078046 17.229562313083505 0.71699645498761366
leaf_count=77457 75 72 93 103 207 200 178 113 151 6 209 100 32 738 116 100 11 22 115 1310 68 151 203 82 23 5 44 558 526 78
internal_value=0.0285242 0.0198683 0.0591231 -0.102601 -0.58082 -2.7281 -5.57601 -41.6993 -391.428 -1557.67 0.0944078 0.834842 3.38476 0.0711815 -0.792308 -5.27824 -20.4178 -57.1994 -2.14645 0.0865447 0.300973 5.80163 0.131805 1.01189 -6.87413 -2.74168 -4.54468 -0.327603 -0.755009 -10.0855
internal_weight=1787.44 1786.5 1456.31 260.829 69.2132 7.30099 3.38341 0.29337 0.0265675 0.0037556 1195.48 36.36 9.37049 1159.12 20.2626 1.75971 0.252522 0.0874936 3.09004 1138.86 190.5 5.68387 184.816 14.1275 0.266802 1.50719 0.894002 61.9122 18.1678 0.938221
internal_count=83146 83071 5614 2330 2227 858 786 493 357 206 3284 225 132 3059 507 298 149 138 293 2552 1242 219 1023 285 136 149 144 1369 811 285
is_linear=0
shrinkage=0.05


Tree=13
num_leaves=31
num_cat=1
split_feature=8 6 0 0 5 4 0 0 0 0 4 5 0 3 6 11 0 0 0 0 5 0 0 0 4 0 0 0 0 0
split_gain=311602 701922 3722.33 63944.1 261576 264909 2758.43 5265.83 17827 14363.2 3927.82 7025.8 3247.39 2668.99 16167.1 8299.53 14395.9 1868.75 6805.07 14182 7384.96 114204 211847 498617 10296 4028.18 7336.23 2847.2 6161.11 2622.81
threshold=1.0000000180025095e-35 1.0000000180025095e-35 8.6175500000000014 8.2135000000000016 1.0000000180025095e-35 1.0000000180025095e-35 10.969800000000001 10.618350000000001 10.660200000000001 10.913500000000001 1.0000000180025095e-35 1.0000000180025095e-35 10.8573 0 1.0000000180025095e-35 1.0000000180025095e-35 6.908850000000001 1.0000000180025095e-35 5.151250000000001 1.5717000000000001 1.0000000180025095e-35 2.0028500000000005 1.9466000000000003 1.7926000000000004 1.0000000180025095e-35 3.0450000000000004 4.2961 3.3678000000000003 3.8071500000000005 4.6497500000000009
decision_type=2 2 2 2 2 2 2 2 2 2 2 2 2 9 2 2 2 2 2 2 2 2 2 2 2 2 2 2 2 2
left_child=2 -2 3 13 5 -5 7 -4 -9 10 11 -10 -12 17 15 -15 -17 -1 19 -19 21 22 23 -21 -23 -26 27 -27 -29 -22
right_child=1 -3 6 4 -6 -7 -8 8 9 -11 12 -13 -14 14 -16 16 -18 18 -20 20 29 24 -24 -25 25 26 -28 28 -30 -31
leaf_value=0.098281504935871788 74.949065943914917 -2.7038209862509852 -0.36784222537356409 -0.65805374741033218 -0.64788021134301588 42.726884078558761 -0.046508695476662198 -0.79540763173133344 -18.148525472411585 -3.4531437958750546 -33.954438496430512 -70.831742411550081 -11.519810091494818 -0.10800963972177674 -11.076407461527841 -16.123439919971915 -0.65117530771609156 -0.25182346262980104 -0.0094807684460601321 -1133.7877301470085 -3.8000736083270787 -0.97988338608055148 -6.9919767562114545 -0.050004977238235715 -0.050004299631318444 -34.203596113925748 -11.332027912789245 -183.79837992938783 -68.291074380145744 -12.75813501977404
leaf_weight=1190.9789651130452 0.4505039449774102 0.82201152239542985 50.5489741553424 0.62235485936653201 4.5282879885734761 0.80951146486965442 374.34428503585377 0.76098025497906663 0.01104388597297707 0.085571608585687908 0.04266388207390414 0.014821200823640419 0.025935724753021298 134.41902407762592 0.33853337383032922 0.22108319403046461 0.46981991154656999 5.4429811692505874 198.3691701531688 0.0016317707042233787 1.6580923468949889 0.15703900823741301 0.0072027171645459021 0.0023905676507330054 0.0036883743076703375 0.001463974869115715 0.0044318296928307693 0.0019047787345552918 0.0029307656188291946 0.085946209692767783
leaf_count=7385 96 67 2278 61 251 63 2646 60 41 60 114 118 31 63813 174 248 37 474 2639 62 1001 586 13 38 160 53 179 80 120 198
internal_value=0.0531451 24.7873 0.037119 0.0733379 5.24224 23.8698 -0.0937048 -0.436832 -4.14278 -18.2915 -31.733 -48.337 -25.4725 0.0532308 -0.152211 -0.136105 -5.60217 0.0737158 -0.0649071 -1.55681 -5.24339 -14.8079 -169.314 -459.981 -4.69267 -45.1271 -60.6201 -95.2951 -113.791 -4.24153
internal_weight=1965.23 1.27252 1963.96 1538.13 5.96015 1.43187 425.834 51.49 0.941017 0.180036 0.0944647 0.0258651 0.0685996 1532.17 135.448 135.11 0.690903 1396.72 205.739 7.3697 1.92672 0.182684 0.0112251 0.00402234 0.171459 0.0144197 0.0107313 0.00629952 0.00483554 1.74404
internal_count=83146 163 82983 77635 375 124 5348 2702 424 364 304 159 145 77260 64272 64098 285 12988 5603 2964 2490 1291 113 100 1178 592 432 253 200 1199
cat_boundaries=0 1
cat_threshold=284
is_linear=0
shrinkage=0.05


Tree=14
num_leaves=31
num_cat=0
split_feature=8 1 2 1 2 0 1 2 1 0 0 2 0 1 1 0 0 0 0 2 0 0 0 0 0 0 2 2 2 2
split_gain=39019 25903 104818 4860.03 3988.53 10506.4 4868.71 4167.58 6414.97 2576.96 2021.8 2594.64 4961.54 1876.3 2521.54 4452.55 8522.98 27159.8 880.379 10094.5 10507.3 4015.96 2815.96 2666.9 4303.64 13651.9 38557.9 60115.8 7043.49 14464.2
threshold=1.0000000180025095e-35 17.203200000000006 2.5050000000000003 12.934450000000002 2.2650000000000001 8.5626500000000014 15.817350000000001 2.6050000000000004 15.730650000000002 10.969800000000001 7.7974000000000006 7.3850000000000007 0.21105000000000004 16.434000000000001 15.817350000000001 10.526600000000002 10.913500000000001 11.397250000000001 1.5717000000000001 0.41500000000000004 11.762650000000002 3.6060500000000002 3.1540000000000004 9.6184500000000011 1.7926000000000004 1.7587500000000003 7.8350000000000009 8.0250000000000004 7.4450000000000012 7.3850000000000007
decision_type=2 2 2 2 2 2 2 2 2 2 2 2 2 2 2 2 2 2 2 2 2 2 2 2 2 2 2 2 2 2
left_child=1 3 -3 18 5 -5 9 8 -6 -7 11 12 -9 14 -12 -16 -17 -18 -1 20 21 22 -20 24 25 26 28 -28 29 -21
right_child=-2 2 -4 4 7 6 -8 10 -10 -11 13 -13 -14 -15 15 16 17 -19 19 23 -22 -23 -24 -25 -26 -27 27 -29 -30 -31
leaf_value=-0.093621385484544184 3.1780153120505745 20.367083896104941 -1.2401222115337314 -1.0788973567387301 -0.089156837681222012 -0.82915721202772275 0.74832968217874107 0.69407101167126284 1.6569193323352509 -0.011851986226317664 -0.14650417957909387 0.083199308989895332 0.088279816580667206 0.065898306861355296 -0.55607533989664548 -0.86231828498534002 -2.4126269871082897 -34.542708778707855 -30.616145027268445 -177.16700873503777 -3.028008151269606 -18.446037857023079 -90.197987004634498 -0.13060186394449905 -0.8472120290529509 -0.050325350784413241 -42.220570073521976 -466.83818242467646 -6.7621382551943032 -0.050019773338811559
leaf_weight=226.52629706213415 9.9797513235212119 0.78309417395076653 1.981523941612513 26.86679883407183 10.441414201133169 11.523404887505867 19.443175376795125 52.895486956507625 10.600881345855557 59.149582598438066 107.89782200736413 1117.2707203909567 93.624188586357491 170.91598708831594 3.9201970356940676 0.62672923337959208 0.25662990855026202 0.088438421493402308 0.0049073971455385742 0.0019760950208644722 0.2759994011035013 0.10600168721221784 0.0033278631338512091 71.397048185045747 11.72254103877685 0.082604535668541063 0.0023713230983570836 0.0012853796357908572 0.022347638598280289 0.0027663840594769834
leaf_count=64292 163 61 83 720 80 286 139 315 30 309 1960 960 253 80 102 17 36 131 103 93 31 380 28 1686 10313 187 82 52 160 14
internal_value=0.0593672 0.0437934 4.88024 0.0370934 0.070564 -0.211077 0.0476513 0.091569 0.790497 -0.145116 0.0820653 0.109143 0.306978 -0.0385569 -0.196843 -1.30712 -4.3368 -10.6473 -0.144804 -0.283453 -8.30638 -21.0591 -54.6931 -0.245837 -0.940966 -10.6368 -39.0784 -191.479 -18.5069 -73.8511
internal_weight=2008.42 1998.44 2.76462 1995.67 1685.52 116.983 90.1162 1568.54 21.0423 70.673 1547.5 1263.79 146.52 283.706 112.79 4.89199 0.971798 0.345068 310.149 83.6232 0.390236 0.114237 0.00823526 83.2329 11.8359 0.113351 0.0307468 0.0036567 0.0270901 0.00474248
internal_count=83146 82983 144 82839 5418 1454 734 3964 110 595 3854 1528 568 2326 2246 286 184 167 77421 13129 542 511 131 12587 10901 588 401 134 267 107
is_linear=0
shrinkage=0.05


Tree=15
num_leaves=31
num_cat=1
split_feature=1 2 1 0 0 2 2 2 2 2 2 2 0 1 1 3 1 0 6 2 1 0 0 2 2 2 0 0 2 0
split_gain=49205.5 204631 5545.42 2624.42 6683.17 192213 8539.95 18424.2 70543.9 177916 8324.45 6081.97 17610.6 4412.31 1314.52 1287.25 10275.6 18817.8 41302.9 3190.88 709.13 1479.93 622.316 3750.59 6808.87 17308.8 616.313 6905.78 103511 198046
threshold=17.203200000000006 5.455000000000001 12.934450000000002 10.176900000000002 8.5626500000000014 0.74500000000000011 3.3250000000000006 2.8950000000000005 2.7150000000000003 2.6050000000000004 2.2650000000000001 8.0350000000000019 1.0000000180025095e-35 13.589700000000002 13.692350000000001 0 15.546550000000002 10.581100000000001 1.0000000180025095e-35 1.9550000000000003 9.9039000000000019 0.25075000000000008 10.913500000000001 3.4750000000000005 3.3250000000000006 3.2850000000000006 1.5717000000000001 8.5626500000000014 1.1050000000000002 6.6820500000000012
decision_type=2 2 2 2 2 2 2 2 2 2 2 2 2 2 2 9 2 2 2 2 2 2 2 2 2 2 2 2 2 2
left_child=2 -2 20 4 10 -6 7 8 9 -7 -4 12 13 -12 -14 -5 22 -18 -19 -20 26 -22 23 24 25 -17 -1 28 29 -28
right_child=1 -3 3 15 5 6 -8 -9 -10 -11 11 -13 14 -15 -16 16 17 18 19 -21 21 -23 -24 -25 -26 -27 27 -29 -30 -31
leaf_value=-0.077681479355683841 40.947154875731677 -2.1462895044392174 -0.47390988133682987 0.026870756592811275 15.176263820105781 -148.72350464107933 -0.19768636979554058 -0.41883008475326799 -0.072151932044671421 -0.90776283193880014 0.022939135458143634 0.081114690816894167 0.29647384046897179 1.5389507507467481 0.027206356628240898 -25.218066737878161 -0.2723788130758657 -30.430579017130164 -8.7258291661417946 -1.0565511057071848 -1.3801184912150859 -0.25192622649383906 -0.082633058136517057 -0.11777916590005988 -0.16796665563955324 -0.054017825996347073 -503.11593564158704 -0.1445195761370055 -2.0639339497003593 -29.478431837035398
leaf_weight=206.97384093267101 0.37655007673906715 1.0263319897669128 59.221349527346547 254.79798031074233 2.1639943122863903 0.031255396568846794 22.144260503931289 0.72014754781076196 0.22729823924601078 0.05838141829391208 5.5869604094127103 1013.2034144784728 90.695061222508684 34.054513771742251 90.605542119031412 0.11288429756480312 1.5896084600945108 0.18442198906715024 0.19907264474936098 0.4255429927233349 3.2855730873945737 25.214062313160323 85.031392080169624 4.8326779096114194 0.46179961878806353 0.17315932012206758 0.0029817167544118868 62.071637315510102 2.7995326793300488 0.0084952119117222592
leaf_count=63920 70 80 780 491 78 136 581 44 7 7 57 929 63 334 393 103 33 189 44 126 364 741 835 287 16 6 645 2059 9607 121
internal_value=0.0597278 9.4205 0.0530512 0.0886931 0.120917 0.924995 -0.405371 -4.83995 -14.8857 -52.4495 0.10516 0.132947 0.370641 1.32529 0.161907 -0.0334829 -0.182127 -3.43182 -9.63954 -3.50084 -0.144708 -0.38199 -0.116201 -0.627689 -3.92281 -9.98476 -0.119832 -0.254293 -2.67826 -152.53
internal_weight=1968.28 1.40288 1966.88 1666.52 1318.71 25.3453 23.1813 1.03708 0.316935 0.0896368 1293.37 1234.15 220.942 39.6415 181.301 347.809 93.0106 2.39865 0.809038 0.624616 300.356 28.4996 90.6119 5.58052 0.747843 0.286044 271.856 64.8826 2.81101 0.0114769
internal_count=83146 150 82996 5539 3409 853 775 194 150 143 2556 1776 847 391 456 2130 1639 392 359 170 77457 1105 1247 412 125 109 76352 12432 10373 766
cat_boundaries=0 1
cat_threshold=144
is_linear=0
shrinkage=0.05


Tree=16
num_leaves=31
num_cat=3
split_feature=8 2 3 11 2 2 2 2 2 5 2 5 6 2 2 2 3 4 2 4 6 2 4 2 3 2 6 2 4 11
split_gain=315775 66653.6 3235.67 41719.5 964943 1.10185e+07 6015.97 23507 73325 5982.98 48195.8 1473.41 13666.4 132016 4839.8 6680.68 3310.05 78440.3 1590.02 6386.49 7033.5 1314.96 1012.9 630.248 625.472 529.188 3050.43 568.334 435.293 274.818
threshold=1.0000000180025095e-35 2.4050000000000007 0 1.0000000180025095e-35 2.7150000000000003 2.4050000000000007 7.3750000000000009 1.1050000000000002 2.4050000000000007 1.0000000180025095e-35 4.3750000000000009 1.0000000180025095e-35 1.0000000180025095e-35 0.74500000000000011 7.3550000000000013 2.6050000000000004 1 1.0000000180025095e-35 2.5050000000000003 1.0000000180025095e-35 1.0000000180025095e-35 10.655000000000003 1.0000000180025095e-35 3.2450000000000006 2 0.31500000000000006 1.0000000180025095e-35 1.9550000000000003 1.0000000180025095e-35 1.0000000180025095e-35
decision_type=2 2 9 2 2 2 2 2 2 2 2 2 2 2 2 2 9 2 2 2 2 2 2 2 9 2 2 2 2 2
left_child=2 -2 6 11 5 -5 7 28 -9 -10 -11 12 16 -14 15 -15 17 -4 19 25 -21 -18 -23 -20 -25 -13 27 -27 -1 -8
right_child=1 -3 3 4 -6 -7 29 8 9 10 -12 18 13 14 -16 -17 21 -19 23 20 -22 22 -24 24 -26 26 -28 -29 -30 -31
leaf_value=-0.27221387380776407 17.925176012384195 43.53074505838881 12.587656757047792 -1408.0839438728553 -0.54965789865125825 -0.36270799807007564 0.049445938162106219 5.431012158027988 0.0038615350657717805 -0.11775068108029021 8.4703759316036678 -0.076802893733097968 22.84433120848621 -13.294132588071193 -0.31838955462157931 -1.0044037511731216 -0.071390309979020114 -0.20216445100090624 0.075349166863441328 -2.6882755957623328 -14.827280398270368 0.15380374891966264 -0.28280059707789651 -0.017528023970710838 -0.15743320185212439 -2.2856976038219536 -5.7403370604378576 -0.099788447802351077 0.0062451859014847344 0.11300783942465356
leaf_weight=17.110834090024937 0.86819287416613267 0.3593473511032883 1.3379816452538662 0.015161902498585345 5.5401863271773193 0.16708301159908395 682.50937569249902 8.8244747026161061 28.359830623374805 9.5174661637532392 1.9721297502554254 7.0400814451836355 0.6935832634042195 0.18140093464648832 2.9990540071777736 0.28323888730745295 204.68226134841274 11.525204027072311 100.88872036679436 0.60085037927406626 0.14890044525457602 155.94999622324912 14.520942348946901 252.22543253788126 113.76855452609675 0.3374210008393711 0.29027644384956897 2.5044256656950585 78.062948180845211 226.48777668581499
leaf_count=267 100 63 162 821 1542 37 643 238 158 155 80 101 49 74 166 91 66254 296 232 271 82 838 2208 1679 5686 425 49 94 204 81
internal_value=0.0694294 25.4209 0.0532929 -0.01808 -4.27354 -117.478 0.111767 0.413278 1.30705 0.39382 1.35636 0.00970318 0.0815262 2.93306 -1.05405 -5.80246 0.0509744 0.634735 -0.0492479 -0.645597 -5.09908 0.0136746 0.116613 -0.0352973 -0.0657977 -0.317349 -0.858025 -0.359328 -0.0438176 0.0652832
internal_weight=1929.77 1.22754 1928.55 875.701 5.72243 0.182245 1052.84 143.848 48.6739 39.8494 11.4896 869.978 392.174 4.15728 3.46369 0.46464 388.016 12.8632 477.805 10.922 0.749751 375.153 170.471 466.883 365.994 10.1722 3.13212 2.84185 95.1738 908.997
internal_count=83146 163 82983 81157 2400 858 1826 1102 631 393 235 78757 70138 380 331 165 69758 458 8619 1022 353 69300 3046 7597 7365 669 568 519 471 724
cat_boundaries=0 1 2 3
cat_threshold=26 256 256
is_linear=0
shrinkage=0.05


Tree=17
num_leaves=31
num_cat=1
split_feature=1 0 0 0 1 0 1 0 2 2 0 1 1 2 2 2 1 0 4 1 2 2 2 2 0 0 3 0 2 0
split_gain=5649.09 2971.47 5410.54 107349 322784 25235.1 138510 347706 6449.03 7006.78 59346.6 36791.4 2321.06 15581.8 42234.8 1266.56 5097.24 10499 10528.7 1186.99 1162.92 2017.16 1375.01 511.454 741.281 773.92 499.963 2334.57 2590.7 6705.44
threshold=12.934450000000002 10.176900000000002 8.2135000000000016 8.6175500000000014 15.730650000000002 9.8891500000000025 14.717500000000003 10.129600000000002 2.2650000000000001 8.0350000000000019 1.0000000180025095e-35 13.589700000000002 15.238200000000001 6.4050000000000011 3.3850000000000002 10.015000000000002 15.512300000000002 11.762650000000002 1.0000000180025095e-35 13.692350000000001 10.225000000000003 9.3250000000000011 3.6550000000000007 7.7650000000000006 7.1715000000000009 5.7690500000000009 0 12.018950000000002 2.6050000000000004 11.069350000000002
decision_type=2 2 2 2 2 2 2 2 2 2 2 2 2 2 2 2 2 2 2 2 2 2 2 2 2 2 9 2 2 2
left_child=-1 2 8 4 20 12 7 -7 -2 10 11 -10 13 14 -5 26 -17 -18 -19 -12 21 22 -4 24 25 -21 27 28 29 -3
right_child=1 15 3 5 -6 6 -8 -9 9 -11 19 -13 -14 -15 -16 16 17 18 -20 23 -22 -23 -24 -25 -26 -27 -28 -29 -30 -31
leaf_value=-0.14227754692986483 -0.34913823310652264 -14.907684747819923 -8.0628291026112677 -30.047060987536923 31.482552465977978 -0.80314189779865819 -0.45399534768268102 72.860671973780072 0.0010112269889918802 0.076596551633112825 0.28465764180983255 5.2772774932435844 -0.00039181610923191281 -0.12659083145292618 -0.7313013422222725 -0.14654342147583874 -0.69080158535242486 -3.1682508137149901 -16.618738042874124 -0.73326494492136196 -0.33080848979062605 -0.35794487470419711 -2.1613215812603777 0.072367861543437537 -0.12606498013955511 -3.4951236254276568 0.030432966025187892 -0.061509004505301695 -0.75014436693443121 -1.8345009042005342
leaf_weight=300.00360588163585 74.38618241660879 0.12027412534158755 0.20611164695586026 0.1667227986501657 1.102789830504739 0.47848736771049682 3.1562223847226183 0.24081626035462922 5.0322201063828702 977.24462221450983 88.782704208259915 9.6201373546307778 65.549031302735969 5.0532036784767707 0.46698376379790818 43.988720853263345 2.1521482916221695 0.40273610132534621 0.22777733791104771 1.2325350393269754 1.5778716799338044 0.45626508818457423 0.18939841730986284 78.283545619735094 9.866107705071796 0.31937474318699721 257.83106826753306 45.558874109916168 2.8299671040483485 0.53167310927880773
leaf_count=77457 771 127 46 143 26 109 90 20 57 932 56 337 212 167 89 517 74 37 114 146 25 9 41 30 99 88 418 319 480 110
internal_value=0.057552 0.093299 0.127704 0.529915 9.04819 0.129307 4.0585 23.8588 0.102292 0.130984 0.406175 3.46519 -0.0844575 -1.05342 -8.44403 -0.0354508 -0.277826 -2.35316 -8.02733 0.155051 -1.13452 -2.62336 -5.23677 0.0267711 -0.285846 -1.30164 0.00149041 -0.130309 -1.40476 -4.2463
internal_weight=1977.06 1677.05 1323.41 78.6439 3.53244 75.1115 3.87553 0.719304 1244.77 1170.38 193.137 14.6524 71.2359 5.68691 0.633707 353.643 46.7714 2.78266 0.630513 178.484 2.42965 0.851775 0.39551 89.7016 11.418 1.55191 306.872 49.0408 3.48191 0.651947
internal_count=83146 5689 3493 977 147 830 219 129 2516 1745 813 394 611 399 232 2196 742 225 151 419 121 96 87 363 333 234 1454 1036 717 237
cat_boundaries=0 1
cat_threshold=780
is_linear=0
shrinkage=0.05


Tree=18
num_leaves=31
num_cat=1
split_feature=1 0 0 1 2 0 1 2 2 2 0 1 2 1 2 1 2 2 2 2 1 5 0 2 1 2 0 2 2 3
split_gain=5377.17 2880.94 5573.91 120262 345566 26134.8 110185 242338 5616.14 7462.34 11999.5 160136 1.42313e+06 2.5571e+06 226345 3894.23 31205.2 182250 549544 1091.09 4927.01 2789.37 22983.2 440.842 2407.86 10456.5 19537.3 42886 778.098 382.029
threshold=12.934450000000002 10.176900000000002 8.2135000000000016 15.817350000000001 6.0450000000000008 9.8318500000000011 14.792150000000001 4.4250000000000007 2.2650000000000001 8.0350000000000019 5.6553000000000013 15.317600000000001 3.9250000000000003 14.449450000000002 6.1150000000000011 15.114450000000001 7.3850000000000007 3.8750000000000004 3.4750000000000005 10.015000000000002 15.477100000000002 1.0000000180025095e-35 10.660200000000001 7.4250000000000007 15.658300000000002 0.21500000000000002 11.448250000000002 0.84500000000000008 1.2150000000000001 0
decision_type=2 2 2 2 2 2 2 2 2 2 2 2 2 2 2 2 2 2 2 2 2 2 2 2 2 2 2 2 2 9
left_child=-1 2 8 5 -5 15 7 -7 -2 10 11 12 -10 -14 -15 16 17 18 -4 23 -21 -22 -23 24 -3 -26 28 -28 -27 -11
right_child=1 19 3 4 -6 6 -8 -9 9 29 -12 -13 13 14 -16 -17 -18 -19 -20 20 21 22 -24 -25 25 26 27 -29 -30 -31
leaf_value=-0.14306571167288296 -0.29428774465218427 -0.0083511122960285445 -330.51722717327806 34.572883181151646 -0.89722166863002517 56.367394733730784 -0.29820005989288095 -0.40576672683284215 -0.13647727699586559 0.11348845599131702 0.043129391894267205 0.26899391736933381 282.21095555102391 -1.8672707293568729 62.390338773186642 0.0045589127720048394 -0.18910625213334564 -0.75104032422819456 -2.199136516249204 -0.12708671975840777 -1.1024924395215294 -0.12547778045233834 -17.596965526838623 0.05878379594096414 -0.034831620405904477 -0.51297649516361743 -4.1368918072656404 -43.033512311597121 -2.8825185909205424 0.046009507372228593
leaf_weight=283.84328815846698 83.550359989885237 136.3288008210865 0.01755095613704738 0.99059076183339234 2.238081113313636 0.29798019707550183 2.9443108650151451 0.5091047246201118 5.077544156306911 382.57925078432584 95.132831563404565 77.747925847062049 0.12411111526867058 0.26888851567182359 0.27949397631543771 64.356492957385555 4.2696734086461801 0.3687348231525267 0.046548676900409092 45.97675736096781 1.8663992505495242 0.77909277385072573 0.24819565697507506 159.73634111614632 7.5697952387733736 0.72468808999680678 0.25944041590897643 0.097495430179328213 0.66379825972853934 568.31913900389964
leaf_count=77457 771 895 170 66 67 92 66 63 139 229 232 148 186 65 43 199 147 81 26 508 63 13 158 205 37 19 36 172 90 703
internal_value=0.0578945 0.0926045 0.127308 0.542578 9.98538 0.12385 4.18825 20.5552 0.101278 0.130538 0.427054 0.864475 8.91615 77.2664 30.8829 -0.0969348 -1.48593 -14.2784 -92.0951 -0.033683 -0.253036 -2.2542 -4.34664 0.00142032 -0.0614936 -0.839237 -4.3279 -14.7613 -1.64579 0.074836
internal_weight=1927.21 1643.37 1289.12 76.0391 3.22867 72.8104 3.7514 0.807085 1213.08 1129.53 178.631 83.498 5.75004 0.672494 0.548382 69.059 4.70251 0.432834 0.0640996 354.251 48.8704 2.89369 1.02729 305.38 145.644 9.31522 1.74542 0.356936 1.38849 950.898
internal_count=83146 5689 3493 977 133 844 221 155 2516 1745 813 581 433 294 108 623 424 277 196 2196 742 234 171 1454 1249 354 317 208 109 932
cat_boundaries=0 1
cat_threshold=20
is_linear=0
shrinkage=0.05


Tree=19
num_leaves=31
num_cat=3
split_feature=1 3 2 0 0 2 4 0 0 2 1 1 0 0 1 1 2 0 3 1 0 0 0 0 0 0 3 1 5 2
split_gain=4591.55 2294.74 16543 96084.1 375276 2268.28 48865.3 26728.7 6313.15 3376.44 5368.89 24591.5 203131 185358 1.79074e+06 6.24281e+06 3573.31 1520.66 1505.5 1103.41 6757.29 16111.3 14508.5 83120.5 158609 347839 934.733 457.892 1485.95 407.312
threshold=12.934450000000002 0 1.7050000000000003 8.3575000000000017 5.5929000000000011 0.74500000000000011 1.0000000180025095e-35 12.323050000000002 12.018950000000002 2.1450000000000005 15.730650000000002 13.444400000000002 11.287150000000002 11.175250000000002 15.350350000000002 15.283200000000003 2.4050000000000007 5.1990000000000007 1 15.696850000000001 9.3225500000000014 9.770500000000002 10.027300000000002 10.176900000000002 10.3238 10.409250000000002 2 15.070250000000003 1.0000000180025095e-35 10.185
decision_type=2 9 2 2 2 2 2 2 2 2 2 2 2 2 2 2 2 2 9 2 2 2 2 2 2 2 9 2 2 2
left_child=-1 2 -2 4 -4 6 8 -8 -3 10 11 -7 13 14 15 -13 -11 26 29 -20 -21 -22 -23 -24 -25 -26 27 28 -18 -19
right_child=1 5 3 -5 -6 9 7 -9 -10 16 -12 12 -14 -15 -16 -17 17 18 19 20 21 22 23 24 25 -27 -28 -29 -30 -31
leaf_value=-0.14330710314801418 0.05641142205155171 -1.5851679320217167 -0.69016901220078442 -0.16695631476872083 35.026305488347582 -0.04105892109638741 6.3523053284055768 -0.31463703834103979 0.023953787209408162 0.66608014877716304 -0.021860076335566234 -1533.5272531909004 -0.41137711286116352 -0.14707926185668435 -11.35084353368352 -24.072776283437097 0.14025129333011951 0.049040334626724996 -0.14864019768489056 -0.20981627058578642 -0.45179932323868316 -1.5531019871142091 -2.1919974769641661 -3.6822203807010712 -0.050809218949601623 -352.76954172569253 0.049285333143182779 0.097805723854655552 0.48417485566534318 -0.16907624608533045
leaf_weight=269.56147442227166 100.32501511615446 7.9745207619923049 2.7669534413303083 14.36265889582395 1.0017006916964697 15.514024823126066 4.7585652008720771 2.1976704832654184 25.868899175557832 24.616731751385259 55.613793468634498 0.0089665523665959854 3.9116369136712992 0.22438487410545349 0.2441373734329701 0.029016364365816123 160.8049688060224 259.09407845215514 75.184889391818174 10.602859772889566 1.1010629994777636 0.2016951604332054 0.1882172152574193 0.041311128836511113 0.015672944831262067 0.012616275852262118 611.94409017357918 182.06721422374281 39.029216208176308 23.331152417567296
leaf_count=77457 88 377 170 274 56 58 164 40 72 93 185 331 119 9 79 17 41 579 1306 94 19 14 12 11 3 164 693 127 202 292
internal_value=0.0477908 0.0795292 0.283659 1.69752 8.8032 0.0611662 0.429295 4.24603 -0.355203 0.0513233 -0.274204 -0.978282 -4.26928 -34.0631 -61.0382 -380.407 0.069038 0.0582599 -0.0283029 -0.197507 -0.661942 -3.73377 -11.5979 -19.4561 -66.1426 -157.354 0.0904668 0.151205 0.207422 0.0299609
internal_weight=1892.6 1623.04 118.456 18.1313 3.76865 1504.58 40.7997 6.95624 33.8434 1463.78 75.546 19.9322 4.41814 0.506505 0.28212 0.0379829 1388.24 1363.62 369.774 87.3483 12.1634 1.56058 0.459513 0.257818 0.0696003 0.0282892 993.845 381.901 199.834 282.425
internal_count=83146 5689 588 500 226 5101 653 204 449 4448 798 613 555 436 427 348 3650 3557 2494 1623 317 223 204 190 178 167 1063 370 243 871
cat_boundaries=0 1 2 3
cat_threshold=514 20 20
is_linear=0
shrinkage=0.05


Tree=20
num_leaves=31
num_cat=2
split_feature=3 0 4 2 0 2 2 0 4 0 2 5 0 0 0 2 2 3 0 0 5 0 2 0 2 2 0 6 2 0
split_gain=2129.77 1774.46 11649.2 72892.2 1589.32 2483.53 1580.89 11144.8 43687 40605.4 3230.48 20932.9 118867 46393.5 221484 94031.2 15460.9 1805.92 17059.2 614670 3091.61 905.055 820.603 753.399 2528.17 6582.77 2016.69 2466 12172.3 36106.8
threshold=0 10.371450000000001 1.0000000180025095e-35 3.2850000000000006 5.9505500000000007 7.4250000000000007 0.74500000000000011 8.5626500000000014 1.0000000180025095e-35 13.71635 2.2650000000000001 1.0000000180025095e-35 11.175250000000002 1.6873000000000002 7.5786000000000007 1.1050000000000002 2.5050000000000003 1 5.7690500000000009 0.25075000000000008 1.0000000180025095e-35 11.287150000000002 2.5050000000000003 5.1990000000000007 3.7050000000000005 3.4750000000000005 11.219900000000001 1.0000000180025095e-35 6.9750000000000005 8.5626500000000014
decision_type=9 2 2 2 2 2 2 2 2 2 2 2 2 2 2 2 2 9 2 2 2 2 2 2 2 2 2 2 2 2
left_child=1 2 4 -4 22 -6 7 -2 -9 -10 11 -8 13 -13 -15 -16 -12 18 19 20 -18 -20 -1 -19 25 -25 27 -26 -29 -30
right_child=6 -3 3 -5 5 -7 10 8 9 -11 16 12 -14 14 15 -17 17 23 21 -21 -22 -23 -24 24 26 -27 -28 28 29 -31
leaf_value=-0.58422274799103091 -0.042188684512754281 -0.0064695765666047574 -29.311181805534531 -0.90846301167609766 -6.037594447604774 -0.57913937538406923 -0.065507406580973038 -0.078433854339127973 7.1689555536441096 -0.15685811467933145 2.4551497944192064 -11.139257388113634 -0.49845608772367261 -165.02127043546531 -7.6144333518783842 -88.991985937661909 0.010066369416820958 0.068984937789907053 -1.4441099186144279 90.936767154888855 -9.8357062063186618 -0.080969639752563966 -0.063279859406098621 0.044651900658955204 -0.27487464454608851 1.1733857409931712 -0.013924930599407899 -0.97310563634789249 -103.51133141271653 -8.8529539162356841
leaf_weight=9.3378672984365618 87.960299762442276 89.022053143206918 0.24985245442125892 2.3555591990645004 0.29375716388220896 0.71705208584448088 57.160194652011405 21.741814967077094 4.7675135952167187 3.1355778038270827 6.7338890892685859 0.2442290845385609 3.3687383550356955 0.031824018573405971 0.17685512357786073 0.044412183951465456 5.2466830167541225 1062.5800777791146 1.3268863985647836 0.1919294636291794 0.080960873215082496 14.795430819302714 39.693420699355556 88.804844876026976 65.378636326294725 15.115793573782325 285.13803196085757 1.272188802028525 0.011113959645123475 0.10768404993719442
leaf_count=278 841 315 481 342 208 266 799 226 105 29 287 167 150 454 93 202 2903 9112 304 164 126 191 59134 406 3340 125 1419 168 168 343
internal_value=0.0477907 -0.133154 -0.372657 -3.63221 -0.20295 -2.16545 0.0630538 0.240381 1.0788 4.26241 0.0504752 -0.306339 -3.86707 -26.6853 -41.687 -23.9483 0.0645528 0.0540999 0.429677 3.0274 -0.139554 -0.193158 -0.162492 0.0456166 -0.00785649 0.208832 -0.071846 -0.319197 -2.40241 -17.7086
internal_weight=1867.09 141.67 52.6475 2.60541 50.0421 1.01081 1725.42 117.605 29.6449 7.90309 1607.81 61.0263 3.86606 0.49732 0.253091 0.221267 1546.78 1540.05 21.6419 5.51957 5.32764 16.1223 49.0313 1518.41 455.828 103.921 351.908 66.7696 1.39099 0.118798
internal_count=83146 61024 60709 823 59886 474 22122 1201 360 134 20921 1865 1066 916 749 295 19056 18769 3688 3193 3029 495 59412 15081 5969 531 5438 4019 679 511
cat_boundaries=0 1 2
cat_threshold=1152 512
is_linear=0
shrinkage=0.05


Tree=21
num_leaves=31
num_cat=3
split_feature=1 3 2 4 2 1 3 1 5 2 2 2 2 6 2 4 5 2 2 2 2 2 3 6 1 1 2 2 2 2
split_gain=5357.57 1702.12 2127.15 2830.16 6436.2 4710.16 3769.9 35844.9 179144 385959 444896 3210.22 71515.8 400031 1652.41 3509.73 8516.34 4122.62 1757.34 1648.25 6568.36 1056.74 953.776 915.296 862.243 785.838 743.785 1858.03 4159.77 688.54
threshold=12.934450000000002 0 8.0050000000000008 1.0000000180025095e-35 7.4250000000000007 15.817350000000001 1 15.070250000000003 1.0000000180025095e-35 7.3650000000000011 3.0050000000000003 1.0000000180025095e-35 1.7050000000000003 1.0000000180025095e-35 3.0750000000000006 1.0000000180025095e-35 1.0000000180025095e-35 2.8950000000000005 1.0000000180025095e-35 1.5650000000000002 1.9550000000000003 7.7950000000000008 2 1.0000000180025095e-35 14.792150000000001 9.1236000000000015 3.9250000000000003 0.41500000000000004 3.0050000000000003 2.5050000000000003
decision_type=2 9 2 2 2 2 9 2 2 2 2 2 2 2 2 2 2 2 2 2 2 2 9 2 2 2 2 2 2 2
left_child=14 23 3 4 11 6 7 8 -5 10 -10 -3 13 -13 15 17 18 29 -17 -20 -21 -6 -4 -2 -14 -19 27 -9 -29 -1
right_child=1 2 22 5 21 -7 -8 26 9 -11 -12 12 24 -15 -16 16 -18 25 19 20 -22 -23 -24 -25 -26 -27 -28 28 -30 -31
leaf_value=-0.14093841712104363 -0.087786883230818236 -0.12687464362559928 0.071062104493714154 -0.15509994926521267 0.061026795301227801 0.57732158701191716 -0.0048286524908813253 -0.051873566676079334 76.945997562812607 79.690256378610385 -1.0590224933445733 -118.9288279178448 -0.15962052312455921 -2.9178627689428942 -0.14360332396533013 -11.35888918020807 -0.74952413337638069 -8.8303076366016722 -0.72643387403750981 -0.05019833200560167 -106.38873070998602 0.33516436236779118 -0.064337933621488083 -0.64243527905444142 -0.93387823668241077 -0.05159529534661942 -0.017770072960196164 -7.5679265890614618 -0.70979088241638555 -1.5578973226654336
leaf_weight=8.6344268354466482 82.478533290627141 22.354547692624028 887.05854653803783 7.2252592212252456 76.875103700540635 90.545908835441594 143.7996448849814 2.9327460648491708 0.20964124117482597 0.21843797636178175 1.427170635096958 0.084122841744029064 12.393256714604329 0.63689317293235681 235.1056327786589 0.2932927412894169 1.0279119153214731 0.17084669222639168 0.074017307481730313 0.0063721011236748445 0.0018807835329692855 64.773079749623847 146.08692957756432 8.1754604831349535 5.0655657859895902 0.029963361104357517 33.592067348738652 0.29290608384156014 0.90196260780899251 0.95185660344265421
leaf_count=1543 407 117 621 82 91 367 636 11 66 35 270 374 318 54 73787 109 330 452 545 104 125 47 1401 163 283 4 178 98 70 458
internal_value=0.0451116 0.0787818 0.0912923 0.180919 0.0274066 0.280395 0.139338 0.48064 3.4036 17.2629 8.93178 -0.528146 -1.02156 -16.4532 -0.171858 -0.765475 -3.1038 -0.430158 -9.54743 -3.08961 -24.2841 0.186385 0.0519816 -0.124116 -0.384266 -7.52041 -0.095599 -0.728999 -2.39097 -0.281633
internal_weight=1833.42 1587.13 1496.47 463.328 182.183 281.146 190.6 46.8002 9.08051 1.85525 1.63681 40.5344 18.1798 0.721016 246.296 11.1906 1.40347 9.78709 0.375563 0.0822702 0.00825288 141.648 1033.15 90.654 17.4588 0.20081 37.7197 4.12761 1.19487 9.58628
internal_count=83146 5689 5119 3097 1284 1813 1446 810 453 371 336 1146 1029 428 77457 3670 1213 2457 883 774 229 138 2022 570 601 456 357 179 168 2001
cat_boundaries=0 1 2 3
cat_threshold=128 272 28
is_linear=0
shrinkage=0.05


Tree=22
num_leaves=31
num_cat=3
split_feature=1 3 2 4 1 2 2 2 1 6 2 1 1 2 2 2 2 1 1 2 3 2 4 2 2 3 1 2 1 2
split_gain=3315.21 1525.79 2022.57 2502.9 5859.73 5696.94 2952.98 28163.1 118749 271468 733609 2842.49 5154.32 36688.5 19878.8 2804.52 61987.2 129625 1383.4 1346.75 1317.57 1279.12 2830.82 9215.55 3201.46 883.637 830.918 709.046 990.406 636.236
threshold=12.934450000000002 0 8.0050000000000008 1.0000000180025095e-35 15.817350000000001 7.4250000000000007 5.0550000000000006 5.8250000000000011 15.070250000000003 1.0000000180025095e-35 7.3650000000000011 13.262450000000001 14.880550000000001 2.8150000000000004 1.0050000000000001 1.0000000180025095e-35 1.9550000000000003 15.546550000000002 13.692350000000001 7.7950000000000008 1 3.0750000000000006 1.0000000180025095e-35 0.41500000000000004 2.8950000000000005 2 14.959550000000002 2.5050000000000003 9.6164500000000022 10.615
decision_type=2 9 2 2 2 2 2 2 2 2 2 2 2 2 2 2 2 2 2 2 9 2 2 2 2 9 2 2 2 2
left_child=20 -2 3 5 6 15 11 -8 9 10 -9 -5 13 14 -13 -3 17 -17 -15 -7 -1 22 24 -24 27 -4 -18 -22 -29 -27
right_child=1 2 25 4 -6 19 7 8 -10 -11 -12 12 -14 18 -16 16 26 -19 -20 -21 21 -23 23 -25 -26 29 -28 28 -30 -31
leaf_value=0.062605365424205736 -0.10401829698107803 -0.10702004939843442 0.069440713505865045 0.29105584023839465 0.63608511147143632 0.059425238719595479 0.0079487759038148614 -1.5436294334822969 -0.50960721739014248 -0.95540221997195374 170.82535710217155 -6.6077735533615485 -0.016658801270170543 0.020763977259688218 -26.006915424670296 -43.723431982858415 -0.099814933072655931 -2.1262307349649672 -2.2134010105105228 0.3879034515139167 -0.12567608974475594 -0.14113873326523302 -12.371663719687096 -0.66938845787424439 -6.1625030923856565 -0.61475456822160235 -0.90189497660023177 -3.5352374314578601 -0.12526845631415415 -0.044672732083795429
leaf_weight=90.659795905155704 103.09991207286528 25.096936558626872 863.2257805542215 79.226873335261729 78.307699114034193 75.04624868583754 20.24288883265087 0.16397947538614421 2.1478525989278703 0.43685456818472479 0.098993907973603856 0.37061928059924254 101.59854693739581 5.0085738180459467 0.20516062201461549 0.25663411157925164 14.740388199034809 0.69305423917235121 0.80411966444074767 53.413905912384067 7.5284585405536246 221.7528944207358 0.21696260595706485 0.74910855043417313 0.23795444908277552 5.0658791083104964 4.1346845368538778 0.38294113010321651 0.47965262830370237 144.44118661306479
leaf_count=375 570 117 621 51 367 91 109 62 82 29 62 76 436 58 148 384 329 81 333 47 1427 73644 283 814 456 349 235 450 8 1052
internal_value=0.0468039 0.076642 0.0893715 0.176673 0.266875 0.0265214 0.129398 0.662891 5.31858 23.206 63.3431 0.0635985 -0.10328 -1.48086 -13.52 -0.458147 -0.902653 -13.367 -0.288307 0.196007 -0.0994017 -0.158733 -0.730796 -3.29751 -0.443436 0.0504285 -0.275515 -0.281254 -1.6391 -0.0599776
internal_weight=1899.83 1577.83 1474.73 461.994 288.612 173.382 210.304 23.0906 2.84768 0.699828 0.262973 187.214 107.987 6.38847 0.57578 44.9217 19.8248 0.949688 5.81269 128.46 322.008 231.348 9.59508 0.966071 8.62901 1012.73 18.8751 8.39105 0.862594 149.507
internal_count=83146 5689 5119 3097 1813 1284 1446 344 235 153 124 1102 1051 615 224 1146 1029 465 391 138 77457 77082 3438 1097 2341 2022 564 1885 458 1401
cat_boundaries=0 1 2 3
cat_threshold=128 8 28
is_linear=0
shrinkage=0.05


Tree=23
num_leaves=31
num_cat=0
split_feature=8 4 2 11 0 0 2 2 11 0 6 2 0 0 0 0 0 0 0 0 0 2 2 0 2 0 0 0 0 2
split_gain=153129 1599.05 2410.13 95874.8 648803 36358.6 77563.2 175884 2285.15 2243.82 8656.89 19726.6 1956.4 13860.3 419649 1915.76 13864 3931.46 1995.38 1514.35 3264.09 1392.72 5988.09 1154.62 6944.76 1142.27 1562.05 1106.74 962.153 1949.38
threshold=1.0000000180025095e-35 1.0000000180025095e-35 7.4250000000000007 1.0000000180025095e-35 7.3207000000000013 9.8318500000000011 3.2850000000000006 3.1350000000000002 1.0000000180025095e-35 10.176900000000002 1.0000000180025095e-35 4.1650000000000009 11.175250000000002 5.2618000000000009 10.581100000000001 10.273350000000002 8.2135000000000016 9.1646500000000017 9.2173500000000015 9.9408000000000012 9.4417000000000026 2.4050000000000007 2.1450000000000005 14.000600000000002 3.5250000000000004 8.5626500000000014 9.6712000000000007 13.570150000000002 0.072350000000000012 1.0000000180025095e-35
decision_type=2 2 2 2 2 2 2 2 2 2 2 2 2 2 2 2 2 2 2 2 2 2 2 2 2 2 2 2 2 2
left_child=1 2 3 9 -5 6 7 -6 21 10 28 -12 13 -10 15 16 -15 -18 -19 20 -20 22 25 24 -7 -3 -27 -23 -1 -30
right_child=-2 8 -4 4 5 23 -8 -9 12 -11 11 -13 -14 14 -16 -17 17 18 19 -21 -22 27 -24 -25 -26 26 -28 -29 29 -31
leaf_value=-0.17506068160035923 12.441040088175628 -0.12627091590884187 0.022769318743505785 -195.50745738062056 -176.701775900553 -20.414381465609534 -1.5127243500922325 -0.051796863458288558 0.2881122335246159 0.01060831649151912 -18.203210796037762 -1.038016093229128 0.052736071347788273 -1.4571103407661707 62.428377025841975 -0.44092963239993072 -26.044792837072052 -1.9695190023407141 -10.826566023332184 -9.9408996546119095 -34.140846774358174 0.0081896348674184872 1.0636376896088604 0.048525601916524233 -0.93792747793956832 0.34850095899988798 0.037289752291059755 -0.71895138191144881 -6.3469487896370431 -0.62718340517796922
leaf_weight=35.782440830666189 2.4883597054631528 54.792868542296873 474.18798889665794 0.047837145771169487 0.024327729173819507 0.054021419774217483 0.099122789056510979 0.033487141132354736 79.910929039080585 116.67449292773684 0.22158258194439795 0.68419435272013118 72.494821087555636 1.4553505312039168 0.27563703919384508 0.7326765226972326 0.049840137716295585 0.052175739694575896 0.041762899417228078 0.13616156073970456 0.023438093394943849 776.1220608905578 16.333671065862831 0.38327043643221315 0.29963727972541054 58.214912414550781 131.17221462707249 5.2685047901589988 0.15096902289260405 11.212179255034673
leaf_count=18273 163 1061 49753 395 150 274 66 4 572 414 118 89 263 176 101 64 84 7 25 85 91 6314 84 15 79 69 283 287 116 3671
internal_value=0.04601 0.0292193 -0.0345885 -0.198763 -16.1072 -6.50621 -28.358 -74.3838 0.0633256 -0.107818 -0.395371 -5.23718 0.242333 0.408579 3.8876 -2.58907 -3.48397 -13.2071 -10.6835 -12.9414 -19.2075 0.0366656 0.136782 -1.85263 -3.91296 0.0747833 0.132952 0.00328691 -0.302348 -0.703175
internal_weight=1839.42 1836.93 639.856 165.668 0.941704 0.893867 0.156938 0.0578149 1197.08 164.726 48.0514 0.905777 155.173 82.678 2.76704 2.49141 1.75873 0.303378 0.253538 0.201363 0.065201 1041.9 260.514 0.736929 0.353659 244.18 189.387 781.391 47.1456 11.3631
internal_count=83146 82983 73417 23664 983 588 220 154 9566 22681 22267 207 1468 1205 633 532 468 292 208 201 116 8098 1497 368 353 1413 352 6601 22060 3787
is_linear=0
shrinkage=0.05


Tree=24
num_leaves=31
num_cat=0
split_feature=1 0 0 1 4 0 0 0 0 1 0 5 0 0 1 1 1 0 0 1 1 0 0 0 0 1 0 1 0 1
split_gain=3064.24 1816.57 2350.92 1574.17 1997.63 16476.9 8175.08 1413.36 7295.08 1402.97 2338.29 7471.68 31849.4 73670.5 1954.56 1900.65 4454 31912.4 159589 218293 254432 68590.9 16166.3 51638.4 1664.43 1413.89 1355.47 6482.29 41991.5 131636
threshold=12.934450000000002 9.6184500000000011 0.39540000000000003 7.627250000000001 1.0000000180025095e-35 7.2551000000000014 5.3996500000000003 6.6820500000000012 6.1312500000000005 13.692350000000001 10.129600000000002 1.0000000180025095e-35 12.099050000000002 11.762650000000002 13.649400000000002 15.817350000000001 14.163950000000002 11.397250000000001 8.0068500000000018 13.883700000000003 14.116850000000001 7.9489500000000008 10.969800000000001 8.0966500000000021 1.0000000180025095e-35 15.864400000000002 9.5603500000000015 15.447300000000002 7.3207000000000013 15.070250000000003
decision_type=2 2 2 2 2 2 2 2 2 2 2 2 2 2 2 2 2 2 2 2 2 2 2 2 2 2 2 2 2 2
left_child=1 2 -1 4 -4 6 -6 8 -8 10 14 -12 13 -13 -2 16 17 18 19 21 -21 -11 23 -20 -18 -17 27 28 29 -26
right_child=9 -3 3 -5 5 -7 7 -9 -10 15 11 12 -14 -15 -16 25 24 -19 22 20 -22 -23 -24 -25 26 -27 -28 -29 -30 -31
leaf_value=-0.13632866741354976 -0.0043616654720877385 0.0080947107821071809 -0.91701690815213954 -0.38168898353660857 -16.478874479353763 -36.686988655017437 -0.85136634221401997 -0.12527894127164493 -34.39208524948284 -108.65172940835106 0.041360899617405453 17.116031467060367 -0.016753405824438159 -0.17687592820011877 0.30766828690278414 0.31147863046850072 0.079852984292261411 -0.081127876609921434 -0.5986195921370232 -559.53483154254593 -92.399098229752653 -1.2227750331008953 -0.10925421547947303 -56.071828883036247 -68.704049919037388 0.090023940799198079 -0.023364058671284521 -0.035800459943006138 -0.6015349186146991 -4.5357646157956664
leaf_weight=108.5665289759215 118.49770631477267 172.84915829504027 7.6824980859395486 16.350131443620242 0.090724636728199193 0.035484841836390113 0.11297114133139174 0.90728152895734648 0.018927753526595925 0.02392052069768219 19.217846780697258 1.0003637988172367 6.9357748195974533 1.6024334247119325 87.060190136319903 85.965780045103202 424.30129225521915 8.3169659091854999 0.15150219202041609 0.0047362783758181847 0.0075799644234388975 0.039218556135892868 0.69292174491940961 0.058016255476780632 0.09321130998776328 446.04887525881327 250.29931924855526 45.378566441939959 9.9195730450918713 0.56062651242989259
leaf_count=62386 446 1768 9982 1323 1165 411 150 145 127 141 34 95 35 19 55 75 719 102 3 160 39 2 38 275 267 975 1521 219 366 103
internal_value=0.0451109 -0.0989678 -0.237313 -0.672407 -1.20963 -3.13859 -2.085 -0.828353 -5.66453 0.0744412 0.18687 0.609168 1.75316 6.46951 0.127793 0.0537285 0.0018972 -1.08573 -9.62979 -79.4835 -272.039 -41.9227 -3.78914 -15.9593 0.0157351 0.125808 -0.0730982 -0.295582 -1.4105 -13.6836
internal_weight=1812.79 306.614 133.765 25.198 8.84789 1.16539 1.12991 1.03918 0.131899 1506.18 234.314 28.7564 9.53857 2.6028 205.558 1271.86 739.847 9.29486 0.977896 0.0754553 0.0123162 0.0631391 0.90244 0.209518 730.553 532.015 306.251 55.952 10.5734 0.653838
internal_count=83146 77457 75689 13303 11980 1998 1587 422 277 5689 684 183 149 114 501 5005 3955 760 658 342 199 143 316 278 3195 1050 2476 955 736 370
is_linear=0
shrinkage=0.05


Tree=25
num_leaves=31
num_cat=0
split_feature=1 0 2 0 0 2 0 0 0 1 2 0 2 2 1 2 0 1 1 2 2 2 2 0 0 0 2 0 2 0
split_gain=2799.42 1744.34 2269.96 4591.29 7315.41 60327.4 1336.84 9553.18 56757.3 269387 13531.8 194620 3425.66 2350.67 8892.43 4428.48 35003.1 310027 49874.9 198443 2809.41 1877.08 1862.43 3546.04 1422.46 1099.52 1096.38 6862.78 10694.2 1152.07
threshold=12.934450000000002 9.6184500000000011 3.0750000000000006 0.69060000000000021 4.8569000000000004 2.5050000000000003 11.175250000000002 10.129600000000002 10.371450000000001 13.262450000000001 3.6550000000000007 11.069350000000002 6.7750000000000012 2.2650000000000001 15.817350000000001 8.0250000000000004 0.14410000000000003 15.028300000000002 15.350350000000002 4.3750000000000009 7.7950000000000008 3.3250000000000006 9.4050000000000029 10.618350000000001 7.2551000000000014 0.39540000000000003 2.8150000000000004 9.0492500000000025 1.8350000000000002 5.3511000000000015
decision_type=2 2 2 2 2 2 2 2 2 2 2 2 2 2 2 2 2 2 2 2 2 2 2 2 2 2 2 2 2 2
left_child=1 2 3 -1 5 -5 7 13 9 -9 -10 22 -11 14 -2 16 17 -15 -19 -20 21 -18 23 -12 -23 -4 27 28 -6 -30
right_child=6 -3 25 4 26 -7 -8 8 10 12 11 -13 -14 15 -16 -17 20 18 19 -21 -22 24 -24 -25 -26 -27 -28 -29 29 -31
leaf_value=-0.64374896557239325 -0.65443692680590937 0.0076978306984719124 -0.11780747023801229 -0.64983149679950758 -85.793459928314633 -78.35702341223238 -0.0092749926878094493 47.028693707674762 -0.034661316709479202 -7.1831044317065569 -0.85620164723305647 30.30659258027173 -0.62408529705352622 -0.10658234771680275 0.27583472377541562 0.058188904610274289 0.046561414826223578 40.469975417697732 47.428028047002236 -1.8182077130362886 0.47594127102008099 -2.8660799316851815 -0.33417673804471426 -9.7816195391061456 -0.55379503576138167 -0.50048042194333187 -0.66200732577590171 -1.7603160618323679 -28.6059839884403 -0.050550750999899023
leaf_weight=4.4656729922954375 47.346874237060675 172.67725864024288 95.220138998496012 0.14889722933483157 0.0064145039741196818 0.030010626520719785 367.6337972058559 0.37617719173426323 22.20683772076038 0.2672075281716465 0.37869301357954899 0.57124719719984707 0.78067993538004565 8.8266274004592304 56.157696636548721 841.49007417830751 76.380536806386004 0.42126650443867131 0.35898670389991977 0.47555041130767833 41.274507381185714 0.73682915769962232 3.8544637298607776 0.15759242151088737 6.8337934630405863 23.379952140914725 0.40069670655111245 0.16452765760177671 0.0052528877553188478 0.010782608072779065
leaf_count=1561 805 1768 60860 1003 459 138 1425 6 222 109 56 51 67 265 195 1224 146 35 37 56 57 235 175 117 406 11424 55 63 14 112
internal_value=0.0451985 -0.095001 -0.238209 -1.25741 -4.83225 -13.6847 0.0733527 0.100746 1.00282 10.733 0.492808 2.85344 -2.29661 0.0768707 -0.149706 0.10088 0.366375 3.20054 26.4452 19.3657 0.138185 -0.0278727 -0.718287 -3.47902 -0.778844 -0.193245 -2.13727 -5.29877 -31.2308 -9.4047
internal_weight=1773.04 296.51 123.832 5.23226 0.766582 0.178908 1476.53 1108.9 28.5929 1.42406 27.1688 4.962 1.04789 1080.3 103.505 976.798 135.308 10.0824 1.2558 0.834537 125.226 83.9512 4.39075 0.536285 7.57062 118.6 0.587674 0.186978 0.02245 0.0160355
internal_count=83146 77457 75689 3405 1844 1141 5689 4264 803 182 621 399 176 3461 1000 2461 1237 393 128 93 844 787 348 173 641 72284 703 648 585 126
is_linear=0
shrinkage=0.05


Tree=26
num_leaves=31
num_cat=3
split_feature=3 0 4 5 0 0 0 0 0 0 0 6 0 3 0 0 4 4 0 0 5 0 0 0 0 3 0 0 0 0
split_gain=1741.16 2788.44 16222.1 6984.62 8099.23 21804.7 18632 250242 1264.44 971.343 39862.9 33609.4 144042 1983.97 43724.5 314539 1986.01 1584.1 6112.53 7974.53 1862.56 2906.92 3288.96 5057.89 2244.19 1660.2 7260.54 1060.5 3470.11 14236.5
threshold=0 10.371450000000001 1.0000000180025095e-35 1.0000000180025095e-35 10.080150000000001 1.0000000180025095e-35 9.7256000000000018 9.6184500000000011 2.3613500000000003 11.175250000000002 11.019700000000002 1.0000000180025095e-35 11.069350000000002 1 5.5929000000000011 6.5633000000000008 1.0000000180025095e-35 1.0000000180025095e-35 10.129600000000002 10.409250000000002 1.0000000180025095e-35 5.151250000000001 0.34005000000000007 2.9017000000000004 1.4940000000000002 2 0.14410000000000003 3.0912500000000005 4.2607000000000008 4.1502500000000007
decision_type=9 2 2 2 2 2 2 2 2 2 2 2 2 9 2 2 2 2 2 2 2 2 2 2 2 9 2 2 2 2
left_child=1 2 8 4 5 -4 7 -7 -1 10 13 12 -12 14 16 -16 -2 20 -19 -20 25 22 -22 24 -24 -15 -27 -25 29 -29
right_child=9 -3 3 -5 -6 6 -8 -9 -10 -11 11 -13 -14 17 15 -17 -18 18 19 -21 21 -23 23 27 -26 26 -28 28 -30 -31
leaf_value=-0.20587929811920702 -3.1039733901756916 0.0018852912458320638 -8.4205460660400728 -2.6058268379696976 -0.89732673004493102 -365.73478130427338 -13.308964266370726 -1.923115823324542 -1.8820542832338536 -0.0035447419991955068 -0.7650535747758731 -0.44812669290211915 32.205825400653161 0.06592114117170407 51.943700586066953 -0.82728309234560415 -0.24803657914108013 0.084818735657522723 2.0930239458467992 -0.94367841099826366 -0.77924496008389776 -0.14467578778447229 -5.4349649606794594 -0.65326030551177616 -19.883169747329216 -3.978863536787463 -0.24459301193019331 -42.611115760810833 -1.8570137909655964 -1.3024607304121398
leaf_weight=30.500729232031709 0.65542678822083189 98.252012799978615 0.42952432964192078 1.0426800044794753 0.21361759889137977 0.0057426532116264519 0.033943970181021799 0.026713630985431031 1.1682194112648101 427.23347556363865 0.89495142165622732 1.0226120771972869 0.52592731008028726 273.26741813612853 0.33535238157041747 1.7873925576009917 8.5438727271442705 793.9737487626561 8.0082086662100131 2.9613959865570729 6.1099410613608587 71.225785536265136 0.04556523642039105 0.38110436050373298 0.065527318966418571 1.4565741660348095 12.238723431475677 0.028195716070756438 0.36310509932570934 0.080139840079038738
leaf_count=54919 3371 315 288 176 9 330 15 5 4967 2193 43 46 78 3286 33 299 204 6485 175 328 2016 2281 80 70 208 233 218 236 227 12
internal_value=0.0464722 -0.122972 -0.526825 -5.20994 -9.03672 -12.5427 -39.208 -66.2941 -0.267711 0.0607062 0.0844038 6.4641 11.4389 0.0712101 0.552815 7.50951 -0.451515 0.0613025 0.101014 1.27322 -0.0245334 -0.240684 -1.20742 -3.92224 -13.9572 0.0344445 -0.370918 -2.61462 -4.20015 -12.0536
internal_weight=1742.88 131.673 33.4212 1.75222 0.709542 0.495925 0.0664003 0.0324563 31.6689 1611.2 1183.97 2.44349 1.42088 1181.53 11.322 2.12274 9.1993 1170.21 804.943 10.9696 365.262 78.2994 7.07358 0.963638 0.111093 286.963 13.6953 0.852545 0.471441 0.108336
internal_count=83146 61024 60709 823 647 638 350 335 59886 22122 19929 167 121 19762 3907 332 3575 15855 6988 503 8867 5130 2849 833 288 3737 451 545 475 248
cat_boundaries=0 1 2 3
cat_threshold=1152 512 20
is_linear=0
shrinkage=0.05


Tree=27
num_leaves=31
num_cat=0
split_feature=1 4 1 1 0 2 0 0 1 2 2 2 0 2 2 0 1 1 1 1 2 2 4 5 2 2 1 2 1 0
split_gain=6959.73 4275.15 3400.45 2486.68 1275.24 2334.29 1236.17 8884.97 53322.7 435411 16521.1 122083 201974 2565.14 2400.99 15845.7 257959 750372 627000 4.54604e+06 14574.9 3274.06 4229.27 5912.74 30941 58216.2 1797.78 1073.75 1976.48 1498.86
threshold=17.203200000000006 1.0000000180025095e-35 17.953850000000006 12.934450000000002 13.417300000000003 1.0000000180025095e-35 11.175250000000002 10.129600000000002 14.680450000000002 1.4550000000000003 3.6550000000000007 7.5450000000000008 10.371450000000001 0.60500000000000009 8.0250000000000004 0.14410000000000003 13.589700000000002 16.314600000000002 15.070250000000003 14.959550000000002 3.8050000000000002 7.7950000000000008 1.0000000180025095e-35 1.0000000180025095e-35 2.9550000000000005 2.5050000000000003 15.730650000000002 10.095000000000001 13.262450000000001 10.409250000000002
decision_type=2 2 2 2 2 2 2 2 2 2 2 2 2 2 2 2 2 2 2 2 2 2 2 2 2 2 2 2 2 2
left_child=3 -2 -3 4 5 -1 7 13 9 -9 -10 12 -12 -5 15 16 -15 18 19 -18 -20 22 23 -17 25 -25 -24 28 -11 -30
right_child=1 2 -4 6 -6 -7 -8 8 10 27 11 -13 -14 14 -16 21 17 -19 20 -21 -22 -23 26 24 -26 -27 -28 -29 29 -31
leaf_value=-2.0314929684137248 -1.9186931511129832 -4.9709679006712824 -15.903679816210852 -0.29505877393189434 0.072147476330020152 -0.13822066719014756 -0.0034405532153445762 71.792215931407426 -0.01922390285741557 -0.69644588976941335 -0.84884674381501446 -0.5665410460549245 51.496078148627944 -0.042479364179373764 0.056221184227610167 -0.18964037689873736 -45.06540600190776 148.4334736435726 -19.297075731812587 734.2751658188082 -3.3067105943319128 0.59213052484819584 -0.081482536067886469 -41.624183928150103 -0.71975979406391777 -0.39076466614511474 0.27907262968147556 -0.77190358266859738 -13.060192764702457 -4.4712280796266084
leaf_weight=1.6412128710161358 0.59905957920867148 0.18212887067574329 0.11669698482412588 44.126978190379987 90.325519868332975 203.02363645344863 369.96285650116988 0.24008537828923038 24.5182444050198 0.2490648955342894 0.42904323532050204 3.5056816852691468 0.32303277569319111 11.151524834742384 788.20002497359826 5.0578293955948359 0.088664563662030835 0.11291355573835293 0.21055884503211775 0.023717300583849646 0.44090243568787169 32.152090375067218 70.007049922196785 0.14195027947425845 1.8897552938385354 0.21564710140279217 68.304575120175201 0.69622338105888559 0.072454726726104091 0.16991394569587942
leaf_count=386 43 47 60 398 363 76708 1363 62 140 14 29 170 79 73 1181 75 269 29 121 18 72 57 568 143 224 19 130 105 67 133
internal_value=0.0454734 -4.35543 -9.24039 0.0477745 -0.0843398 -0.153403 0.0751756 0.102814 0.947984 10.3796 0.480028 3.35496 21.6344 0.0778397 0.0946647 0.254315 2.01065 28.1245 10.3401 119.408 -8.47496 0.135477 0.0346486 -1.13785 -3.27185 -16.7586 0.096576 -2.03499 -3.82444 -7.03885
internal_weight=1718.18 0.897885 0.298826 1717.28 294.99 204.665 1422.29 1052.33 30.2037 1.42774 28.776 4.25776 0.752076 1022.12 977.997 189.797 12.0283 0.876757 0.763843 0.112382 0.651461 177.769 145.617 7.30518 2.24735 0.357597 138.312 1.18766 0.491434 0.242369
internal_count=83146 150 107 82996 77457 77094 5539 4176 799 381 418 278 108 3377 2979 1798 582 509 480 287 193 1216 1159 461 386 162 698 319 214 200
is_linear=0
shrinkage=0.05


Tree=28
num_leaves=31
num_cat=1
split_feature=2 2 2 0 2 5 6 0 3 5 0 0 0 0 2 6 0 0 2 0 6 0 2 11 2 0 0 0 0 0
split_gain=2717.27 43924 801888 1.42329e+06 2.40498e+06 203231 6624.37 52843 2954.77 26094.1 6716.04 1746.75 129756 348760 1861.92 2060 1736.65 4395.39 9197.14 9311 2792.06 1590.64 2781.72 1536.59 1351.32 2938.22 918.629 875.3 11010.8 48618.5
threshold=3.8050000000000002 3.4750000000000005 3.6550000000000007 11.175250000000002 3.7050000000000005 1.0000000180025095e-35 1.0000000180025095e-35 8.680550000000002 0 1.0000000180025095e-35 12.179000000000002 5.6553000000000013 5.4615000000000009 5.5929000000000011 7.035000000000001 1.0000000180025095e-35 11.219900000000001 10.618350000000001 9.4550000000000018 11.175250000000002 1.0000000180025095e-35 9.9408000000000012 9.2550000000000008 1.0000000180025095e-35 7.1250000000000009 9.6184500000000011 11.069350000000002 7.7317000000000009 0.21105000000000004 6.0091500000000009
decision_type=2 2 2 2 2 2 2 2 9 2 2 2 2 2 2 2 2 2 2 2 2 2 2 2 2 2 2 2 2 2
left_child=1 6 -3 4 -4 -6 8 -8 9 -1 -11 12 14 -14 15 23 17 20 19 -19 -13 24 -23 -2 -22 -26 -20 28 -10 -30
right_child=11 2 3 -5 5 -7 7 -9 27 10 -12 16 13 -15 -16 -17 -18 18 26 -21 21 22 -24 -25 25 -27 -28 -29 29 -31
leaf_value=0.032685913191747837 -0.42138829698415425 -0.10033221408986681 572.9632458258435 -0.79894167256014281 -0.050249452719755144 123.83163412447196 5.7824432966113015 -0.37897146434809292 -0.085847684442508634 2.8611991119614242 -0.11434904894384444 -0.19712759847715008 -0.53551230061751398 68.056091742754205 0.042692176909465307 -4.1404097268562712 -0.023968540434869626 -20.104933566446306 -0.68909085825422167 -0.41776835092367381 -1.6068803040907096 -18.949575243955888 -1.8717081503940305 -5.9515953171926181 -23.25684655707818 -1.1611152104688121 -3.1279137678887814 -0.0022882764145135013 -24.318440338646596 -1.2066431048597588
leaf_weight=151.82358644219823 9.6246228949776356 9.0310136044357989 0.030655974514519874 0.34869164075041681 0.043421016779445459 0.13936989900056623 4.4545062815598593 15.905102291032463 73.531120215405565 10.958014857810495 2.2932081795217973 64.058897990419368 0.65413173755197096 0.25857897051222434 849.63833668383074 0.40324549107365726 291.64442091888907 0.13967800512451098 1.4056524189356148 0.10535992335506897 0.55920019970845991 0.042110146379160072 0.054971255103611373 0.12726820003274397 0.023698059030812152 0.041207710687261007 0.53234754692907116 194.10457142640831 0.25025719058634699 2.5076838439201823
leaf_count=439 9368 622 153 33 223 86 285 305 2486 343 55 3451 109 49 59193 82 1684 182 231 15 116 55 88 241 275 37 81 1013 1501 345
internal_value=0.0552531 0.158032 3.50628 61.4482 163.136 94.4041 0.0875666 0.969093 0.0463523 0.205931 2.34626 0.0160215 0.0546502 18.8971 0.034648 -0.638372 -0.0766924 -0.306321 -2.51301 -11.64 -0.231957 -3.32565 -9.27942 -0.493561 -2.39952 -9.22859 -1.35901 -0.0565932 -0.202181 -3.30382
internal_weight=1684.73 465.421 9.59315 0.562139 0.213447 0.182791 455.828 20.3596 435.468 165.075 13.2512 1219.31 860.706 0.912711 859.793 10.1551 358.608 66.9631 2.18304 0.245038 64.7801 0.721187 0.0970814 9.75189 0.624106 0.0649058 1.938 270.394 76.2891 2.75794
internal_count=83146 7889 1117 495 462 309 6772 590 6182 837 398 75257 69042 158 68884 9691 6215 4531 509 197 4022 571 143 9609 428 312 312 5345 4332 1846
cat_boundaries=0 1
cat_threshold=264
is_linear=0
shrinkage=0.05


Tree=29
num_leaves=31
num_cat=1
split_feature=1 0 2 2 2 2 2 1 1 0 2 3 0 2 0 1 0 0 2 2 2 4 0 0 1 1 2 2 0 2
split_gain=2522.89 2362.07 16274.7 2910.97 30907.8 632116 1.2023e+06 1805.9 3412.74 42242.4 62746.8 2357.85 2280.94 3594.25 1742.14 2069.6 5560.43 17785.7 11401.2 3374.45 3346.63 81065.3 16574.2 46603.1 1647.67 1528.34 10935.2 18529.2 97392.4 976.358
threshold=12.934450000000002 9.6184500000000011 1.0000000180025095e-35 4.3250000000000011 3.6550000000000007 3.8050000000000002 3.7450000000000006 13.692350000000001 14.163950000000002 11.219900000000001 9.8450000000000006 0 10.129600000000002 1.9550000000000003 0.39540000000000003 7.627250000000001 6.7465500000000009 6.5032000000000005 10.255000000000001 6.7150000000000007 8.0450000000000017 1.0000000180025095e-35 4.2961 6.2981000000000007 13.649400000000002 14.536800000000001 10.095000000000001 7.8050000000000006 13.71635 2.8950000000000005
decision_type=2 2 2 2 2 2 2 2 2 2 2 9 2 2 2 2 2 2 2 2 2 2 2 2 2 2 2 2 2 2
left_child=1 2 -1 4 -4 6 -6 12 9 10 -9 -10 24 -14 -5 16 17 18 20 -19 21 22 -16 -24 29 26 27 28 -13 -2
right_child=7 -3 3 14 5 -7 -8 8 11 -11 -12 25 13 -15 15 -17 -18 19 -20 -21 -22 -23 23 -25 -26 -27 -28 -29 -30 -31
leaf_value=-14.292183652800373 -0.42207438100159217 0.001868374949078132 -0.23792957361086003 -0.088588407286723181 -624.03085116535203 -0.74108415258528837 -28.987930119809732 -33.472280040460276 0.065438813675480031 -0.075533931446329722 -0.35980340968429131 -91.78476034814922 1.013467688657278 -0.15768918719897448 -1.6574538717673724 -0.34011508174573507 -0.24607784126380863 -20.527291279004615 -23.060159229009169 -57.293388669936263 -0.34016755462118159 -247.46487915919099 -155.23731280305628 -7.7380905228621648 0.28094835567171295 -0.090745847255964004 -0.20222364803511295 -0.93143041292458928 -0.46056542757043445 0.043932915876505885
leaf_weight=0.2071333421416871 12.553174972534306 172.91018042166976 9.8853180300384569 86.322001491522855 0.011939469074947889 0.86158572201563244 0.029373549793448778 0.24138590076668531 944.90656934658432 9.2266411767225041 0.35126632452135187 0.038149510144076582 18.234847625374258 10.224454359681618 0.51806455046105004 15.025028731352357 2.717171664625901 0.0097192184455847791 0.069545452136249408 0.017438643773319926 0.84581827651665487 0.003435527384914038 0.0067660305879274621 0.025682252274595196 87.022802309882806 250.11123863111686 4.2125603316392581 0.29965763200912887 0.12436311751581092 107.44186090437213
leaf_count=357 173 1768 4564 58285 262 1197 131 475 1613 115 170 212 40 143 5622 1112 1161 21 588 99 540 307 1395 48 55 2229 139 41 11 273
internal_value=0.0193338 -0.115398 -0.289363 -0.264434 -1.04675 -9.90209 -200.955 0.0463239 0.0216604 -0.906689 -13.8464 0.0292588 0.173006 0.592711 -0.184482 -0.614744 -1.59402 -4.0415 -3.30043 -44.1356 -2.3187 -5.33969 -3.82868 -38.4942 0.115308 -0.103428 -1.00323 -8.30415 -21.8987 -0.00481803
internal_weight=1734.46 289.466 116.556 116.349 10.7882 0.902899 0.041313 1444.99 1209.51 9.81929 0.592652 1199.69 235.477 28.4593 105.561 19.2387 4.21364 1.49647 1.46931 0.0271579 1.39977 0.553948 0.550513 0.0324483 207.018 254.786 4.67473 0.46217 0.162513 119.995
internal_count=83146 77457 75689 75332 6154 1590 393 5689 5005 760 645 4245 684 183 69178 10893 9781 8620 8500 120 7912 7372 7065 1443 501 2632 403 264 223 446
cat_boundaries=0 1
cat_threshold=30
is_linear=0
shrinkage=0.05


Tree=30
num_leaves=31
num_cat=0
split_feature=0 0 11 0 0 0 0 0 1 0 0 1 1 0 6 0 0 1 1 1 1 1 0 1 0 1 5 0 0 0
split_gain=1747.4 195444 2867.33 1016.48 1018.67 38701.3 123993 398932 24051.6 286658 2.42791e+06 2175.67 2854.35 1563.7 1444.05 840.767 903.188 825.523 3593.42 2135.26 4937.93 773.281 771.437 1718.76 595.726 1450.6 2062.27 882.692 10350.8 563.901
threshold=10.176900000000002 10.129600000000002 1.0000000180025095e-35 9.6712000000000007 5.5929000000000011 5.9505500000000007 5.7690500000000009 5.7073500000000008 4.2579000000000002 6.5032000000000005 6.4496000000000011 11.813500000000003 13.175050000000001 6.7465500000000009 1.0000000180025095e-35 14.487500000000002 11.826750000000002 15.658300000000002 16.577300000000005 16.029050000000002 15.9777 11.203800000000003 15.363350000000002 14.919850000000002 0.39540000000000003 5.5978500000000011 1.0000000180025095e-35 5.083050000000001 2.3613500000000003 3.2175000000000002
decision_type=2 2 2 2 2 2 2 2 2 2 2 2 2 2 2 2 2 2 2 2 2 2 2 2 2 2 2 2 2 2
left_child=1 2 3 4 11 6 7 -6 9 10 -7 21 -13 -11 -10 16 17 -2 19 20 -19 24 -17 -24 -1 26 29 28 -28 -26
right_child=15 -3 -4 -5 5 8 -8 -9 14 13 -12 12 -14 -15 -16 22 -18 18 -20 -21 -22 -23 23 -25 25 -27 27 -29 -30 -31
leaf_value=-0.11194108788617503 -0.11102207674722658 28.958116638314138 -0.19714396939071729 -0.7508804818746927 86.671590159491529 -0.81968135673937703 -0.35296985409695469 -0.25913476246308609 -0.0026454636352443604 -4.6184397778351309 386.55645538091017 0.59106438978603792 0.083214693760591887 -0.44207960624968368 0.28509872288994609 -0.28472406874191397 0.020968292229185864 -14.435826914826833 -0.093534816376771551 -1.9546262668428118 -1.3846409524223473 -2.0203290535537519 -0.35160967768756118 -3.9062034971401411 -0.42428740063997306 -0.17418690720203053 -3.5202401494855495 -1.9765070146075161 -38.850049506729526 -2.9972396731487709
leaf_weight=80.917986820651848 91.829796233696825 0.58604312407010084 88.608737280281503 3.5070774690846056 0.18753246399053514 0.34479894405975708 1.7375915570122018 0.44547930336583608 178.97311602134869 0.24262124694798926 0.04582469795405264 28.812235000834221 696.66868343731744 2.940658763278178 57.646416166841817 7.9519693958387441 442.3176020106759 0.12496175346485805 4.5025678161669731 0.8632847848479549 0.17254758229139444 0.55518246318391007 1.0497527280066674 0.50303652185425329 0.98225564656572895 4.6884107869999783 0.19508251742931032 0.12285759186279763 0.023196574046798396 0.27189742833435704
leaf_count=62147 1652 62 1836 373 145 445 162 57 774 147 44 103 1089 1550 511 180 1404 107 25 99 16 41 108 72 4929 562 248 151 776 3331
internal_value=0.055742 0.0908224 0.0760849 0.0989398 0.101763 0.19169 6.54896 25.4945 0.128947 4.20008 44.624 0.0749401 0.103384 -0.760391 0.0674562 -0.0176038 -0.00939566 -0.147154 -0.733025 -3.21353 -6.86648 -0.160202 -0.483777 -1.50314 -0.148359 -0.61733 -1.91969 -5.36663 -7.27475 -0.982097
internal_weight=1697.82 1148.5 1147.92 1059.31 1055.8 242.564 2.3706 0.633012 240.193 3.5739 0.390624 813.238 725.481 3.18328 236.62 549.316 539.811 97.4932 5.66336 1.16079 0.297509 87.7569 9.50476 1.55279 87.2017 6.2837 1.59529 0.341137 0.218279 1.25415
internal_count=83146 79483 79421 77585 77212 3835 364 202 3471 2186 489 73377 1192 1697 1285 3663 3303 1899 247 222 123 72185 360 180 72144 9997 9435 1175 1024 8260
is_linear=0
shrinkage=0.05


Tree=31
num_leaves=31
num_cat=0
split_feature=1 1 0 0 1 0 0 0 0 0 6 0 11 0 0 0 6 1 0 1 1 1 1 0 5 1 1 1 5 0
split_gain=2394.3 7646.78 1703.4 3317.73 3666.75 6449.06 421188 2386.86 13061.8 1554.55 7067.76 1463.33 2975.73 4293.27 13356.2 110976 1527.25 2538.32 1096.88 2391.68 5021.98 7078.56 11990 48652.2 1060.05 1003.34 1758.82 728.756 1347.92 607.741
threshold=11.813500000000003 12.057050000000002 10.176900000000002 1.5717000000000001 1.0000000180025095e-35 6.7465500000000009 6.4496000000000011 5.3028000000000004 6.0091500000000009 9.3770000000000007 1.0000000180025095e-35 10.176900000000002 1.0000000180025095e-35 8.5626500000000014 9.3225500000000014 8.7969000000000026 1.0000000180025095e-35 17.953850000000006 10.969800000000001 14.752250000000002 13.175050000000001 14.578600000000002 13.692350000000001 10.701450000000003 1.0000000180025095e-35 14.367050000000003 13.649400000000002 16.314600000000002 1.0000000180025095e-35 2.0806500000000008
decision_type=2 2 2 2 2 2 2 2 2 2 2 2 2 2 2 2 2 2 2 2 2 2 2 2 2 2 2 2 2 2
left_child=2 -2 3 -1 5 6 7 29 -9 -7 -11 12 13 16 15 -15 25 -18 19 20 -13 22 -22 -24 -21 26 -3 -27 -29 -5
right_child=1 11 -4 4 -6 9 -8 8 -10 10 -12 18 -14 14 -16 -17 17 -19 -20 24 21 -23 23 -25 -26 27 -28 28 -30 -31
leaf_value=-0.13066063917025558 1.187343664276034 0.03303666392151991 0.005125404938868006 -5.0037865461564701 -0.45964502276177693 -0.43904527683515338 -383.84887713073067 -21.263438778386018 -0.75762229451308727 -17.832791105261361 -0.10802565213828821 -0.22295446201671207 -0.18569606735962371 18.779755225856732 0.29925999749250343 -0.49007067611475863 -0.62895747137045888 0.052765517764339499 -0.010615399376687075 -0.087537958632661603 -8.2186956634218866 -2.6866859610837848 -172.83711081181912 -12.035382159095127 -1.4102669174110785 0.016675384697089454 0.28380690348732912 0.04525139825501065 0.35183740974988992 -1.2322367011117663
leaf_weight=79.458039573999059 15.098077540825214 119.47561933493938 147.37972589333211 0.12120680443263476 12.271285266936559 2.7052242109577924 0.0072953565331538286 0.10609898954672853 0.28971255697710546 0.072684431621717921 0.24862010776997376 0.44075657891606407 89.626605955187301 0.91101571426156169 58.411410258099345 4.1541260624125691 19.171189289512562 47.448798751614483 391.05797436599488 8.323842394145295 0.060765172097992537 0.15190836194892868 0.0060735232508818187 0.020859798883190554 1.8516320395509875 311.01043178565487 168.58064328022533 107.29887860303916 53.839690250752767 0.89935101071893497
leaf_count=64148 76 112 1367 878 1131 1447 192 825 404 316 2 41 1642 64 287 161 926 13 1649 57 44 44 164 54 229 433 101 55 69 6215
internal_value=0.0429698 0.0681921 -0.101693 -0.265376 -0.905525 -2.13503 -4.91025 -2.95843 -6.25429 -0.829577 -4.11766 0.0559642 0.0889161 0.116561 0.512836 2.9758 0.0861387 -0.143413 -0.0243778 -0.520139 -3.39024 -9.21646 -20.5271 -48.2965 -0.328235 0.106255 0.179796 0.0613884 0.147688 -1.68017
internal_weight=1640.5 1396.94 243.559 96.1795 16.7215 4.45019 1.42366 1.41637 0.395812 3.02653 0.321305 1381.84 979.928 890.302 63.4766 5.06514 826.825 66.62 401.914 10.8558 0.680363 0.239607 0.0876985 0.0269333 10.1755 760.205 288.056 472.149 161.139 1.02056
internal_count=83146 6221 76925 75558 11410 10279 8514 8322 1229 1765 318 6145 3863 2221 512 225 1709 939 2282 633 347 306 262 218 286 770 213 557 124 7093
is_linear=0
shrinkage=0.05


Tree=32
num_leaves=31
num_cat=2
split_feature=0 1 3 11 0 1 1 0 4 0 0 4 1 11 3 1 1 0 4 1 1 0 0 0 0 1 1 0 1 6
split_gain=1871.47 2634.61 1803.33 26383.2 2589.25 398584 196306 700524 8098.6 1975.01 38518.4 80941.2 316223 1959.34 2185.05 105148 1980.52 4797.24 103050 1158.62 18142.1 11996.8 500414 5915.72 1067.1 1480.92 1049.7 1009.61 3147.15 10413.8
threshold=15.363350000000002 14.631350000000003 0 1.0000000180025095e-35 10.371450000000001 13.262450000000001 15.620850000000003 8.0966500000000021 1.0000000180025095e-35 10.176900000000002 9.9812500000000011 1.0000000180025095e-35 13.262450000000001 1.0000000180025095e-35 1 13.649400000000002 9.3922500000000024 6.7465500000000009 1.0000000180025095e-35 12.057050000000002 11.813500000000003 6.4496000000000011 6.5032000000000005 6.7465500000000009 8.5626500000000014 15.730650000000002 12.267650000000001 13.277750000000003 15.512300000000002 1.0000000180025095e-35
decision_type=2 2 9 2 2 2 2 2 2 2 2 2 2 2 9 2 2 2 2 2 2 2 2 2 2 2 2 2 2 2
left_child=2 -2 3 4 5 8 7 -7 -1 10 13 -12 -13 14 15 16 17 18 -4 20 21 -16 -23 -24 -21 -26 -10 28 -11 -30
right_child=1 -3 9 -5 -6 6 -8 -9 26 27 11 12 -14 -15 19 -17 -18 -19 -20 24 -22 22 23 -25 25 -27 -28 -29 29 -31
leaf_value=-0.090456435802640955 -0.4141270884355791 -5.6713614329354982 -227.75986885873422 -17.218437830525545 0.0097046212462864358 -634.56675511916615 -55.473292715396546 -64.788823707907497 -9.8044022600915532 -0.065465447251994949 -0.78295192479076581 61.952174979965605 -2.948508591078566 -0.1269667351972206 -0.19381634764180666 16.397836330525735 0.010418484086536138 -0.070086558746010386 -2.9426703446493043 0.073370337882936787 2.9254877665204435 72.141721175175391 -10.835061167149689 -0.40708202581854647 -0.48725101090960754 0.3977591689565409 -1.9766990058938445 0.046007054583323381 -6.0892879923941337 -0.37964666744124448
leaf_weight=22.313319879070079 0.80829593110048148 0.33794655660243811 0.0052697576860466491 0.22550398266213179 99.415562116519936 0.0074859764914915394 0.048699944696884198 0.019308478014458445 0.24325454762169946 171.93107251963903 1.3715935657542875 0.28310626972543818 0.55686343158243434 89.252544140258919 55.205531700378671 1.0290206724410804 15.273684963683532 0.39684603163037235 0.15565510479258693 793.7416905625505 6.0083227337846301 0.24527660497184012 0.13902770127940822 6.2502891219506678 5.262144250152331 46.471165642027486 0.051980763683913633 273.1631736289072 0.92705874880144712 5.7635980652824177
leaf_count=59650 105 75 3315 245 243 131 85 40 606 2147 109 46 76 1587 9745 81 41 68 112 1398 19 42 145 1614 293 102 8 547 225 246
internal_value=0.055493 -1.96412 0.0569437 -0.121874 -0.10028 -0.582302 -115.278 -223.976 -0.199309 0.0721269 0.111111 6.70261 18.9258 0.0968119 0.118284 0.57135 -0.0964514 -3.02292 -10.3047 0.102541 0.30246 0.0476097 2.05648 -0.633989 0.087711 0.307739 -8.42621 -0.0144347 -0.106867 -1.17078
internal_weight=1596.9 1.14624 1595.76 122.325 122.1 22.684 0.0754944 0.0267945 22.6086 1473.43 1021.65 2.21156 0.83997 1019.44 930.184 16.8605 15.8315 0.557771 0.160925 913.323 67.8484 61.8401 6.63459 6.38932 845.475 51.7333 0.295235 451.785 178.622 6.69066
internal_count=83146 180 82966 61008 60763 60520 256 171 60264 21958 18793 231 122 18562 16975 3617 3536 3495 3427 13358 11565 11546 1801 1759 1793 395 614 3165 2618 471
cat_boundaries=0 1 2
cat_threshold=1152 512
is_linear=0
shrinkage=0.05


Tree=33
num_leaves=31
num_cat=1
split_feature=2 2 2 2 5 11 2 2 3 2 5 2 2 2 2 2 2 2 2 2 2 2 2 4 2 5 2 2 2 2
split_gain=5027.54 287394 98985.5 335422 452994 6451.37 213536 403862 4419.04 91380.9 4678.42 5901.23 172801 4670.46 33762.1 10881.5 2484.72 5277.58 32811.1 79442.8 60774.5 3659.18 1886.02 5188.4 4840.74 1594.29 1369.78 2345.4 4596.46 1373.62
threshold=8.1050000000000022 8.0950000000000006 7.9850000000000012 8.0050000000000008 1.0000000180025095e-35 1.0000000180025095e-35 7.035000000000001 2.8150000000000004 0 0.74500000000000011 1.0000000180025095e-35 4.4650000000000007 4.6250000000000009 2.2650000000000001 2.5050000000000003 2.6050000000000004 6.6350000000000007 3.3250000000000006 3.9250000000000003 3.5750000000000006 3.6150000000000007 4.0750000000000011 3.1350000000000002 1.0000000180025095e-35 1.4550000000000003 1.0000000180025095e-35 3.7450000000000006 2.4050000000000007 1.1050000000000002 3.8050000000000002
decision_type=2 2 2 2 2 2 2 2 9 2 2 2 2 2 2 2 2 2 2 2 2 2 2 2 2 2 2 2 2 2
left_child=1 2 5 4 -4 8 7 -7 9 -1 11 26 -13 -10 -15 -16 17 -9 19 -19 -21 -20 23 -12 -25 -17 27 28 -11 -28
right_child=-2 -3 3 -5 -6 6 -8 16 13 10 22 12 -14 14 15 25 -18 18 21 20 -22 -23 -24 24 -26 -27 29 -29 -30 -31
leaf_value=7.17223583792694 0.0089825610550204275 40.977111963197871 -0.15318963271180266 -0.2305747685935586 63.574523583610507 -68.090002065779245 0.040981459639041325 -0.79603677413005158 -0.008141675300428244 -0.91697530016538309 -0.28869913854136603 26.146033933982046 -0.35084664130239845 5.5695954564738415 1.5983273670025449 -0.028388882071893558 -0.56187405176370153 -18.825407878256584 -1.0039746399756566 -19.92874510361893 -332.75706326497459 -13.705323567684591 0.10422371272658547 -1.896115245504699 -11.098181332009776 -1.0046650148460567 0.70784607818107614 -0.094174572537796847 -13.728412697110139 0.006844498637079941
leaf_weight=4.8165330741266521 872.6972776353723 0.43161753627873523 0.56437594327035545 3.427638220266771 0.55119212305744059 0.33166996022963147 65.702980510860684 0.27158205327452262 342.38686316822032 0.26552809303865266 4.9435442432226155 0.67194422562831579 7.301169042360697 3.0740348760643093 11.325487865687519 45.182688983824804 0.35419837977503121 0.026511312138090222 0.1950274184048017 0.0025152651942335078 0.0040564038984051611 0.079951881164742999 147.96570360500016 0.40907893693578934 0.21965511866333731 4.6083052061538501 23.260454021175978 4.2292978399483143 0.095080979977362867 9.9894551300894197
leaf_count=509 10851 546 1493 5351 56 1009 238 123 1726 107 503 42 1295 185 90 54112 57 144 44 23 146 413 1914 85 188 767 12 738 240 139
internal_value=0.0884901 0.190127 0.164323 7.52002 31.3341 0.115013 -0.35086 -20.6945 0.166096 0.349817 0.202528 0.645957 1.88221 0.0636685 0.456617 0.199445 -3.86123 -5.87734 -10.3569 -57.4014 -213.024 -4.69697 0.0702165 -0.832807 -5.11096 -0.118746 0.38547 -0.42421 -4.29494 0.49724
internal_weight=1555.39 682.688 682.257 4.54321 1.11557 677.713 66.9685 1.26551 610.745 204.167 199.351 45.8129 7.97311 406.577 64.1905 61.1165 0.933843 0.579644 0.308062 0.033083 0.00657167 0.274979 153.538 5.57228 0.628734 49.791 37.8398 4.58991 0.360609 33.2499
internal_count=83146 72295 71749 6900 1549 64849 2197 1959 62652 5772 5263 2573 1337 56880 55154 54969 950 893 770 313 169 457 2690 776 273 54879 1236 1085 347 151
cat_boundaries=0 1
cat_threshold=260
is_linear=0
shrinkage=0.05


Tree=34
num_leaves=31
num_cat=0
split_feature=2 2 1 2 1 2 5 4 1 1 1 11 2 1 1 1 5 1 1 1 1 6 2 1 4 2 2 2 1 1
split_gain=6442.5 861453 2.37529e+07 9969.58 663794 584898 878566 5.00178e+06 6.80558e+06 3.01948e+06 7240.9 228874 1.19954e+06 2.4609e+06 5.42788e+07 57634.8 535249 809166 152006 91071.3 2581.02 4828.75 4054.84 3170.57 2045.38 24637.1 226004 360995 1610.25 1343.97
threshold=8.0050000000000008 7.9850000000000012 9.0681000000000029 8.1150000000000002 15.198500000000001 8.0950000000000006 1.0000000180025095e-35 1.0000000180025095e-35 5.749950000000001 6.999550000000001 15.730650000000002 1.0000000180025095e-35 3.9250000000000003 13.175050000000001 14.880550000000001 16.434000000000001 1.0000000180025095e-35 16.151200000000003 15.817350000000001 16.029050000000002 14.367050000000003 1.0000000180025095e-35 3.9950000000000006 13.175050000000001 1.0000000180025095e-35 5.2250000000000005 6.1850000000000014 5.7650000000000006 14.880550000000001 13.175050000000001
decision_type=2 2 2 2 2 2 2 2 2 2 2 2 2 2 2 2 2 2 2 2 2 2 2 2 2 2 2 2 2 2
left_child=1 10 -3 4 5 -2 7 8 -7 -10 11 20 13 -13 -15 16 -12 18 -18 -20 21 23 -23 24 -1 -26 27 -27 -14 -5
right_child=3 2 -4 29 -6 6 -8 -9 9 -11 15 12 28 14 -16 -17 17 -19 19 -21 -22 22 -24 -25 25 26 -28 -29 -30 -31
leaf_value=-0.21154988973920377 -0.22417742063981527 -3.2216897663648307 1766.8658071217342 -0.15691626027014519 83.362015320638193 -447.16794943632806 -3.4566985946059674 -1.2385108545721257 -1392.5636670040988 -4412.0448146232056 0.46490297102849631 -1.6376116872619673 -1.418432314441191 -8031.2521757750355 -93.240457794465044 0.026788784831267967 40.09530208371946 93.672090465398711 -1.6528706475196768 20.183158148543267 -0.042931741565976511 -7.8032371384734933 -1.0647146987258898 0.52623921971470011 0.10652122822136555 87.740959420240799 -0.30197837312921932 -0.070138193011030359 -8.4861581639887227 0.032024257593570964
leaf_weight=38.704120267229769 2.8470912905745691 0.4908450361988923 0.019713714233089541 107.38471962802157 0.2105447730894644 0.035449294119608621 0.2417516984539935 0.12710882727563985 0.0017594082317824436 0.0015639184309030885 33.334753540480648 0.094809535196586442 0.86053215711673736 0.0022474752826043753 0.051508015923137897 177.15303112576643 0.42489965408482344 0.35639581862623249 1.1853200629699308 0.79962664644212056 192.92597424590446 0.32983689485241352 0.69081914714501202 60.51824557787225 199.04678142995317 0.19919001929733815 3.5648485764177367 0.28380034856351954 0.08891534366491527 761.92634500654583
leaf_count=58632 5336 1468 81 8723 20 393 29 17 67 155 161 316 615 837 248 197 70 99 125 67 900 102 68 112 1597 69 508 35 91 2008
internal_value=0.0890392 0.200754 65.125 -0.00198464 -2.67854 -8.24441 -64.2613 -152.877 -649.994 -2813.5 0.154108 0.0495969 -22.753 -154.868 -425.123 0.397853 2.21872 23.3532 12.9536 7.14367 0.100049 0.190986 -3.24235 0.202578 0.12157 0.185054 4.04678 36.144 -2.08032 0.00868471
internal_weight=1583.9 711.126 0.510559 872.776 3.46527 3.25472 0.407633 0.165881 0.0387726 0.00332333 710.616 497.362 1.09801 0.148565 0.0537555 213.254 36.101 2.76624 2.40985 1.98495 496.264 303.338 1.02066 302.317 241.799 203.095 4.04784 0.48299 0.949448 869.311
internal_count=83146 66398 1549 16748 6017 5997 661 632 615 222 64849 64130 2107 1401 1085 719 522 361 262 192 62023 61123 170 60953 60841 2209 612 104 706 10731
is_linear=0
shrinkage=0.05


Tree=35
num_leaves=31
num_cat=1
split_feature=0 1 0 0 0 0 0 0 0 1 3 6 1 4 1 1 0 0 0 1 1 1 1 0 0 1 1 1 4 1
split_gain=2181.37 3676.94 1565.34 132860 4471.73 3069.28 44990.5 732201 159103 321416 4270.56 327406 47994.1 109233 146884 18088.4 4461.68 16352.9 4151.12 3794.19 9990.25 2832.87 2796.71 1454.26 1959.99 1437.84 1230.52 15853.2 1011.97 2776.53
threshold=15.363350000000002 6.9738500000000014 10.176900000000002 10.129600000000002 9.6184500000000011 5.5929000000000011 6.6820500000000012 6.4496000000000011 5.7690500000000009 13.649400000000002 0 1.0000000180025095e-35 13.175050000000001 1.0000000180025095e-35 12.267650000000001 16.810900000000004 0.69060000000000021 1.2252500000000002 7.3207000000000013 13.262450000000001 16.029050000000002 9.5015500000000017 15.817350000000001 6.1312500000000005 6.1825500000000009 10.781950000000002 15.620850000000003 11.516400000000003 1.0000000180025095e-35 13.262450000000001
decision_type=2 2 2 2 2 2 2 2 2 2 9 2 2 2 2 2 2 2 2 2 2 2 2 2 2 2 2 2 2 2
left_child=2 -2 3 4 5 10 7 8 9 -7 11 12 13 16 -15 -14 -1 -18 19 -8 -21 -6 28 -10 -25 -12 27 -26 29 -20
right_child=1 -3 -4 -5 21 6 18 -9 23 -11 25 -13 15 14 -16 -17 17 -19 22 20 -22 -23 -24 24 26 -27 -28 -29 -30 -31
leaf_value=-0.36032670124506705 -0.24033192049882404 -7.1237664469617856 -0.011579274731440858 20.650898443753665 -6.91884429325538 -11.321531177630821 -0.73380589092198611 61.941303501461917 -0.10392572767882412 69.299199740224125 -0.21870772867298627 -317.03475793814539 -35.925607628598918 -313.33449907799559 -0.050444850635856658 -3.1885927839466812 -7.4836566676400622 -207.48131718231161 -0.086400129349578095 -13.776758811027277 -0.99292618783156983 -1.365368966206159 0.38412586746311295 -0.49160041791124637 -2.6690286716627734 0.078668011247955416 -2.297359510240045 -52.71700454293839 -0.028575409908740104 -1.7427688538143788
leaf_weight=11.533892258248175 0.61700289113185158 0.2829874259435825 536.87961199948631 0.7853751803504555 0.24948359595236036 0.24940976078233862 1.537958359842114 0.50752180161310434 12.469771621924563 0.24513615857488763 42.806452994137317 0.0081997414571767235 0.13339004508020913 0.006541515852419689 0.0087407277897000313 0.061718400160316378 0.0067261895007317135 0.0012052182525625482 10.341825282601024 0.22751319417086091 0.46553079911313944 2.886281876666553 44.62919142703295 0.56044908809568306 0.13063394547092039 806.1385143464837 0.14864720528039821 0.018003499694550229 85.39899005956741 3.3494650573611535
leaf_count=52577 91 89 3483 62 219 193 625 253 378 27 12582 79 164 493 11 7 1060 5537 888 151 24 402 141 63 333 1864 12 63 974 301
internal_value=0.0561647 -2.40472 0.0575828 0.0938121 0.0780474 0.0838376 0.284731 2.95821 0.792454 28.6405 0.0464273 -0.647736 -0.978148 -0.562986 -134.151 -25.57 -0.386106 -37.8743 0.0222462 -2.11797 -5.18962 -1.80721 0.0554694 -0.240908 -2.23236 0.0629321 -5.51408 -8.73102 -0.0925539 -0.491618
internal_weight=1562.69 0.89999 1561.79 1024.91 1024.12 1020.99 160.28 14.3296 13.8221 0.494546 860.705 11.7604 11.7522 11.5571 0.0152822 0.195108 11.5418 0.00793141 145.95 2.231 0.693044 3.13577 143.719 13.3275 0.857734 848.945 0.297285 0.148637 99.0903 13.6913
internal_count=83146 180 82966 79483 79421 78800 4426 1322 1069 220 74374 59928 59849 59678 504 171 59174 6597 3104 800 175 621 2304 849 471 14446 408 396 2163 1189
cat_boundaries=0 1
cat_threshold=1152
is_linear=0
shrinkage=0.05


Tree=36
num_leaves=31
num_cat=1
split_feature=3 0 0 2 2 2 2 0 2 2 2 0 0 5 0 2 2 0 2 2 2 2 2 0 0 0 0 2 0 0
split_gain=4987.49 54267.5 1.14036e+06 4.02512e+06 278697 281821 24131 11126.4 1731.1 1819.07 129267 848384 1.12326e+07 1.22845e+07 4857.1 43836.6 251221 1850.53 16978.2 28918.6 1901.63 10075.7 11476.5 78060.5 1562.92 173026 413255 590479 4179.73 7830.08
threshold=0 6.6820500000000012 0.072350000000000012 8.2250000000000032 2.1450000000000005 1.2150000000000001 3.3850000000000002 0.25075000000000008 4.5050000000000008 0.41500000000000004 1.1050000000000002 10.371450000000001 10.3238 1.0000000180025095e-35 0.072350000000000012 3.2450000000000006 2.7150000000000003 7.6753500000000008 2.8950000000000005 2.8150000000000004 3.6550000000000007 4.3750000000000009 4.3250000000000011 7.0194500000000009 6.4496000000000011 6.255300000000001 6.3374500000000014 8.7750000000000004 7.4536500000000006 6.7465500000000009
decision_type=9 2 2 2 2 2 2 2 2 2 2 2 2 2 2 2 2 2 2 2 2 2 2 2 2 2 2 2 2 2
left_child=1 2 4 -4 5 -1 -6 -5 9 -2 11 12 13 -11 15 16 -12 18 19 -16 -20 22 23 -22 25 -10 -27 -28 29 -26
right_child=8 -3 3 7 6 -7 -8 -9 24 10 14 -13 -14 -15 17 -17 -18 -19 20 -21 21 -23 -24 -25 28 26 27 -29 -30 -31
leaf_value=106.28996919765851 -0.0058534792741324155 -0.049431814969505876 394.95857545175858 -0.19124260637052987 4.1470323230895429 -25.765012893696447 -0.033829066432147538 -25.290114576398974 0.026348154959560097 813.61391164425322 53.92478437019313 -0.92751733055649077 -0.094955385668444497 4996.8618594100662 -30.611219575217355 0.26475454749299659 -0.12765031336613755 -0.0069164823470192656 -0.035471494466160394 -0.31238263053222481 -220.77623511234307 -0.60245221467046095 -0.051223270954740732 -2.6450775048195307 -7.1481691891549914 -0.50369167730666597 -0.41924196758966847 166.5392474799047 -0.069639960914319565 -0.65133807112285336
leaf_weight=0.12251120300122885 156.28990876710031 120.95826006584998 0.083497074618338996 0.19310180207412492 4.2510958979050733 0.060282087218202843 18.344815750062036 0.057245912079081862 665.49731419587749 0.019929874022581506 0.25668977259555048 1.5252041397079072 0.24991083133500069 0.0019244365382743425 0.12717459383390986 103.57761231026323 1.3224282666885738 171.22239102906804 5.6277567771336185 0.20683414866249292 0.005210079216466843 0.3324639330010889 0.023323589166616317 0.019274693079321142 0.58640899750643471 0.4845880009069774 0.10571598422092518 0.1061147692871455 270.76248403295426 2.2175644115648829
leaf_count=310 843 1203 621 5 913 177 3134 193 64941 220 204 150 6 445 647 2306 371 1164 311 25 274 69 20 26 213 78 42 41 3662 532
internal_value=0.0801813 0.350432 2.59472 94.3349 1.25018 62.7405 0.75274 -5.93049 0.0490851 0.13119 0.20647 13.5745 94.963 1181.98 0.121503 0.390805 8.65871 -0.0379817 -0.87668 -11.8487 -0.266703 -3.68876 -25.1512 -49.0609 0.0110948 0.0524149 24.9618 83.2172 -0.0895286 -2.01005
internal_weight=1524.64 144.071 23.1125 0.333845 22.7787 0.182793 22.5959 0.250348 1380.57 440.808 284.518 1.79697 0.271765 0.0218543 282.721 105.157 1.57912 177.564 6.34204 0.334009 6.00803 0.380272 0.0478084 0.0244848 939.76 666.194 0.696419 0.211831 273.566 2.80397
internal_count=83146 6556 5353 819 4534 487 4047 198 76590 7081 6238 821 671 665 5417 2881 575 2536 1372 672 700 389 320 300 69509 65102 161 83 4407 745
cat_boundaries=0 1
cat_threshold=640
is_linear=0
shrinkage=0.05


Tree=37
num_leaves=31
num_cat=0
split_feature=1 0 2 2 0 2 0 0 0 0 0 0 0 2 1 2 2 2 0 1 2 2 0 2 2 2 0 0 1 0
split_gain=8028.27 10571.1 47232.1 103867 673578 105506 223768 138866 885622 19237 8662.1 3314.77 3250.34 4628.91 11070.1 26765 7408 54929.6 3231.02 9260.01 6247.51 1.18489e+06 1.39619e+06 11000.6 3705.13 2701.16 2329.44 2694.23 2255.66 1708.21
threshold=11.813500000000003 10.176900000000002 3.0750000000000006 0.41500000000000004 3.4343000000000008 1.0050000000000001 3.9320000000000004 4.5627500000000003 4.6161000000000003 5.5929000000000011 9.9408000000000012 0.39540000000000003 8.6175500000000014 8.0350000000000019 15.512300000000002 0.60500000000000009 3.7450000000000006 3.1350000000000002 6.4496000000000011 6.9776000000000007 8.0350000000000019 5.2250000000000005 1.2252500000000002 7.5450000000000008 10.255000000000001 0.115 1.5717000000000001 2.3974500000000005 13.692350000000001 10.969800000000001
decision_type=2 2 2 2 2 2 2 2 2 2 2 2 2 2 2 2 2 2 2 2 2 2 2 2 2 2 2 2 2 2
left_child=1 2 3 25 -5 6 -6 -8 -9 -7 11 -4 13 14 16 -16 17 -2 19 20 21 26 23 -23 -22 -1 -13 -28 -18 -14
right_child=12 -3 10 4 5 9 7 8 -10 -11 -12 18 29 -15 15 -17 28 -19 -20 -21 24 22 -24 -25 -26 -27 27 -29 -30 -31
leaf_value=-2.840204215298769 -5.6398670767839931 0.0023428330497768696 -0.17967819789303907 -193.69504822195358 -16.595151464943971 -27.704414390348173 -68.974615371829032 -48.250110006589068 -943.81752592441774 -1.5885539924093344 -9.6958311845968819 -0.52256528483303655 -0.34850110959164365 0.046199331814160777 -0.021707632703122953 1.8190380905311025 0.53927883522767606 0.057653106338998089 -0.507057871366008 -0.87505872415024266 -1.0739310516970535 -238.67513658452901 -1985.4894568306079 -35.402294067628837 -8.3507700026847509 -0.15093100919560204 -37.8966895318908 -6.9969144627521489 0.13775550761107597 -0.0088891726047423524
leaf_weight=2.1235370122381885 4.5603549827479233 142.42689282921822 55.015557792205271 0.052674071834078129 0.099279613234103711 0.077452257438638483 0.01523404462390943 0.010373446909426324 0.0037615200271830041 0.78700619499942792 0.25009245887169029 0.349496047895614 40.816909428156237 597.43288256238566 44.799239677605669 35.315004533092576 57.024695810461509 58.457064927619996 12.770585955704973 4.548542918124352 0.59533667353865749 0.0012572020187253089 0.001636912573405177 0.0014143355652372069 0.24771257097299826 1.6664866873479707 0.0079267245898616556 0.064108718166391465 90.470180064330577 398.73729187259073
leaf_count=453 763 1367 60747 1741 44 318 39 24 126 272 96 39 1563 1082 100 339 187 130 1885 712 574 455 5694 898 565 291 55 530 398 1659
internal_value=0.0243179 -0.254627 -0.719739 -5.50695 -19.4569 -10.2154 -52.461 -173.703 -286.574 -3.92844 -0.406281 -0.374717 0.0707767 0.125817 0.289486 0.789708 0.0991173 -0.354657 -0.951979 -1.92868 -5.70557 -10.642 -835.615 -131.061 -3.21208 -1.65772 -2.21002 -10.3971 0.292993 -0.0404255
internal_weight=1548.73 221.116 78.6895 4.8358 1.04578 0.993107 0.128649 0.029369 0.014135 0.864458 73.8537 73.6036 1327.61 888.059 290.627 80.1142 210.512 63.0174 18.588 5.81743 1.26889 0.42584 0.00430845 0.00267154 0.843049 3.79002 0.421531 0.0720354 147.495 439.554
internal_count=83146 76925 75558 3308 2564 823 233 189 150 590 72250 72154 6221 2999 1917 439 1478 893 11407 9522 8810 7671 7047 1353 1139 744 624 585 585 3222
is_linear=0
shrinkage=0.05


Tree=38
num_leaves=31
num_cat=0
split_feature=1 1 2 0 2 5 0 2 0 0 0 2 2 0 0 0 0 1 1 2 2 2 1 0 0 2 0 0 2 0
split_gain=3831.6 15942.3 1.69114e+06 7723.37 32384.3 56635.5 335608 24930.6 408420 218552 22344.2 29106.6 4474.22 3102.5 4217.8 3016.42 8481.5 26579.1 119192 10288.8 8869.35 2930.95 3111.76 10757.5 2299.56 1795.68 5687.88 3399.43 2181.7 1021.12
threshold=7.226700000000001 9.267850000000001 4.9250000000000007 11.175250000000002 3.0750000000000006 1.0000000180025095e-35 5.6553000000000013 1.0050000000000001 8.2135000000000016 3.0440500000000008 10.3238 2.8950000000000005 0.115 9.3770000000000007 10.3238 8.6175500000000014 8.2135000000000016 15.864400000000002 15.283200000000003 2.2650000000000001 2.6050000000000004 8.0050000000000008 13.649400000000002 4.3956500000000007 10.129600000000002 0.41500000000000004 10.371450000000001 3.0440500000000008 0.91500000000000015 2.5014500000000006
decision_type=2 2 2 2 2 2 2 2 2 2 2 2 2 2 2 2 2 2 2 2 2 2 2 2 2 2 2 2 2 2
left_child=3 2 -2 4 5 7 -7 12 9 -9 11 -8 24 -6 -15 16 19 18 -18 -3 -21 22 -22 -24 -1 -14 27 29 -29 -27
right_child=1 15 -4 -5 13 6 10 8 -10 -11 -12 -13 25 14 -16 -17 17 -19 -20 20 21 -23 23 -25 -26 26 -28 28 -30 -31
leaf_value=-6.3961278348628809 251.4261128010339 -0.63325241978096758 -1.0909059959135252 0.026655006584294288 -0.25381757078898376 -138.10994450484756 -52.122788652643102 -0.050058132538635586 -2.65317394057845 -840.63860825628115 -0.51039857932300237 -0.052951272528617768 -0.140989616287921 -8.4280628439790028 -1.2318999301928315 -0.03940024926416541 -1.4244526581807548 -0.037486979433895055 22.720877345808415 0.84315537299151999 0.11974294641162962 0.039865943013626767 0.14538967178021664 1.3520404938896622 -0.42447379776405114 -9.7648323833111572 -0.22578785261849532 -30.891213972424335 -10.977855115272568 -0.96208290869486146
leaf_weight=0.73329808897578042 0.067465889264083923 45.587629650682516 3.8495066603055794 120.35450694323167 39.45735664779658 0.054325355423620325 0.054734323230287783 0.0011598969576880592 0.057690220253337747 0.0023198031893824438 0.3490397240283829 0.052659775958122636 1.6933576518922473 0.26461838099969026 0.88335989053290964 474.06675364176772 1.621416311849845 6.2220989232926138 0.74640247000130133 42.332161904144755 195.80814479954938 604.98142153639003 68.711479723213301 25.261863941025922 0.20663996459353395 0.082360630856232908 0.46412678808422136 0.027561817413327749 0.027456431670387582 0.054907087236642838
leaf_count=348 57 921 7030 861 63104 605 256 1212 39 294 26 25 198 296 240 3469 142 17 40 64 1298 1696 387 253 13 103 6 125 16 5
internal_value=0.0472059 0.0728497 3.25844 -0.181388 -0.74448 -5.11994 -20.6295 -2.75589 -34.3835 -560.443 -6.64684 -26.5908 -2.1678 -0.328366 -2.89067 0.0643343 0.113944 1.67825 6.18683 0.10027 0.135955 0.102496 0.23325 0.469761 -5.08329 -1.00156 -3.22158 -10.4526 -20.9536 -6.24373
internal_weight=1634.08 1469.26 3.91697 164.821 44.467 3.86164 0.510759 3.35088 0.0611699 0.0034797 0.456434 0.107394 3.28971 40.6053 1.14798 1465.34 991.273 8.58992 2.36782 982.683 937.095 894.763 289.781 93.9733 0.939938 2.34977 0.656413 0.192286 0.0550182 0.137268
internal_count=83146 15374 7087 67772 66911 3271 912 2359 1545 1506 307 281 814 63640 536 8287 4818 199 182 4619 3698 3634 1938 640 361 453 255 249 141 108
is_linear=0
shrinkage=0.05


Tree=39
num_leaves=31
num_cat=0
split_feature=1 0 2 2 0 2 0 0 2 2 6 1 1 2 2 0 0 2 2 0 2 2 1 0 0 1 2 5 1 0
split_gain=5413.41 6214.34 60503.9 26174.5 180865 1.71307e+06 534028 3115.23 3620.46 9621.28 57088 11841.8 73663.9 17511.5 15702.3 1145.23 7179.04 34091.2 133521 5831.89 25300.4 83871.2 119216 1141.14 3509.04 3352.43 56543.9 52270.2 9113.83 6731.1
threshold=11.813500000000003 10.176900000000002 1.0000000180025095e-35 1.5650000000000002 0.34005000000000007 0.41500000000000004 2.6679000000000004 8.6175500000000014 8.0350000000000019 7.035000000000001 1.0000000180025095e-35 15.512300000000002 16.434000000000001 2.8950000000000005 2.5050000000000003 10.409250000000002 9.6712000000000007 6.6950000000000012 3.5250000000000004 9.5603500000000015 4.5650000000000004 3.4750000000000005 16.214600000000004 0.39540000000000003 6.4496000000000011 8.7581500000000023 10.655000000000003 1.0000000180025095e-35 6.999550000000001 5.5929000000000011
decision_type=2 2 2 2 2 2 2 2 2 2 2 2 2 2 2 2 2 2 2 2 2 2 2 2 2 2 2 2 2 2
left_child=1 2 -1 4 -4 -6 -7 8 9 11 -11 13 -13 14 -2 16 19 18 -18 20 21 22 -9 -5 25 26 28 29 -25 -28
right_child=7 -3 3 23 5 6 -8 15 -10 10 -12 12 -14 -15 -16 -17 17 -19 -20 -21 -22 -23 -24 24 -26 -27 27 -29 -30 -31
leaf_value=-28.834539442784475 -3.0781224765923807 0.0014775057098599686 -0.74905696740774841 -0.19759918210268612 -0.4437283703179839 -217.18086621526245 -693.01901673264899 -121.69073867061277 0.043741938909164446 10.838665129914665 -0.017401910927622551 3.7213045591020042 0.025660335544904624 0.14392161811209842 0.038556293499803412 -0.01066618834037036 -158.18803763160528 -1.2808467346310684 -8.9841055343730112 0.030946917919758538 -0.56205928367239666 -1.1452508556663992 -4.2410960093050285 -1.9446678962129842 -0.35398013972892911 -1.134931308547432 -0.050378127335515777 -204.36143222938233 -45.70148635104173 -59.26727109480322
leaf_weight=0.18868207961854366 8.2445412162196519 141.97930737971865 1.7046866192575527 49.251594974925126 0.19551299155696525 0.011974373522134478 0.011616581407416927 0.039461157615159947 567.66138755579004 1.476789490186152 6.7282369751929378 16.52801880383474 73.209510402806885 267.69848541947897 7.9268627178052009 426.1956564954433 0.017072494630900145 1.3895705872013764 0.12318333579294545 33.776534484618324 2.6283253260230324 0.27640725886441969 0.047750372439622879 0.96940551503029326 21.904568980845788 3.1486676483673253 0.0074494878031372601 0.0061151691033986882 0.01204795945085213 0.013486740077971697
leaf_count=330 702 1367 169 61874 347 189 552 176 1082 162 63 308 88 555 39 2096 196 235 143 73 247 50 6 8740 2115 615 188 299 77 63
internal_value=0.0360503 -0.195028 -0.555369 -0.486286 -6.24537 -49.0081 -451.492 0.0719066 0.123816 0.242866 1.93654 0.20567 0.706331 0.0474003 -1.5504 -0.0342011 -0.296105 -3.65217 -27.1458 -0.156469 -2.27224 -14.6338 -57.3843 -0.339177 -0.606732 -1.93851 -4.44736 -75.7596 -2.48181 -38.1968
internal_weight=1633.37 219.405 77.4258 77.2371 1.92379 0.219104 0.023591 1413.97 949.474 381.812 8.20503 373.607 89.7375 283.87 16.1714 464.494 38.2983 1.52983 0.140256 36.7685 2.99194 0.363619 0.0872115 75.3133 26.0617 4.15717 1.0085 0.0270514 0.981453 0.0209362
internal_count=83146 76925 75558 75228 1257 1088 741 6221 2999 1917 225 1692 396 1296 741 3222 1126 574 339 552 479 232 182 73971 12097 9982 9367 550 8817 251
is_linear=0
shrinkage=0.05


Tree=40
num_leaves=31
num_cat=1
split_feature=1 0 2 0 2 2 0 2 0 0 1 0 2 2 1 3 1 2 1 0 0 1 1 1 1 2 1 0 1 1
split_gain=4921.29 7006 39252.7 28170.4 54768.5 8536.12 5749.81 17886.4 14998.2 126121 4574.09 10169.1 33289.4 7600.53 3433.78 2846.45 10578.5 4884.47 22930.5 295714 498755 4131.2 6427.03 1820.28 12420.3 25982.4 68863 2609.48 1522.53 1930.83
threshold=10.781950000000002 6.4496000000000011 1.1050000000000002 0.072350000000000012 0.21500000000000002 0.21500000000000002 1.5717000000000001 5.285000000000001 5.6553000000000013 1.8578500000000002 8.7581500000000023 5.5929000000000011 8.0650000000000031 8.0850000000000026 11.516400000000003 0 15.817350000000001 2.4050000000000007 15.350350000000002 11.546750000000001 11.506600000000001 15.512300000000002 15.620850000000003 9.9039000000000019 8.9135500000000025 8.1350000000000033 8.9874000000000027 5.5929000000000011 1.0000000180025095e-35 9.8073000000000015
decision_type=2 2 2 2 2 2 2 2 2 2 2 2 2 2 2 9 2 2 2 2 2 2 2 2 2 2 2 2 2 2
left_child=1 2 3 5 -5 -1 28 8 9 -8 11 13 -13 -9 -2 16 17 18 19 20 -16 -19 -23 24 -12 26 -26 -27 -4 -30
right_child=14 -3 6 4 -6 -7 7 10 -10 -11 23 12 -14 -15 15 -17 -18 21 -20 -21 -22 22 -24 -25 25 27 -28 -29 29 -31
leaf_value=-10.223169871420637 0.65770836276462008 -0.052278927856125382 -0.12098464505820304 -1.4916108561304444 -41.184982645236829 -1.5054788975714331 -10.360221608047528 -131.07787008155546 -7.7625534746544833 -366.72522463902135 -0.93810033202079424 -8.9230320131434109 -136.70585838158465 -1.2888445652074463 -120.27222924464193 0.015260137565422632 0.7394035468054927 0.093509382577396244 -0.015082905944984619 -0.015225594828127305 -0.074413639627306336 1.6666901391318349 -0.056247417247977917 -0.20427870669531423 -19.895356722797747 -1.6064417931517818 -313.65211582415054 -23.557912361647823 -2.0527548203757231 -0.34061117337975055
leaf_weight=0.46827975405232736 25.400578394921467 163.66998701688465 22.158903720320538 0.1749650524075004 0.17266233268574713 0.70137342810630798 0.014408156741551378 0.001144795085341598 0.019300320687119527 0.0029996650598814586 0.40308790893855762 0.022542801841155678 0.0065858818016429578 0.076876531142312632 0.14183287112403942 928.64513032970672 69.083283654589764 485.5612484073867 33.561895911215686 4.1216396681504763 0.22044357657432556 10.752641402124127 10.89901257630676 0.70357693186120795 0.0075584929434861859 0.032130277316852709 0.0027104417501185646 0.023396881854907653 2.5827916493580965 4.5431085786174803
leaf_count=222 152 3651 50511 224 497 77 58 5369 143 1062 100 294 234 702 615 3811 238 1382 87 74 4 31 55 64 34 128 116 44 12976 191
internal_value=0.0515836 -0.184775 -0.859955 -8.70985 -21.2068 -4.99567 -0.470737 -3.70346 -38.1154 -71.768 -2.71629 -12.6049 -37.8142 -3.19322 0.0810892 0.0715969 0.154001 0.082656 -0.463755 -3.82204 -47.1324 0.123642 0.799398 -1.81258 -4.22588 -24.3679 -97.4312 -10.8559 -0.32543 -0.96118
internal_weight=1764.18 195.788 32.1184 1.51728 0.347627 1.16965 30.6011 1.31632 0.0367081 0.0174078 1.27961 0.10715 0.0291287 0.0780213 1568.39 1542.99 614.342 545.259 38.0458 4.48392 0.362276 507.213 21.6517 1.17246 0.468884 0.0657961 0.0102689 0.0555272 29.2848 7.1259
internal_count=83146 76697 73046 1020 721 299 72026 8348 1263 1120 7085 6599 528 6071 6449 6297 2486 2248 780 693 619 1468 86 486 422 322 150 172 63678 13167
cat_boundaries=0 1
cat_threshold=524
is_linear=0
shrinkage=0.05


Tree=41
num_leaves=31
num_cat=2
split_feature=1 3 2 2 5 2 2 1 1 2 2 1 2 1 2 3 1 1 2 1 2 2 1 1 1 1 2 1 1 1
split_gain=4340.16 3030.99 48093.4 69359 7995.64 14455.3 6116.23 3056.65 6130.35 11770.1 1.34948e+06 15055.9 47659.7 3324.88 12250.3 2236.92 21064.6 10581.7 4800.64 23149.4 49254.6 183066 1.16217e+06 2.43857e+06 6994.66 1985.45 6021.56 1251.21 5686.88 1187.22
threshold=11.203800000000003 0 1.1050000000000002 0.74500000000000011 1.0000000180025095e-35 1.0000000180025095e-35 0.60500000000000009 1.0000000180025095e-35 9.6694000000000013 8.0050000000000008 7.9750000000000005 8.7801000000000027 5.7650000000000006 6.1757500000000016 7.5150000000000006 1 15.817350000000001 12.415550000000001 2.4050000000000007 15.350350000000002 1.9550000000000003 1.0000000180025095e-35 14.919850000000002 12.415550000000001 15.512300000000002 8.9228500000000022 7.4150000000000009 8.2946000000000009 7.9688500000000007 16.314600000000002
decision_type=2 9 2 2 2 2 2 2 2 2 2 2 2 2 2 9 2 2 2 2 2 2 2 2 2 2 2 2 2 2
left_child=1 -1 3 4 5 -3 -6 -4 9 10 11 13 -13 14 -9 16 18 -17 19 20 21 -2 23 -23 -20 26 -14 28 -11 -18
right_child=15 2 7 -5 6 -7 -8 8 -10 27 -12 12 25 -15 -16 17 29 -19 24 -21 -22 22 -24 -25 -26 -27 -28 -29 -30 -31
leaf_value=0.005209802147086896 -2.6262667872536962 -13.032519615149553 -0.12543508377829055 -47.170906743362877 -9.8579386950983352 -0.38056609476179032 -27.677457130035926 -198.45116971594953 -0.44895354831009038 -5.0798878989736327 -1157.4108624552475 -153.92432122841183 -0.050041844988016553 -1.7668516454620413 -0.05000797156861974 1.6153107589619342 1.5471850846760782 0.015547941556743173 0.091152326650495274 -0.014152468284338549 -0.54807570137664907 -0.051166731158539529 -7.1858616633472483 -863.67822963624224 1.2410262113612542 -7.1434742660989121 -149.5298493267147 -0.97557985293646166 -86.422325573691381 0.9792756762950644
leaf_weight=126.78173768582046 0.99736110235411968 0.32014431819185185 66.873178026450859 0.11142443699086313 0.28558393034738361 0.76578717800132778 0.057920159246350522 0.0010080586110708936 9.4638693849258431 0.02982229168732415 0.0025489026843624743 0.0068237292276869454 0.00205024158408978 0.53652509644864299 0.0034097036735669661 10.455113148654844 21.633770435024843 913.27473987720987 466.39544345498615 33.969137572695104 3.1744342830813821 0.022282576708833379 0.21792757710055133 0.012909143249714816 13.611289079530705 0.035244509957864448 0.001003479771587015 1.5865436303279297 0.0023155569241871043 16.015212596309226
leaf_count=4882 105 199 56633 261 219 377 44 107 707 1029 565 78 39 8137 543 133 139 3700 1425 87 95 43 57 404 86 1294 275 1087 297 99
internal_value=0.0525176 -0.162 -0.379919 -9.17544 -6.21369 -4.1105 -12.8626 -0.255742 -1.00237 -3.37516 -9.4299 -4.43712 -32.1852 -2.12256 -45.3218 0.0825063 0.160769 0.0332942 0.0807263 -0.457269 -3.85898 -12.2639 -50.2391 -316.85 0.123759 -10.4945 -49.1704 -1.17343 -10.9407 1.30561
internal_weight=1686.65 206.867 80.0852 1.54086 1.42944 1.08593 0.343504 78.5443 11.6712 2.2073 0.588614 0.586065 0.045122 0.540943 0.00441776 1479.78 556.05 923.73 518.401 38.3941 4.42491 1.25048 0.253119 0.0351917 480.007 0.0382982 0.00305372 1.61868 0.0321378 37.649
internal_count=83146 76773 71891 1100 839 576 263 70791 14158 13451 11038 10473 1686 8787 650 6373 2540 3833 2302 791 704 609 504 447 1511 1608 314 2413 1326 238
cat_boundaries=0 1 2
cat_threshold=778 524
is_linear=0
shrinkage=0.05


Tree=42
num_leaves=31
num_cat=0
split_feature=1 0 2 0 0 2 1 0 2 2 0 2 5 2 1 0 2 2 2 0 1 4 0 0 2 2 2 2 0 1
split_gain=3919.34 4361.36 154066 105118 3.60691e+06 59605.8 11736.5 2549.46 6454.45 5567.93 21826.2 2599.17 2718.34 32192.2 140969 391077 96122.6 333047 1.17498e+06 3799.12 2485.73 1379.54 844.252 3871.51 4368.99 1046.41 1501.26 819.317 1742.64 7236.92
threshold=11.203800000000003 10.176900000000002 1.8350000000000002 10.129600000000002 0.34005000000000007 1.0000000180025095e-35 4.2579000000000002 9.9812500000000011 0.74500000000000011 2.2650000000000001 9.5603500000000015 8.0050000000000008 1.0000000180025095e-35 4.2750000000000012 13.836400000000001 8.7428000000000008 6.1150000000000011 5.7650000000000006 4.4250000000000007 8.0068500000000018 15.864400000000002 1.0000000180025095e-35 6.5032000000000005 6.6820500000000012 6.0450000000000008 5.705000000000001 4.4250000000000007 10.015000000000002 12.596050000000002 15.317600000000001
decision_type=2 2 2 2 2 2 2 2 2 2 2 2 2 2 2 2 2 2 2 2 2 2 2 2 2 2 2 2 2 2
left_child=1 2 3 4 5 6 -1 8 -2 10 -10 12 -11 21 15 -15 17 18 -16 20 -20 -14 -4 24 -24 26 -25 -9 -29 -30
right_child=7 -3 22 -5 -6 -7 -8 27 9 11 -12 -13 13 14 16 -17 -18 -19 19 -21 -22 -23 23 25 -26 -27 -28 28 29 -31
leaf_value=-62.907588656681938 0.6082146888693829 0.0099854031364139291 -0.18367021699863775 -0.10818867313510341 -977.78045064604032 -4.1623232278755209 -25.450812383061741 0.006613267691449644 -3.2370658110205461 0.12089590619641014 0.025568051873273451 0.033253658461756118 0.069087770796611478 83.477244659906347 227.67106333889544 -0.40366594814465107 -0.33347017811972651 -0.68163782601757528 -29.751363257139651 -3.9267038514749992 -10.325577889765682 0.41717770594867015 -0.90193011179005989 -1.0210572010858219 -10.908798242399342 -0.29147438874337028 -6.6512093166128885 -0.12074718783733943 -0.24892597686679979 -5.8933249875081231
leaf_weight=0.062738979934153949 64.885080472215805 137.7554548332763 58.454433828103667 0.24856780469417572 0.010022182177877814 0.26775938584902326 0.031369488690678571 361.51949107931938 6.113877888770161 308.94944523057717 31.725276421988383 453.60699386063925 85.780131756680618 0.20189177754105159 0.077394399592953828 0.44575297264461 7.5145793463628392 0.69182119852651636 0.031885139678633656 0.090156100544679735 0.034057929066032999 42.598746718917965 0.24992972612382547 0.48215987142488492 0.1935401927013578 7.1118394617043359 0.1569393437390042 52.39409182106855 3.3895841242566243 0.68217202313831782
leaf_count=155 513 1339 71684 4 1337 203 32 1646 581 311 38 1386 129 128 15 48 254 29 92 34 13 325 22 224 108 1523 142 566 136 129
internal_value=0.0531977 -0.151165 -0.481173 -25.2814 -42.1069 -16.1928 -50.422 0.0826891 0.125933 0.0925666 -0.501593 0.117547 0.203197 0.388166 3.26404 25.7447 1.53896 16.7452 68.3794 -10.5978 -19.7184 0.184591 -0.250299 -0.72559 -5.26915 -0.46563 -2.40362 -0.0210525 -0.198181 -1.19457
internal_weight=1625.76 205.025 67.2693 0.620458 0.37189 0.361868 0.0941085 1420.73 1002.75 937.862 37.8392 900.023 446.416 137.466 9.08754 0.647645 8.43989 0.925315 0.233494 0.156099 0.0659431 128.379 66.6488 8.19441 0.44347 7.75094 0.639099 417.985 56.4658 4.07176
internal_count=83146 76773 75434 1731 1727 390 187 6373 3896 3383 619 2764 1378 1067 613 176 437 183 154 139 105 454 73703 2019 130 1889 366 2477 831 265
is_linear=0
shrinkage=0.05


Tree=43
num_leaves=31
num_cat=1
split_feature=0 1 1 1 0 2 2 1 2 4 0 2 1 0 0 2 2 2 2 2 3 0 0 6 0 2 0 0 0 2
split_gain=3251.14 6707.6 7539.35 2687.61 2814.05 99474 3.13552e+06 3.14449e+07 2613.29 17010.1 2432.75 2193.02 1957.6 1791.19 4679.94 13331.6 27066.7 128400 1540.9 1051.28 1313.53 2814.28 9377.71 1028.77 2830.01 2601.39 6007.56 938.224 2715.35 1548.54
threshold=15.069100000000002 14.919850000000002 15.070250000000003 11.203800000000003 10.176900000000002 2.7150000000000003 0.41500000000000004 8.2661500000000014 0.74500000000000011 1.0000000180025095e-35 11.960000000000003 1.7050000000000003 15.730650000000002 8.2948500000000021 10.409250000000002 4.5650000000000004 4.1650000000000009 3.4750000000000005 1.0000000180025095e-35 8.0050000000000008 0 5.7073500000000008 5.151250000000001 1.0000000180025095e-35 10.129600000000002 7.2650000000000006 8.680550000000002 6.5032000000000005 6.6820500000000012 5.705000000000001
decision_type=2 2 2 2 2 2 2 2 2 2 2 2 2 2 2 2 2 2 2 2 9 2 2 2 2 2 2 2 2 2
left_child=3 -2 -3 4 5 6 18 -8 9 10 -5 12 -10 19 15 16 17 -15 -1 20 -13 22 -22 -17 25 -25 -27 -7 -29 -30
right_child=1 2 -4 8 -6 27 7 -9 11 -11 -12 13 -14 14 -16 23 -18 -19 -20 -21 21 -23 -24 24 -26 26 -28 28 29 -31
leaf_value=-5.806265161824399 -0.43571751208110748 -0.47920417388882425 -17.625325633067245 -0.53648968705082367 0.011124680728809275 -0.15942491716294671 -8984.3164568853845 -18.364383510414878 -0.68471913395318851 1.0843945561407053 0.048229442831929661 0.06030972032468223 -0.037828513101879291 -175.5579562787311 -0.017866677394177431 -0.71673921783304995 -1.1028959730416892 -9.9077883204186783 -0.10122284174726942 0.03690213467450594 0.28626348456442313 0.099917109036487206 1.989684155789188 -7.4736484650075941 -1.2440541440279 -13.273300241500118 -89.561437738343841 -4.1875586752966765 -3.6843053716023828 -0.30796959571040028
leaf_weight=0.22105544832131141 0.77626321429908973 0.11870193490478728 0.13940898236710678 22.367917102509281 137.1274931114551 63.520194783321308 0.0010740999395011048 0.010919454295588583 18.525074101417118 44.913595721487013 86.890535783009469 280.46798901030132 31.720664505355529 0.013667445876108714 287.32933816400424 5.6390763359117804 0.19109689209095015 0.081194346779158016 0.25476182169876121 441.52934339375383 82.29510101529371 146.81115365495339 8.9592666125450915 0.067113157616696228 0.33044582587702254 0.01126057068601982 0.0033478582423712737 0.53482812149218428 0.35859889600398176 6.4108950390530222
leaf_count=323 141 4 95 441 1216 70963 1757 33 511 251 71 469 129 222 1590 352 37 132 412 1102 406 206 30 60 57 33 157 128 295 1523
internal_value=0.0448389 -2.75746 -9.74004 0.0465781 -0.12136 -0.376117 -22.8775 -821.323 0.0705846 0.265253 -0.0714771 0.0475685 -0.27633 0.0605494 -0.0475096 -1.39152 -11.941 -33.7742 -2.75167 0.0936028 0.141883 0.225961 0.453504 -0.892994 -3.30443 -11.6357 -30.7565 -0.221136 -0.757794 -0.486823
internal_weight=1667.62 1.03437 0.258111 1666.59 208.44 71.3123 0.487811 0.0119936 1458.15 154.172 109.258 1303.98 50.2457 1253.73 293.667 6.3372 0.285959 0.0948618 0.475817 960.063 518.534 238.066 91.2544 6.05124 0.412167 0.0817216 0.0146084 70.8245 7.30432 6.76949
internal_count=83146 240 99 82906 76650 75434 2525 1790 6256 763 512 5493 640 4853 2640 1050 391 354 735 2213 1111 642 436 659 307 250 190 72909 1946 1818
cat_boundaries=0 1
cat_threshold=134
is_linear=0
shrinkage=0.05


Tree=44
num_leaves=31
num_cat=2
split_feature=0 5 1 3 1 1 1 0 0 0 1 0 5 1 0 0 0 5 1 1 1 1 0 1 1 1 1 3 0 0
split_gain=49391.4 55215.3 3741.05 3089.13 8841.18 29559.4 6294.62 30741.3 229757 3.0116e+06 128746 68549.3 32317.6 10447.1 3043.07 31166.3 10025.4 1927.02 2831.89 4736.99 12288 355548 4617.28 44981.5 64878.5 24004.5 166467 1600.39 1423.7 26005.6
threshold=15.069100000000002 1.0000000180025095e-35 15.114450000000001 0 16.029050000000002 16.434000000000001 13.692350000000001 5.7073500000000008 0.64970000000000006 5.3511000000000015 7.3747500000000006 0.32570000000000005 1.0000000180025095e-35 11.203800000000003 0.69060000000000021 4.2961 1.6104000000000001 1.0000000180025095e-35 11.813500000000003 8.6037500000000033 9.2339000000000002 8.9135500000000025 0.32570000000000005 9.8073000000000015 9.6164500000000022 9.5861000000000018 9.267850000000001 1 6.7921500000000004 5.5929000000000011
decision_type=2 2 2 9 2 2 2 2 2 2 2 2 2 2 2 2 2 2 2 2 2 2 2 2 2 2 2 9 2 2
left_child=3 -2 -3 4 6 -6 7 8 10 14 11 12 -1 -12 -10 16 -16 18 19 -5 21 28 23 24 25 26 -22 -19 29 -21
right_child=1 2 -4 17 5 -7 -8 -9 9 -11 13 -13 -14 -15 15 -17 -18 27 -20 20 22 -23 -24 -25 -26 -27 -28 -29 -30 -31
leaf_value=35.353506364417299 15.216951844680564 -0.57349434195863835 -8.7895322426717968 -0.24192651768668796 3.1457849413984742 -0.080184410363113287 0.0034278543103395142 0.028804475727731167 -0.086657407116307761 462.73701277326984 -0.010769650561575391 -0.47680429041307254 -1.4162632045162058 2.3127513431721018 -194.24036061619807 -2.0134859445788091 -66.611123766786704 0.032086275658902215 0.098105259570801975 -3.2623852597828811 -7.5401481689125909 -711.36181196257007 -0.85092883093147853 -2.5572524365027345 -342.99476253444186 -7.409708352538809 -584.08331173629404 -0.13584981827575912 -0.05247788938173157 -202.49094382715199
leaf_weight=0.48628512897323151 1.1117564822639174 0.46386704816993829 0.1975588649745551 16.381515105352253 10.509042338020143 21.895902948078351 348.59984937895109 99.683236204020915 0.24407334625721233 0.038073942065238953 16.276772726687188 0.25527746509761606 0.068130470894062434 6.8837262443660725 0.0018023529650010818 0.12790192722213273 0.010516726890334066 286.95777480753634 576.95511852059553 0.03113970817950993 0.00667573172297844 0.0018276091487829512 1.6592241468749795 0.36495051134412915 0.0020411450852777886 0.013588601979716479 0.0015410080077755926 268.21431128361621 0.044990150444047472 0.0017289000108133895
leaf_count=3923 62 115 63 61647 116 100 974 913 1 50 159 23 198 143 63 194 400 663 771 876 66 856 345 149 266 41 561 9370 20 18
internal_value=0.0710798 8.41147 -3.02751 0.0621477 0.163814 0.966009 0.112284 0.418123 2.00912 38.5657 1.36498 20.9631 30.835 0.679824 -3.45907 -9.3292 -85.284 0.0159582 0.0785752 -0.530201 -2.74967 -22.0129 -2.00015 -6.90456 -73.4365 -48.2038 -115.668 -0.0509159 -5.83155 -13.7419
internal_weight=1657.49 1.77318 0.661426 1655.72 505.081 32.4049 472.676 124.076 24.3926 0.422368 23.9702 0.809693 0.554416 23.1605 0.384294 0.140221 0.0123191 1150.64 595.464 18.5092 2.12771 0.0796864 2.04802 0.388797 0.0238465 0.0218053 0.00821674 555.172 0.0778588 0.0328686
internal_count=83146 240 178 82906 7257 216 7041 6067 5154 708 4446 4144 4121 302 658 657 463 75649 65616 64845 3198 1770 1428 1083 934 668 627 10033 914 894
cat_boundaries=0 1 2
cat_threshold=648 18
is_linear=0
shrinkage=0.05


Tree=45
num_leaves=31
num_cat=2
split_feature=2 3 0 5 2 2 2 2 2 2 2 2 2 2 2 2 2 0 2 2 0 2 2 2 0 2 5 0 0 3
split_gain=4432.86 13749.1 93139.2 171957 2.59926e+06 7967.49 8832.51 62661.1 185102 6292.82 4484.96 20074.7 4220.84 4383.96 3426.21 2413.17 2319.3 1746.94 27797.8 29480.8 1708.2 24823.6 1585.78 1568.82 1432.33 2323.94 1732.32 1357.24 9020.77 692.825
threshold=4.5050000000000008 0 1.0000000180025095e-35 1.0000000180025095e-35 8.1550000000000029 8.0650000000000031 8.0550000000000015 7.9850000000000012 8.0150000000000023 7.0850000000000009 6.1150000000000011 6.3550000000000013 6.5750000000000011 6.9150000000000009 6.955000000000001 8.1150000000000002 8.0850000000000026 6.6245000000000012 7.5950000000000006 7.5250000000000012 9.9812500000000011 0.74500000000000011 7.7550000000000008 7.0650000000000004 0.072350000000000012 2.6050000000000004 1.0000000180025095e-35 0.39540000000000003 5.6553000000000013 1
decision_type=2 9 2 2 2 2 2 2 2 2 2 2 2 2 2 2 2 2 2 2 2 2 2 2 2 2 2 2 2 9
left_child=20 2 3 4 5 6 7 9 -9 10 -2 -12 -13 -14 -15 16 -7 18 19 -4 21 -1 -11 -16 25 -23 -26 -20 -29 -3
right_child=1 29 17 -5 -6 15 -8 8 -10 22 11 12 13 14 23 -17 -18 -19 27 -21 -22 24 -24 -25 26 -27 -28 28 -30 -31
leaf_value=2.0540414012540094 -4.271187336101014 0.034081814690413138 -364.18425184604348 -0.70866197648214613 -461.54776964210555 -55.036168357910711 -0.57900391596045508 -366.03974329308539 -15.574053510265873 -5.0423606522881723 -234.69886816623622 -87.024176594815998 -0.05000034473336995 -109.56295547151504 -19.661586231182483 -101.00509302513687 -0.050000519496536604 -0.32131294195002397 -0.076096111735425909 -0.050000633047710019 0.0204985107189668 0.42787736807866683 -13.96102921582829 -83.125212539509732 0.076039518403755724 0.096275502408885855 -0.3103815454075492 -35.462508807769368 -1.9121002583594593 -0.059617010569557732
leaf_weight=16.911530135988073 0.011845009486732096 362.64688328315589 0.0010984959492392745 0.96977210976629902 0.033687394336731513 0.0072745568623014401 0.19541546449114433 0.0049181613002750027 0.016104042034655874 0.27041318916581447 0.0012785060621132152 0.0028744164156795362 0.010211645936616167 0.0018262679491858344 0.0050977446635309676 0.0019810788685137313 0.00260429110998045 6.5487800706111532 0.23031534867357686 0.0011252172453168896 304.73612760916933 75.265211224671077 0.061102598894572258 0.0012037284957265486 251.25876323727732 177.30184677788066 32.78795587673261 0.022591636192445336 0.17703367793447372 411.83509384270536
leaf_count=1454 1761 759 2436 527 502 1018 479 1909 2184 30241 203 445 1568 285 641 181 948 422 327 1089 1346 739 7036 125 1155 3854 1417 3505 129 14461
internal_value=0.0370789 -0.0489467 -1.39301 -13.9074 -34.2945 -10.0699 -9.2436 -13.6202 -97.5658 -8.79661 -29.1721 -42.2855 -30.6892 -21.8596 -49.2611 -50.6405 -40.5406 -0.5245 -3.60349 -179.929 0.115567 0.167905 -6.68619 -31.7846 0.108463 0.195093 0.0314343 -2.69151 -5.70901 -0.0158679
internal_weight=1641.32 783.061 8.57855 1.59761 0.627838 0.594151 0.582291 0.386875 0.0210222 0.365853 0.0343373 0.0224923 0.0212138 0.0183394 0.00812774 0.0118599 0.00987885 6.98094 0.432164 0.00222371 858.261 553.525 0.331516 0.00630147 536.614 252.567 284.047 0.429941 0.199625 774.482
internal_count=83146 73181 57961 50053 49526 49024 46877 46398 4093 42305 5028 3267 3064 2619 1051 2147 1966 7908 7486 3525 9965 8619 37277 766 7165 4593 2572 3961 3634 15220
cat_boundaries=0 1 2
cat_threshold=1152 24
is_linear=0
shrinkage=0.05


Tree=46
num_leaves=31
num_cat=1
split_feature=3 1 1 0 2 1 1 2 0 1 1 1 5 2 2 2 1 0 2 1 2 0 2 1 5 0 1 2 2 0
split_gain=3903.79 12391.9 9215.98 498651 4.8319e+06 5.43135e+06 516974 35716 2168.56 4296.73 8589.15 12236.6 1800.53 29715.1 259989 3469.85 24282 37335.8 10452.7 13317.7 373189 3.77024e+06 1479.85 1256.47 1185.27 9817.28 1143.71 1695.98 14397.4 303381
threshold=0 16.029050000000002 13.079150000000002 9.9408000000000012 1.8350000000000002 7.3479500000000009 12.267650000000001 8.6050000000000022 14.487500000000002 15.028300000000002 15.416350000000001 15.447300000000002 1.0000000180025095e-35 0.74500000000000011 0.60500000000000009 3.1350000000000002 15.070250000000003 11.762650000000002 1.0000000180025095e-35 13.742700000000001 2.1450000000000005 12.179000000000002 1.1050000000000002 10.781950000000002 1.0000000180025095e-35 6.7465500000000009 8.6037500000000033 8.0150000000000023 3.6150000000000007 6.849800000000001
decision_type=9 2 2 2 2 2 2 2 2 2 2 2 2 2 2 2 2 2 2 2 2 2 2 2 2 2 2 2 2 2
left_child=1 2 3 4 5 -1 7 -6 12 -10 -11 -12 13 14 -2 16 18 -18 -14 20 21 -20 -15 26 25 -9 -24 28 -28 -30
right_child=8 -3 -4 -5 6 -7 -8 24 9 10 11 -13 15 22 -16 -17 17 -19 19 -21 -22 -23 23 -25 -26 -27 27 -29 29 -31
leaf_value=-11.646536876391876 -0.51251680091379093 1.2976891644755939 -0.0027166813236564709 0.060404434996107287 -28.003191314249683 774.99168631353427 78.732031956352344 -26.520085707320607 -0.46240419770086039 -0.75717793636036845 -0.60006205752191111 -28.164498428915721 0.054299750046738607 -4.0532624285008572 41.34333167594076 -0.015402725337138035 -24.762178615331507 -2.3194615427544112 -2569.4525110266468 -1.5408034519020606 -1.0446872746288371 -3.2480033601788394 -0.26560153934783459 0.061388827986712816 -0.39982063637221676 -0.13622192471406128 -0.11067121076622832 -0.84381604886956207 -534.79585180265519 -0.052707630180378884
leaf_weight=0.043115825473787978 2.9481581299324344 23.835890490946099 315.31830403396913 88.207216455261317 0.13898460655618716 0.044684556912272605 0.21950845897719706 0.041559910144080725 1.9006032350943791 0.2915943361897525 0.076381705701351166 0.085144458052163641 33.056716918944765 0.21984428746338736 0.4244185345224335 548.00240164296997 0.25539276954890877 0.67539058696815846 0.0015762419645246597 6.1255296593732531 0.40449599266144987 0.015563655507039087 13.582880124534027 580.13124736781833 0.93907523728906128 0.23250823103845569 0.24767788740477215 1.0437571755666737 0.0028050663830464498 0.048732503081607814
leaf_count=610 322 198 739 208 484 91 38 560 194 22 2 86 9 143 27 8625 271 86 885 393 258 17 64573 908 187 48 20 728 2367 47
internal_value=0.0581446 0.18544 0.124586 0.571259 27.7257 388.7 7.55965 -3.99468 0.0105862 -1.5055 -5.88072 -15.13 0.0136811 0.0747347 4.75479 -0.0484215 -0.494813 -8.4774 -0.307204 -2.13244 -10.7277 -239.245 0.0482196 0.0497349 -1.24413 -4.13709 -0.403226 -1.79516 -5.11376 -29.1575
internal_weight=1618.56 429.021 405.185 89.8667 1.65944 0.0878004 1.57164 1.35213 1189.54 2.35372 0.45312 0.161526 1187.19 598.65 3.37258 588.537 40.5347 0.930783 39.6039 6.54717 0.421636 0.0171399 595.277 595.057 1.21314 0.274068 14.9259 1.34297 0.299215 0.0515376
internal_count=83146 3163 2965 2226 2018 701 1317 1279 79983 304 110 88 79679 69135 349 10544 1919 357 1562 1553 1160 902 68786 68643 795 608 67735 3162 2434 2414
cat_boundaries=0 1
cat_threshold=136
is_linear=0
shrinkage=0.05


Tree=47
num_leaves=31
num_cat=2
split_feature=2 1 1 2 1 1 1 3 1 1 2 1 2 2 1 2 2 2 5 1 5 3 2 2 1 2 1 1 6 1
split_gain=2459.4 29334.7 59056 17142 11424.2 214067 6765.67 1651.27 8134.51 483769 3845.69 881.298 907.47 1040.12 3389.28 12921.8 6005.68 5310.24 849.735 5695.92 570.57 685.02 2405.93 10156.8 4950.14 499.387 458.397 501.92 978.056 2026.66
threshold=1.2150000000000001 15.817350000000001 16.810900000000004 1.7050000000000003 15.817350000000001 10.004750000000001 13.262450000000001 0 13.079150000000002 12.934450000000002 2.4050000000000007 11.813500000000003 5.0550000000000006 4.4650000000000007 9.9039000000000019 4.8250000000000011 4.6250000000000009 4.9250000000000007 1.0000000180025095e-35 15.028300000000002 1.0000000180025095e-35 1 5.0550000000000006 3.7450000000000006 15.198500000000001 6.3550000000000013 15.773200000000001 15.730650000000002 1.0000000180025095e-35 14.449450000000002
decision_type=2 2 2 2 2 2 2 9 2 2 2 2 2 2 2 2 2 2 2 2 2 9 2 2 2 2 2 2 2 2
left_child=1 6 -3 4 5 -2 -1 8 9 25 -10 12 13 -9 15 16 -15 -17 -8 -20 -13 -22 23 24 -23 -5 27 28 29 -24
right_child=3 2 -4 7 -6 -7 18 11 10 -11 -12 20 -14 14 -16 17 -18 -19 19 -21 21 22 26 -25 -26 -27 -28 -29 -30 -31
leaf_value=0.45408952356311494 -0.22746224508533805 7.3414262569009274 -0.16479575806208577 -2.2626772000776385 -2.4444903204456416 -128.23112371853659 -0.040853381185432747 -0.6506043466448842 0.73832189798628001 70.26032052644527 0.036574570521101545 0.06393018348723177 -0.09339179948413058 -34.561070288414605 -0.65374030369778879 -187.4194640290907 -1.5552184607003863 -55.731236009115918 -1.868054254314309 -0.077084761158887224 0.026132857176510045 -7.0335552413360718 -0.12521567672695208 -0.6620070882213217 -23.680516556160185 -0.26462723547044781 -0.36734544203739683 0.052868435040290422 -0.028521700099658744 -1.3233226207541371
leaf_weight=81.560363164836986 0.29901161849935592 4.2562222724236136 6.8177243815737665 0.32498677116493802 0.53546187847979365 0.036667403908289209 113.30719040064864 2.3561242011548842 21.606266044294131 0.24967354536070985 202.50793968818766 524.6905815862408 121.0412415452777 0.017386179079227987 0.2486779770596711 0.0013342623346985819 0.066488663765869011 0.0017959378512737933 5.1073679924011222 33.946299125862453 349.82371146891114 0.14102776243540027 12.16225283506637 2.0280959647462273 0.06535014397282124 8.2895797838042284 12.799467546571647 58.148593676780592 44.625300831165625 4.9728052772477502
leaf_count=1595 370 150 56 180 60 187 313 5093 91 11 311 810 67274 365 18 269 403 273 321 167 1330 189 307 242 116 1293 251 28 704 369
internal_value=0.059721 0.205605 2.72019 0.0335762 -6.97803 -14.2098 0.0865639 0.0380471 0.156278 1.64855 0.104228 0.0122522 -0.113585 -1.02159 -3.62549 -12.1194 -8.39691 -111.864 -0.110176 -0.311305 0.0277979 -0.0113101 -0.102702 -1.73735 -12.3049 -0.340004 -0.082918 -0.0525573 -0.151818 -0.472921
internal_weight=1612.03 244.995 11.0739 1367.04 0.871141 0.335679 233.921 1366.17 232.978 8.86424 224.114 1133.19 123.733 2.69181 0.335683 0.087005 0.0838748 0.0031302 152.361 39.0537 1009.46 484.767 134.943 2.23447 0.206378 8.61457 132.708 119.909 61.7604 17.1351
internal_count=83146 2602 206 80544 617 557 2396 79927 1886 1484 402 78041 73695 6421 1328 1310 768 542 801 488 4346 3536 2206 547 305 1473 1659 1408 1380 676
cat_boundaries=0 1 2
cat_threshold=136 20
is_linear=0
shrinkage=0.05


Tree=48
num_leaves=31
num_cat=1
split_feature=0 1 3 1 1 0 1 0 0 1 1 1 5 1 0 0 1 0 1 0 0 0 6 0 1 0 0 5 0 0
split_gain=3572.85 4567.38 1923.64 38925.4 5071.81 316966 2.88995e+06 1360.04 3105.18 1013.1 1371.53 1344.78 1105.29 1622.72 7050.72 88351.2 765528 2.71955e+06 354404 3.4356e+06 1610.08 1578.29 975.586 7955.01 18748 46343.4 900.167 1081.68 837.794 2428.9
threshold=15.069100000000002 15.581400000000002 0 16.029050000000002 13.079150000000002 1.0000000180025095e-35 4.2579000000000002 11.681300000000002 6.4496000000000011 11.813500000000003 13.262450000000001 13.175050000000001 1.0000000180025095e-35 14.959550000000002 11.12035 0.21105000000000004 14.578600000000002 7.3795000000000011 14.491350000000002 10.231600000000002 7.7317000000000009 10.618350000000001 1.0000000180025095e-35 8.5626500000000014 15.864400000000002 12.248250000000002 9.8318500000000011 1.0000000180025095e-35 8.4286000000000012 10.969800000000001
decision_type=2 2 9 2 2 2 2 2 2 2 2 2 2 2 2 2 2 2 2 2 2 2 2 2 2 2 2 2 2 2
left_child=2 -2 3 4 5 6 -1 8 -7 -4 11 -11 22 14 15 -14 17 -17 19 -19 -18 -21 -12 -24 25 -25 27 -10 -22 -30
right_child=1 -3 9 -5 -6 7 -8 -9 26 10 12 -13 13 -15 -16 16 20 18 -20 21 28 -23 23 24 -26 -27 -28 -29 29 -31
leaf_value=-0.42687694566399381 -1.0230409075691704 -8.8199930828072315 -0.10410712718713276 3.4296442575431594 -7.657424885271555e-05 -7.8183099585153633 240.32300780575156 0.057413590789254426 -1.6830626627934706 0.05352734849522011 0.037233795287234174 0.29705553291160131 -0.22120277894433721 -0.0024607871456387475 -0.026425887589760652 -1379.19071707849 -8.4913469179697412 -2561.9459148776923 -5.9793736250873408 -7.0176160663044769 -0.42100182587999069 -44.892344597173548 0.026941000798058303 10.816803761311263 -0.040982470016478402 -0.25738548272129497 -0.20607595055321126 -8.6904363309878505 -10.540264779568325 -0.40382400444131594
leaf_weight=1.2015175720558271 0.79165970751831416 0.24625173588071003 128.28501281240028 8.8913470164061419 326.31865787967911 0.16117268947428165 0.13908039538320971 70.3772833428838 0.40803664785491633 141.80923286256819 291.61435450492365 94.441313011911063 9.4155513319285529 402.05560806801844 45.868873164021522 0.0044955535281230646 0.14233203874641143 0.0015027349098019659 0.033732292766315189 0.0071764304233270203 0.25000543656927643 0.0044600924726344929 64.939504593321274 1.5958743228749468 7.1834235274812324 2.3153746229098351 2.0479005571422126 0.063664378344840067 0.09977639766090568 0.14496128633618427
leaf_count=849 164 76 74702 181 732 615 248 96 196 552 475 69 355 1747 373 283 74 375 41 110 12 99 190 79 49 43 107 103 138 13
internal_value=0.0597025 -2.87292 0.0616051 0.153712 0.0848598 0.457398 24.5497 0.0153093 -1.09004 0.0283768 0.0446486 0.150878 0.0142533 -0.0375757 -0.289808 -1.48548 -18.7764 -204.458 -91.7872 -312.081 -3.80497 -21.5344 0.0788236 0.238333 1.47566 4.26112 -0.659646 -2.62883 -2.45675 -4.53632
internal_weight=1600.86 1.03791 1599.82 409.609 400.717 74.3987 1.3406 73.0581 2.68077 1190.21 1061.93 236.251 825.677 458.028 55.9729 10.104 0.688442 0.0513671 0.0468716 0.0131393 0.637075 0.0116365 367.649 76.0342 11.0947 3.91125 2.5196 0.471701 0.494743 0.244738
internal_count=83146 240 82906 3127 2946 2214 1097 1117 1021 79779 5077 621 4456 3620 1873 1500 1145 908 625 584 237 209 836 361 171 122 406 299 163 151
cat_boundaries=0 1
cat_threshold=136
is_linear=0
shrinkage=0.05


Tree=49
num_leaves=31
num_cat=1
split_feature=1 3 2 2 1 2 1 1 2 1 2 1 1 2 2 2 2 6 2 2 2 2 11 1 1 2 1 2 1 2
split_gain=3331.25 19007.7 647946 751491 206382 48672.6 25376.4 37257.4 6218.62 2503.04 11016 2099.65 2094.35 1506.21 2143.28 24978.7 2827.05 1380.21 30987.5 59362.6 1428.19 2909.21 1018.51 952.977 13117.7 78368.6 75553.8 195531 30259.3 46681.2
threshold=13.692350000000001 0 1.2150000000000001 0.41500000000000004 13.649400000000002 1.0000000180025095e-35 12.934450000000002 13.356150000000001 0.50500000000000012 15.817350000000001 2.4050000000000007 13.444400000000002 13.262450000000001 5.285000000000001 9.5750000000000011 5.5250000000000012 5.455000000000001 1.0000000180025095e-35 4.705000000000001 1.9550000000000003 4.0750000000000011 3.1350000000000002 1.0000000180025095e-35 9.7701000000000011 5.5978500000000011 10.325000000000001 8.8476500000000016 9.4550000000000018 8.8538500000000013 9.9250000000000025
decision_type=2 9 2 2 2 2 2 2 2 2 2 2 2 2 2 2 2 2 2 2 2 2 2 2 2 2 2 2 2 2
left_child=1 2 3 5 6 -1 23 -8 -5 17 -11 12 13 -3 15 16 -15 -2 19 -19 21 -21 -12 24 -4 26 27 -26 -28 -30
right_child=9 11 4 8 -6 -7 7 -9 -10 10 22 -13 -14 14 -16 -17 -18 18 -20 20 -22 -23 -24 -25 25 -27 28 -29 29 -31
leaf_value=-65.480550521150576 0.0069851738063873544 0.06438350192837522 -0.19209220698763652 96.093904835137621 30.314502794201488 -0.70490960480272125 4.7429224208688998 -0.049650452496827042 109.72622395110176 0.73845964390039409 -0.16594801072996032 0.36240858818570126 -2.8705776934074105 -175.3526447695935 -0.11278152663312019 -1.0533462388932648 -89.886056269612965 -29.239284007873035 -0.063572678095533811 -11.403189699971216 -0.97890661806844814 -1.9787144628812801 0.065746598968692227 -0.032990728036039037 -366.19835943197552 -0.61119454345995816 -2.6529234694368649 -18.384560426891753 -163.23436732968244 -5.1327548328917532
leaf_weight=0.032812152387003968 690.51694368461017 320.15842126380056 13.132570746636732 0.18215789268957394 0.57870413417815214 0.24962759019294262 7.2950430063689362 9.1310911530654622 0.15470183147340882 64.942460515709115 60.652125716485813 49.423130640124498 0.62731199356568268 0.0017113261624997697 56.00019796520715 5.5484741610340844 0.0022262777237367698 0.26091767743202021 48.121143067124869 0.11785564049375696 0.6178321659520597 0.26828471958412858 217.61711025232447 45.234035058968637 0.006418166825511642 0.47653119408835842 0.038449086674518185 0.010908532168526516 0.0088856766846456634 0.0098381564180643113
leaf_count=262 2515 5968 5292 32 28 150 93 109 196 357 602 171 88 456 6034 58503 136 206 1024 94 51 65 91 319 97 61 8 23 105 10
internal_value=0.0900472 0.195645 0.871072 51.9209 0.569391 -8.23015 0.340923 2.07879 102.355 0.0404901 0.152092 0.0544708 0.0160897 0.0208337 -0.205685 -1.14269 -127.031 -0.0112778 -0.266631 -7.99171 -2.46978 -4.8552 0.015246 -0.143591 -0.509203 -8.06683 -55.7562 -147.222 -28.0368 -80.1623
internal_weight=1591.42 508.303 76.5418 0.619299 75.9225 0.28244 75.3438 16.4261 0.33686 1083.11 343.212 431.761 382.338 381.711 61.5526 5.55241 0.0039376 739.903 49.386 1.26489 1.00397 0.38614 278.269 58.9176 13.6836 0.551031 0.0744996 0.0173267 0.0571729 0.0187238
internal_count=83146 78141 6785 640 6145 412 6117 202 228 5005 1050 71356 71185 71097 65129 59095 592 3955 1440 416 210 159 693 5915 5596 304 243 120 123 115
cat_boundaries=0 1
cat_threshold=896
is_linear=0
shrinkage=0.05


Tree=50
num_leaves=31
num_cat=2
split_feature=0 1 1 11 0 3 1 1 1 0 5 1 1 3 1 6 0 1 0 1 0 1 5 1 0 1 0 0 1 0
split_gain=4403.39 4952.68 3707.84 66849.5 291117 23714.1 172848 92152.3 6408.12 60982.9 26406.7 3228.4 2618.19 5220.36 32432.8 1226.01 13372.7 39102.4 430499 2.0407e+06 7396.95 17080.7 12680.2 33075.9 4371.75 621.529 608.101 9474.88 582.517 2845.15
threshold=15.069100000000002 14.919850000000002 13.692350000000001 1.0000000180025095e-35 10.804450000000001 0 13.529600000000002 12.934450000000002 7.5507500000000016 1.0000000180025095e-35 1.0000000180025095e-35 13.444400000000002 15.817350000000001 1 16.434000000000001 1.0000000180025095e-35 10.618350000000001 15.070250000000003 10.129600000000002 14.880550000000001 5.5929000000000011 15.730650000000002 1.0000000180025095e-35 15.581400000000002 5.151250000000001 17.953850000000006 6.7465500000000009 5.3511000000000015 11.813500000000003 0.14410000000000003
decision_type=2 2 2 2 2 9 2 2 2 2 2 2 2 9 2 2 2 2 2 2 2 2 2 2 2 2 2 2 2 2
left_child=2 -2 3 5 -5 6 7 8 9 10 -1 28 15 -14 -15 -4 17 18 19 -17 24 22 -22 -24 -19 -16 27 -11 29 -7
right_child=1 -3 12 4 -6 11 -8 -9 -10 26 -12 -13 13 14 25 16 -18 20 -20 -21 21 -23 23 -25 -26 -27 -28 -29 -30 -31
leaf_value=13.425760167480121 -1.020917977848675 -9.514233043499738 0.0075236963070392827 -127.33860427106409 -0.51407222689541188 -1.2433753151336324 27.343216588666838 5.5467515717897404 -0.069377511072140519 -0.31465271240274117 -0.09534110749050595 0.50936983185415796 0.041723269987029847 2.3602431776771731 -0.40515867556777591 -1951.3597881992371 -0.051271742201830429 -5.1738064615216901 -0.84571425285793045 -68.192506761988625 -10.925406238379654 -2.0011685041983913 -111.83966621997982 -17.806845771611201 0.02128531336501915 0.022050481240238763 -0.20014901419275821 -26.982623769733518 0.072954530042006568 -0.013593901999082062
leaf_weight=1.3066545534123886 0.56927458742969206 0.24573474340187873 687.25437787923113 0.054994428752349278 0.25531916225425411 4.8667532489104124 0.62502209194357661 9.3167051076286906 46.763796090433246 0.59675862131980995 0.49900466621655315 37.645642989013027 251.92799931725 18.809954946727792 10.793415285924807 0.001639841754845159 47.1623348456556 0.52896593538672854 0.12619420477881868 0.011722819276281802 0.059208638313429929 0.25684147537971236 0.013417234572373316 0.030863424668254424 1.727365902683232 40.309376184099158 9.2683997043361028 0.035275695435562082 231.28500967337854 139.91010838586087
leaf_count=3964 141 99 2478 866 117 57273 42 83 475 654 243 54 269 491 173 327 473 194 43 89 36 36 176 46 8 54 752 159 179 13152
internal_value=0.0924891 -3.58175 0.0944318 0.209327 -22.9902 0.224259 1.02056 0.928409 0.192513 1.23872 9.68912 0.0663092 0.0420919 0.161075 0.511957 -0.00985451 -0.249109 -3.63435 -29.4221 -299.291 -2.25899 -8.91131 -26.061 -46.2992 -1.19663 -0.0681803 -0.302478 -1.80307 0.0237199 -0.0549337
internal_weight=1542.26 0.815009 1541.44 482.429 0.310314 482.119 68.4116 67.7866 58.4699 11.7061 1.80566 413.708 1059.01 321.841 69.9127 737.173 49.9186 2.75622 0.139557 0.0133627 2.61666 0.360331 0.103489 0.0442807 2.25633 51.1028 9.90043 0.632034 376.062 144.777
internal_count=83146 240 82906 78013 983 77030 6372 6330 6247 5772 4207 70658 4893 987 718 3906 1428 955 459 416 496 294 258 222 202 227 1565 813 70604 70425
cat_boundaries=0 1 2
cat_threshold=896 16
is_linear=0
shrinkage=0.05


Tree=51
num_leaves=31
num_cat=2
split_feature=2 2 2 2 3 1 1 1 1 0 2 0 2 2 4 1 1 1 2 1 0 6 1 1 0 1 2 4 1 3
split_gain=3515.93 53433.8 5402.92 578547 23750.9 622275 919327 2.164e+06 5104.07 14091.1 4168.26 18533.3 23085.8 289153 242500 9358.56 7139.09 4144.88 5277.83 5686.98 3198.11 23154.8 227856 445011 2379.53 2324.51 19337.3 22984.2 2214.44 10006.5
threshold=10.095000000000001 9.9750000000000032 7.455000000000001 7.4650000000000007 0 10.004750000000001 10.781950000000002 12.934450000000002 15.817350000000001 9.9812500000000011 9.3250000000000011 2.4501500000000003 8.0450000000000017 7.9850000000000012 1.0000000180025095e-35 10.361100000000002 12.267650000000001 15.477100000000002 7.5150000000000006 16.314600000000002 12.596050000000002 1.0000000180025095e-35 14.717500000000003 14.959550000000002 15.069100000000002 9.8073000000000015 8.1050000000000022 1.0000000180025095e-35 13.262450000000001 1
decision_type=2 2 2 2 9 2 2 2 2 2 2 2 2 2 2 2 2 2 2 2 2 2 2 2 2 2 2 2 2 9
left_child=1 2 8 -4 5 -5 -7 -8 24 -10 11 12 13 15 -15 -6 25 -13 -19 -20 -2 22 -22 -24 28 26 27 -14 29 -1
right_child=20 -3 3 4 10 6 7 -9 9 -11 -12 17 16 14 -16 -17 -18 18 19 -21 21 -23 23 -25 -26 -27 -28 -29 -30 -31
leaf_value=0.98552300870344034 -0.00070771526907371647 8.068295122300464 83.334505994720402 -0.58116860486012956 -2.7521177008556572 -0.29872257873586344 -1.2529358771436152 272.78899404505074 1.1659233470453514 -0.033959671964657864 0.038808962125150198 -0.54864174823396539 -323.87544475596638 -933.75211166308077 -118.50157950500414 -90.363285514405575 -81.853859738175942 -0.88822623059817651 -24.686776707079847 -5.063675113499265 -1.3300692963696674 -0.14123793949518942 -5.5499705335898621 -426.04178166577861 0.48720787191462905 -0.61177316443043583 -4.3547207305397722 -0.050050223399220772 -0.021106407632682494 0.053010637441766401
leaf_weight=22.127746170422753 480.35487282800631 2.1272930510262986 0.21037132948457227 4.3946863560223859 0.037006985117989874 0.37995462119579326 0.16619785710799162 0.12715218113371063 40.196322465143162 62.535465118004886 71.597772766349109 6.2334683860854474 0.0010808288305145545 0.0016064405837329706 0.0021105679850279635 0.0033216989483801493 0.0030554686621211405 0.20849564461369496 0.062676842682876877 0.089853882789611816 0.29191677395137355 2.7587961073798071 0.018172215041344159 0.0096246022294513116 31.783654222845371 0.089180659884370128 0.023229941235193494 0.0011114352338116272 492.85976424391197 313.69401186741385
leaf_count=1117 7853 234 634 560 30812 6 23 71 315 288 678 3629 2730 4101 66 40 26 5 86 13 412 93 9 105 46 20 655 35 2563 25921
internal_value=0.100559 0.151975 0.135888 0.521381 0.312545 2.11109 51.0378 117.53 0.102416 0.435524 -0.0649302 -1.26039 -17.9838 -48.8613 -470.842 -9.96827 -6.42479 -0.850317 -6.05903 -13.1271 -0.011003 -1.61742 -14.3554 -151.145 0.0626459 -4.41374 -17.751 -159.702 0.046362 0.14538
internal_weight=1532.39 1048.96 1046.83 83.6323 83.422 5.06799 0.673305 0.29335 963.197 102.732 78.354 6.7562 0.161704 0.0440457 0.00371701 0.0403287 0.117658 6.59449 0.361026 0.152531 483.433 3.07851 0.319714 0.0277968 860.465 0.114603 0.0254222 0.00219226 828.682 335.822
internal_count=83146 74674 74440 44190 43556 660 100 94 30250 603 42896 42218 38485 35019 4167 30852 3466 3733 104 99 8472 619 526 114 29647 3440 3420 2765 29601 27038
cat_boundaries=0 1 2
cat_threshold=640 384
is_linear=0
shrinkage=0.05


Tree=52
num_leaves=31
num_cat=3
split_feature=3 5 0 0 0 0 0 6 0 0 0 3 3 0 4 5 6 4 5 0 0 6 0 0 0 11 0 0 0 0
split_gain=3821.14 6788.55 15046.8 177875 1.39081e+06 316187 218268 2085.53 5294.4 3211.68 1768.08 1648.59 2861.99 154847 298035 4.41891e+06 4.58016e+06 2903.08 2063.76 3494.23 1464.97 1258 2506.36 655.176 3512.11 12321.5 78027.5 3926.02 22087.7 3377.67
threshold=0 1.0000000180025095e-35 10.176900000000002 5.5929000000000011 9.8318500000000011 10.027300000000002 6.4496000000000011 1.0000000180025095e-35 11.326000000000002 8.5626500000000014 14.487500000000002 1 2 5.3996500000000003 1.0000000180025095e-35 1.0000000180025095e-35 1.0000000180025095e-35 1.0000000180025095e-35 1.0000000180025095e-35 11.397250000000001 15.069100000000002 1.0000000180025095e-35 8.0966500000000021 8.6175500000000014 11.219900000000001 1.0000000180025095e-35 10.804450000000001 10.526600000000002 10.618350000000001 11.175250000000002
decision_type=9 2 2 2 2 2 2 2 2 2 2 9 9 2 2 2 2 2 2 2 2 2 2 2 2 2 2 2 2 2
left_child=1 7 3 -3 6 -6 -5 20 9 -9 11 23 17 14 15 16 -14 -13 -19 -20 -1 -8 -23 -2 25 27 -27 -25 -29 -30
right_child=10 2 -4 4 5 -7 21 8 -10 -11 -12 12 13 -15 -16 -17 -18 18 19 -21 -22 22 -24 24 -26 26 -28 28 29 -31
leaf_value=0.022671334456761325 0.088306150689510726 0.28181407925264162 -0.075016560244341293 18.719250667519084 189.88161761667502 79.160992501970824 -0.93002928857638334 -10.675033832018201 -0.34255503027411877 -2.5381391604340777 -1.8778091281816391 0.09724322776986416 -930.48977774692162 0.029919819121866576 -1.4835731302318356 -0.80408903543127019 -7.5022313119011912 -0.59010756038975853 -7.767909171703451 -0.95655990012513836 0.32766196260458147 -13.076245092722482 -2.2024977718446817 -0.37674255325859662 0.024649954964818574 -71.077539546460471 -0.28796567356606423 -0.33497006800053886 -36.193563111429363 -9.7538290128603897
leaf_weight=305.3742134578967 513.51758309851834 117.82467451015623 93.640819155714382 1.8411201092460068 0.092485279998056336 0.21294280637265151 5.0897892025881504 0.20943194898834822 2.6525921788125006 0.28808391582794129 1.2261092308526702 125.28838421228048 0.02729893746734607 61.852905929403761 1.3895369163981641 0.54086263443609905 0.026477335020877516 7.9645261345856406 0.27897688717530078 0.57921985010509092 45.200626168238102 0.061427012491615196 0.38600585019808042 7.6454125648784848 232.50919631136301 0.045758433074667038 0.26073519694936992 0.37621259946488034 0.056673613128224165 0.015351279548989349
leaf_count=4436 11235 1024 1303 99 71 62 491 156 76 65 177 1426 57763 471 93 504 4 730 183 31 21 105 200 829 845 407 58 40 221 20
internal_value=0.0820787 0.182773 0.404635 0.762498 8.13342 112.688 3.80537 0.0504862 -1.23029 -5.96341 0.0194661 0.022113 -0.103311 -0.355455 -14.1602 -43.7827 -476.047 0.0330467 -0.84113 -3.17075 0.0619947 -1.15348 -3.69533 0.0556538 -0.011637 -1.01603 -10.8566 -0.643384 -5.19139 -30.5582
internal_weight=1526.48 572.874 219.149 125.508 7.68377 0.305428 7.37834 353.725 3.15011 0.497516 953.601 952.375 197.948 63.8371 1.98418 0.594639 0.0537763 134.111 8.82272 0.858197 350.575 5.53722 0.447433 754.427 240.909 8.40014 0.306494 8.09365 0.448237 0.0720249
internal_count=83146 8109 3355 2052 1028 133 895 4754 297 221 75037 74860 61205 58835 58364 58271 57767 2370 944 214 4457 796 305 13655 2420 1575 465 1110 281 241
cat_boundaries=0 1 2 3
cat_threshold=776 20 128
is_linear=0
shrinkage=0.05


Tree=53
num_leaves=31
num_cat=1
split_feature=2 2 2 2 2 1 2 2 11 1 1 1 2 4 1 2 1 1 2 2 2 2 4 2 1 2 2 4 3 1
split_gain=2640.25 14620 5090.46 411892 61206.9 643564 15716.9 742573 4187.82 10909 138422 327703 228314 3822.51 3307.52 1900.87 9151.94 1851.92 1687.57 2316.47 24805.3 35617.7 69179.1 1645.25 1502.29 85170.9 17680.2 6801.24 1168.34 38029.1
threshold=10.095000000000001 10.055000000000001 7.455000000000001 7.5150000000000006 7.7650000000000006 15.317600000000001 8.0050000000000008 7.9850000000000012 1.0000000180025095e-35 15.817350000000001 16.434000000000001 16.214600000000004 1.4550000000000003 1.0000000180025095e-35 15.9777 9.6350000000000033 15.864400000000002 15.447300000000002 6.4050000000000011 7.3550000000000013 7.4350000000000014 7.3650000000000011 1.0000000180025095e-35 1.5650000000000002 9.7279000000000018 7.6050000000000013 7.7350000000000012 1.0000000180025095e-35 0 13.262450000000001
decision_type=2 2 2 2 2 2 2 2 2 2 2 2 2 2 2 2 2 2 2 2 2 2 2 2 2 2 2 2 9 2
left_child=1 2 8 -4 5 24 7 13 9 18 11 12 -11 -6 -14 16 17 -8 28 -20 21 -21 -23 -16 25 -5 27 -27 29 -1
right_child=-2 -3 3 4 6 -7 15 -9 -10 10 -12 -13 14 -15 23 -17 -18 -19 19 20 -22 22 -24 -25 -26 26 -28 -29 -30 -31
leaf_value=3.1705228738347655 -0.015833570811089263 2.4154060403087754 64.36117803809104 -334.98646880055253 -0.15912679085301418 103.53103325288367 -0.68178425083633687 113.17844292149501 -0.31693592930877212 41.801454950042071 -0.27467017854586795 72.171208315012706 -1.0630320301502219 -13.23675860793602 -1.8739848992281818 0.013964406911113681 -30.494358342057389 -6.5491533535247228 -0.80799625759084115 -11.338745133152868 -2.2270054896785987 -547.9624632121994 -31.501133993697927 -8.7643055158492658 -0.62795151183322384 -173.04713288138231 -0.31105019988637211 -32.998909774178721 0.039667230125109955 0.067752410180398293
leaf_weight=10.200472752202527 446.30867916524062 6.9481301979806167 0.25156889150329576 0.0019401907731581005 5.4445771766653319 0.16474361745670774 4.5393177146155823 0.14806007834536039 62.157616654442791 0.36615562489511422 14.942893215212377 0.21451492267405026 0.99160876421890565 0.056456011013160778 0.12933435519548819 78.965835809119298 0.026191382639808469 0.13859165088205738 2.9459770553637723 0.0044292778243257029 0.11480307284656588 0.0010949912350395146 0.0015897717246673309 0.26241213879214909 1.0826223638537762 0.0020220495495796411 0.20828060849514582 0.0015175029087882864 541.91302645806059 309.92653567393398
leaf_count=889 8472 81 3849 10321 8201 38 7459 1549 2052 94 173 76 80 140 10 654 32 50 9457 273 1640 3962 38 111 160 8681 3140 69 10850 545
internal_value=0.0859252 0.129504 0.114161 0.471241 0.29419 10.445 0.128137 2.6807 0.0797339 0.107688 1.36553 13.8447 6.69301 -0.29334 -2.59972 -0.0442031 -1.02064 -0.855616 0.083106 -1.0875 -7.84126 -98.4414 -242.142 -6.48948 -1.38427 -5.21476 -2.19418 -113.005 0.087272 0.161571
internal_weight=1488.46 1042.15 1035.2 91.0317 90.7802 1.46113 89.319 5.64909 944.172 882.015 16.9069 1.96403 1.74951 5.50103 1.38336 83.6699 4.7041 4.67791 865.108 3.06789 0.121917 0.00711404 0.00268476 0.391746 1.29638 0.21376 0.21182 0.00353955 862.04 320.127
internal_count=83146 74674 74593 44343 40494 22409 18085 9890 30250 28198 544 371 295 8341 201 8195 7541 7509 27654 15370 5913 4273 4000 121 22371 22211 11890 8750 12284 1434
cat_boundaries=0 1
cat_threshold=384
is_linear=0
shrinkage=0.05


Tree=54
num_leaves=31
num_cat=1
split_feature=1 1 5 1 1 1 3 2 1 2 2 2 2 2 2 0 2 4 0 5 2 2 2 2 1 2 0 11 5 0
split_gain=2090.85 31811.9 397046 90856.4 111606 218291 8379.03 1.89021e+06 4.73646e+06 2079.27 3202.46 1415.39 13337.4 40534.6 8.92234e+06 43583 30701.1 8319.55 4769.01 1954.94 4694.07 1714.96 1063.03 3710.04 850.808 13471 1288.03 1149.91 5646.14 17818.3
threshold=13.692350000000001 13.262450000000001 1.0000000180025095e-35 13.589700000000002 13.444400000000002 13.356150000000001 0 3.3250000000000006 7.3479500000000009 7.6450000000000005 6.5750000000000011 5.285000000000001 8.0850000000000026 7.3150000000000004 7.5450000000000008 6.0706500000000014 8.0450000000000017 1.0000000180025095e-35 6.5633000000000008 1.0000000180025095e-35 7.9850000000000012 6.8950000000000005 5.5250000000000012 3.6550000000000007 15.817350000000001 2.4050000000000007 15.069100000000002 1.0000000180025095e-35 1.0000000180025095e-35 9.4417000000000026
decision_type=2 2 2 2 2 2 9 2 2 2 2 2 2 2 2 2 2 2 2 2 2 2 2 2 2 2 2 2 2 2
left_child=1 6 -3 4 5 -4 7 8 -1 10 22 -8 13 17 -15 19 -17 -13 21 -16 -21 -19 23 -9 26 -26 -2 28 -27 -30
right_child=24 2 3 -5 -6 -7 11 9 -10 -11 -12 12 -14 14 15 16 -18 18 -20 20 -22 -23 -24 -25 25 27 -28 -29 29 -31
leaf_value=-5.2937908384394943 -0.013908696404122955 -0.08492340951696338 72.525295805517089 45.51872637617987 11.366424748560661 -3.8724608458692944 0.053813852396239606 -0.97895722024345955 491.86516574463531 -0.42827867467576186 -9.4733025253075436 -0.47501403023938799 -0.085618222915641334 -4116.8263781873129 -0.43290520639906466 -236.02396616776778 -16.651894097868137 -0.05022248302202667 -63.278670979550853 -0.050250052897147283 -84.53457868963055 -41.532523476972273 -0.46156034199187679 -12.92772968546079 1.3705119314618808 -0.019784498167769123 0.23084664228733295 0.063732890121153157 -0.75507054649837224 -10.203748681471746
leaf_weight=0.15888633190858306 698.57097835688364 22.07442099970946 0.23094361505259769 0.35318872328361162 1.4328158730376059 0.15710788212996657 296.43194995727254 0.27213175793016287 0.068588275770006896 13.975773930778496 0.14865175995288304 1.4560651833274183 92.75253509729967 0.0013238512255326898 0.30949507011322219 0.0033902065157135697 0.0030117320311091236 0.0080122443368266343 0.0079078396552316084 0.0053821114174596998 0.002367298008807861 0.003615983573801885 0.67772140021668292 0.085335343962549381 19.622871635371098 45.883548928755374 58.233635325522982 216.48392508592053 4.8329761768352784 0.55640184560948025
leaf_count=656 3906 125 53 109 111 58 8373 41 117 1660 179 10116 8408 14009 32871 214 22 103 85 437 124 61 73 136 357 152 49 91 214 236
internal_value=0.0709682 0.163674 1.92296 22.3102 17.8085 41.5946 0.0586959 0.93823 144.61 -0.598706 -2.61068 8.34145e-05 -0.168357 -4.43048 -20.4165 -3.66045 -132.822 -0.909888 -33.322 -1.05399 -25.8586 -12.9498 -1.62522 -3.83139 0.0327365 0.105979 0.00492442 0.0133059 -0.199606 -1.73056
internal_weight=1474.8 430.621 24.2485 2.17406 1.82087 0.388051 406.372 15.3871 0.227475 15.1596 1.18384 390.985 94.5531 1.80057 0.32497 0.323646 0.00640194 1.4756 0.0195361 0.317244 0.00774941 0.0116282 1.03519 0.357467 1044.18 287.38 756.805 267.757 51.2729 5.38938
internal_count=83146 78141 456 331 222 111 77685 2862 773 2089 429 74823 66450 58042 47677 33668 236 10365 249 33432 561 164 250 177 5005 1050 3955 693 602 450
cat_boundaries=0 1
cat_threshold=384
is_linear=0
shrinkage=0.05


Tree=55
num_leaves=31
num_cat=0
split_feature=0 0 2 2 2 1 2 0 2 2 1 0 2 2 1 0 1 0 0 2 2 0 0 2 0 1 1 0 2 0
split_gain=1892.19 158570 308844 23382.8 907173 2.25189e+07 2.18291e+07 2895.45 144146 2.71128e+06 1.03565e+07 8.87965e+07 67985.3 331134 6592.34 12307.8 2708.15 1742.72 4602.95 36089.4 106848 1825.8 6668.58 10985 1641.8 3115.3 4603.66 1805.33 2324.85 7742.37
threshold=8.6175500000000014 8.517450000000002 5.4050000000000011 2.2650000000000001 1.1050000000000002 16.577300000000005 0.21500000000000002 5.3996500000000003 7.455000000000001 8.0250000000000004 14.449450000000002 5.890200000000001 10.095000000000001 9.3250000000000011 9.5106000000000019 6.849800000000001 16.314600000000002 10.969800000000001 9.5603500000000015 4.9250000000000007 4.705000000000001 9.6712000000000007 10.129600000000002 10.325000000000001 10.371450000000001 10.004750000000001 12.267650000000001 10.526600000000002 6.5750000000000011 10.618350000000001
decision_type=2 2 2 2 2 2 2 2 2 2 2 2 2 2 2 2 2 2 2 2 2 2 2 2 2 2 2 2 2 2
left_child=1 3 -3 4 5 6 -1 16 -9 10 11 -10 13 -11 15 -14 -5 18 19 20 -2 -20 23 -23 25 -24 -27 -26 -29 -30
right_child=17 2 -4 7 -6 -7 -8 8 9 12 -12 -13 14 -15 -16 -17 -18 -19 21 -21 -22 22 24 -25 27 26 -28 28 29 -31
leaf_value=-8698.7830272534648 -74.979746510396467 68.405024171233961 -2.5697134264071995 0.032646604108561246 1.4109652487314834 -5.0503616478605817 -1566.1408377027549 0.058510259204785559 7207.2349810425094 -0.98270947519727569 -4.1580974872180612 -7.7516034949963313 -27.266073908117864 59.440496507960169 -0.67650066957752142 -0.85032368796069813 0.4809726691311409 0.02244747222627123 0.035781706210234902 -0.44944813346648371 -0.06399475126458648 -13.93007049767084 -0.62441038595944187 -1.6002025022682274 -0.0040942571958339363 -0.77180615789049734 -10.978628070746433 -1.0681159635039417 -1.6930896987297022 -25.824375662213498
leaf_weight=0.0012473080900256006 0.065971530038169884 0.24986215808072193 0.39650933324404841 590.37705552072089 5.0110664543209706 0.24159738061025382 0.007662391410908187 209.46452453910541 0.004909265935016143 1.0743879932997908 0.13041810590086461 0.032468099075461859 0.067978487046164576 0.28739764794798217 3.9148318753798788 0.12551025482674763 35.722190803527951 564.52287002775654 36.167035491043322 2.3381644569140456 0.17086239159107566 0.23810032486340216 1.4925207683283601 0.74857825118091259 13.925617404564299 0.24432725893687793 0.20165416522993937 1.19582698814903 0.15236496453299159 0.042514109052640581
leaf_count=756 361 41 83 71801 1114 37 971 998 122 219 31 260 344 134 303 412 116 2682 124 626 9 363 103 196 184 12 194 239 67 244
internal_value=0.0621057 0.110718 24.8664 0.0918147 -3.231 -96.0875 -2564.67 0.112598 0.27086 8.16029 206.133 939.888 2.08746 11.7693 -1.12178 -10.131 0.0582259 -0.00415332 -0.267681 -2.33334 -20.9322 -0.16992 -0.577759 -4.57558 -0.349153 -1.72009 -5.3869 -0.17564 -1.89339 -6.95748
internal_weight=1468.62 847.11 0.646371 846.463 5.26157 0.250507 0.0089097 841.202 215.102 5.6379 0.167795 0.0373774 5.47011 1.36179 4.10832 0.193489 626.099 621.506 56.9835 2.575 0.236834 54.4085 18.2415 0.986679 17.2548 1.9385 0.445981 15.3163 1.39071 0.194879
internal_count=83146 77742 124 77618 2878 1764 1727 74740 2823 1825 413 382 1412 353 1059 756 71917 5404 2722 996 370 1726 1602 559 1043 309 206 734 550 311
is_linear=0
shrinkage=0.05


Tree=56
num_leaves=31
num_cat=1
split_feature=3 1 1 0 1 1 1 1 1 11 0 11 1 0 1 1 1 1 1 0 1 1 1 5 1 1 4 0 0 1
split_gain=37133.3 239398 7.34753e+06 9.96725e+06 196290 243210 814926 24269.3 8082.36 169803 730505 39100.9 662877 786899 569234 305160 32794.1 9858.08 10496.5 2457.16 2017.23 1735.29 2257.19 7128.14 5717.71 7798.72 1173.65 1812.71 52748.8 822356
threshold=0 13.079150000000002 10.781950000000002 7.1156500000000014 7.3479500000000009 10.004750000000001 9.8073000000000015 15.730650000000002 15.817350000000001 1.0000000180025095e-35 7.7317000000000009 1.0000000180025095e-35 16.434000000000001 8.7969000000000026 16.029050000000002 16.214600000000004 14.792150000000001 16.086200000000002 16.151200000000003 11.681300000000002 15.070250000000003 11.516400000000003 13.356150000000001 1.0000000180025095e-35 12.934450000000002 12.057050000000002 1.0000000180025095e-35 1.7926000000000004 6.0091500000000009 8.0022500000000019
decision_type=9 2 2 2 2 2 2 2 2 2 2 2 2 2 2 2 2 2 2 2 2 2 2 2 2 2 2 2 2 2
left_child=1 2 4 -4 -1 6 -6 19 9 21 -11 12 13 14 -10 -16 -12 -15 -19 -3 -18 26 23 -23 25 -25 27 -2 29 -29
right_child=8 7 3 -5 5 -7 -8 -9 11 10 16 -13 -14 17 15 -17 20 18 -20 -21 -22 22 -24 24 -26 -27 -28 28 -30 -31
leaf_value=-0.46626273581813199 -0.10615278889077269 -0.76530393627851312 834.88307012108862 -5.6534408006552512 192.28825162605449 -0.29819520683942463 -1.0613195697969562 1.3232289343190706 83.860310071863651 -171.62093750172394 -26.320576153085906 0.060729136287338836 -0.12429944597809719 -2.157441783753328 -1.860227956184562 46.685736354688743 -1.2587152966428894 -6.2608894183958519 -28.19004746202269 0.030377925588352936 -7.1462165551620433 0.073116081296355592 0.029211737860026461 2.9678651478188285 0.51271201785909348 -0.44812504351829613 -0.011179500293677614 -475.98007393415384 -0.39569181663382103 -4.4899003807163371
leaf_weight=5.5501768425311253 37.627969485078012 11.907543644104036 0.063057139515877214 0.080036616936806637 0.085608598217410292 0.27027921564877033 0.14995627764437813 53.661793177056751 0.61098735375432589 0.074315102952780321 0.19616098087623723 209.05662788334462 39.45871826778275 1.2806529760898879 0.5752677726121016 0.74028500142638443 0.46481301422854304 0.18193641865861102 0.07794652533244148 52.401591670470225 0.21177865614825675 175.36774420962286 662.34684468279249 5.800759815929271 34.856761138075449 2.3467741174229699 119.18084579468592 0.0096652932591584917 15.300404302765534 0.21427966337575705
leaf_count=1549 60994 336 84 36 157 15 9 133 116 1080 973 102 294 173 62 41 115 43 96 84 191 93 2206 44 71 96 5280 6139 2272 262
internal_value=0.171296 0.963796 10.6187 364.746 2.2513 32.0687 69.2055 0.538148 0.0878942 0.0277487 -21.1343 0.34296 1.71748 22.6787 43.9795 25.4575 -8.32029 -3.95923 -12.8381 -0.116951 -3.10155 0.0467809 0.0751729 0.214578 0.791449 1.98394 -0.0983184 -0.293706 -0.748297 -24.8391
internal_weight=1430.15 124.17 6.19911 0.143094 6.05602 0.505844 0.235565 117.971 1305.98 1054 0.947068 251.982 42.9258 3.46708 1.92654 1.31555 0.872753 1.54054 0.259883 64.3091 0.676592 1053.05 880.719 218.372 43.0043 8.14753 172.333 53.1523 15.5243 0.223945
internal_count=83146 2403 1850 120 1730 181 166 553 80743 79816 2359 927 825 531 219 103 1279 312 139 420 306 77457 2510 304 211 140 74947 69667 8673 6401
cat_boundaries=0 1
cat_threshold=128
is_linear=0
shrinkage=0.05


Tree=57
num_leaves=31
num_cat=0
split_feature=2 0 2 2 2 1 1 0 0 0 0 2 0 1 1 1 0 2 0 1 1 0 2 2 2 1 0 1 2 2
split_gain=72619.4 361684 2084.36 17509.4 121506 1.83168e+06 9788.47 33027.3 146779 775760 3588.56 6553.25 3422.04 3246.63 3312.1 93354.1 565429 919357 27012.5 155095 433676 1810.6 3322.58 1437.17 29980.7 65636.6 1285.85 1184.34 1980.36 22021.1
threshold=0.115 11.069350000000002 1.2150000000000001 1.9550000000000003 1.7050000000000003 10.004750000000001 17.953850000000006 13.71635 12.690450000000002 11.900850000000002 14.746550000000001 9.4050000000000029 9.6184500000000011 10.781950000000002 6.0884000000000009 9.3131000000000022 5.6553000000000013 10.055000000000001 11.506600000000001 7.824250000000001 8.3901500000000002 7.4536500000000006 2.6050000000000004 10.095000000000001 5.3450000000000006 15.154500000000002 10.176900000000002 10.167800000000002 7.4650000000000007 9.5250000000000004
decision_type=2 2 2 2 2 2 2 2 2 2 2 2 2 2 2 2 2 2 2 2 2 2 2 2 2 2 2 2 2 2
left_child=1 -1 12 4 5 -4 7 8 9 -6 13 -12 -2 14 -5 16 17 -16 19 -18 -21 22 -15 24 -24 -26 27 28 -17 -30
right_child=2 -3 3 10 6 -7 -8 -9 -10 -11 11 -13 -14 21 15 26 18 -19 -20 20 -22 -23 23 -25 25 -27 -28 -29 29 -31
leaf_value=5.9986393491547449 0.7253456920897221 0.048342162750818957 -0.5853601948320879 -0.1622148766078203 -819.70806416475432 -870.73970592826208 0.050201031611360442 -0.47372128076550707 -2.7506292093972569 -6.281817884729187 -1.2147946416605135 -13.019646728704112 0.10108231044389625 0.76815969299059339 -1940.6484402959381 -0.42732840782316428 -8.3405291573914351 -118.57886251981172 -0.050642001461327572 -34.805097083334125 -1213.2189978903295 -0.02046061224869692 0.071433064181576328 0.02722546486077769 7.3450102904042813 -0.36924458976148983 -0.15434776638957837 -0.5669336418227825 -47.650703434453796 -2.6547631823447499
leaf_weight=31.407365248046489 28.534605026244691 136.66349781611714 0.088925281261110198 86.910963794232103 0.0035990625619885313 0.0064891087151533041 1.4132084846496582 0.28102168813926709 0.074177352933000748 0.015793247185319916 0.67132813096058308 0.14252324820946205 95.173473638562172 19.110140560290688 0.0010305615647886687 0.5412632627323426 0.017884719568001081 0.0021091918452398922 0.034901886839087154 0.0028772825878514274 0.0010714929544050527 374.23733905777976 255.35360543580808 322.42107247051729 4.5567461265803271 6.9829021234123942 3.6881576782620948 1.3262413101904882 0.028312185188430372 0.68688980397666877
leaf_count=771 1319 112 370 60940 284 247 3 10 12 13 62 182 400 137 11579 267 27 204 10 28 169 2778 502 828 351 157 85 122 880 297
internal_value=0.186769 1.16027 0.0506829 0.0283874 -4.78861 -59.7643 -1.85457 -9.04066 -34.7701 -157.247 0.0368125 -3.28208 0.245075 0.039323 -0.242643 -1.34679 -63.4838 -716.637 -27.3381 -70.9583 -354.566 0.0660779 0.119307 0.0982662 0.184087 2.67694 -0.753496 -1.60909 -2.70913 -4.43599
internal_weight=1370.38 168.071 1202.31 1078.6 1.88321 0.0954144 1.7878 0.374591 0.0935697 0.0193923 1076.72 0.813851 123.708 1075.9 93.2417 6.33074 0.0598751 0.00313975 0.0567354 0.0218335 0.00394878 982.662 608.424 589.314 266.893 11.5396 6.27086 2.58271 1.25647 0.715202
internal_count=83146 883 82263 80544 939 617 322 319 309 297 79605 244 1719 79361 74608 13668 12017 11783 234 224 197 4753 1975 1838 1010 508 1651 1566 1444 1177
is_linear=0
shrinkage=0.05


Tree=58
num_leaves=31
num_cat=3
split_feature=3 0 4 1 5 0 3 1 1 1 5 0 0 4 1 0 4 0 0 0 11 1 1 0 0 1 3 1 1 0
split_gain=98224.6 669327 2.61653e+06 1.01455e+07 71118 12072.3 9437.46 105130 1922.24 1826.85 1304.96 2856.96 49971 476669 10927.1 1734.74 8108.4 923.387 874.493 7906.5 18684.5 103518 5818.89 16417.8 2722.86 986.001 1859.35 2452.96 948.391 638.857
threshold=0 6.5633000000000008 1.0000000180025095e-35 16.151200000000003 1.0000000180025095e-35 11.326000000000002 1 15.730650000000002 11.813500000000003 10.781950000000002 1.0000000180025095e-35 3.3125500000000003 6.849800000000001 1.0000000180025095e-35 9.3131000000000022 11.219900000000001 1.0000000180025095e-35 8.680550000000002 8.6175500000000014 11.175250000000002 1.0000000180025095e-35 15.350350000000002 15.381700000000002 9.6712000000000007 7.7317000000000009 15.070250000000003 2 13.262450000000001 15.730650000000002 0.39540000000000003
decision_type=9 2 2 2 2 2 9 2 2 2 2 2 2 2 2 2 2 2 2 2 2 2 2 2 2 2 9 2 2 2
left_child=1 2 4 -4 -1 -3 7 8 -2 10 11 -8 13 -13 -15 16 -14 -18 24 20 22 -22 -20 -24 25 26 27 -11 29 -27
right_child=6 5 3 -5 -6 -7 9 -9 -10 18 -12 12 15 14 -16 -17 17 -19 19 -21 21 -23 23 -25 -26 28 -28 -29 -30 -31
leaf_value=13.173675798099779 0.35533255823010085 1.2562920827784982 393.19063304161392 15.796730254271033 3.3838835120761939 -0.015845373909923365 -0.2069722548653887 4.3300154025864135 0.011051310973214599 0.065439268311917806 -0.069695163407019686 -300.30440386208267 -1.7274590931498464 -33.904336530335982 -1.1364663361296929 -0.12040037047943308 -51.931411194230648 -27.330440856846572 -0.47470798759472932 0.036133198061289749 -85.103159227179574 -2.6802280365901376 -1.4333052341470109 -18.233671528809509 0.6695930166672831 -0.20251900890274108 0.0078876342768144734 0.43879935278104576 0.022073435730126809 -0.92777961960740518
leaf_weight=2.2747729023101764 56.533764168314036 25.009218882286149 0.21553646080714162 1.024859963652669 10.055963085646612 73.333520872432672 15.859057574795111 15.922171912198619 143.34185155983013 88.177361609778643 73.07473163340444 0.014649484964852966 0.29782220002682702 0.029449963941424656 0.18693335363743188 3.9441202587841793 0.0048167627373249386 0.018328343878598233 5.6714707943904061 344.99965116152276 0.043503325633989121 0.30638687122618363 0.7305315321318534 0.18155778324227323 20.454140743964444 13.018974421950372 178.47386857275546 87.79206271462283 154.05194092994338 3.9599382951379782
leaf_count=845 342 476 658 61 259 299 63590 124 294 95 6445 3102 353 498 71 192 147 186 498 1211 696 63 123 213 309 211 843 474 281 187
internal_value=0.248321 1.60104 12.1531 81.3743 5.1899 0.307668 0.108742 0.401313 0.108429 0.0416787 -0.168319 -0.522375 -1.63489 -24.2833 -5.5962 -0.40806 -3.94289 -32.4502 0.0639948 0.00253642 -1.6692 -12.9282 -1.07082 -4.77754 0.103614 0.0815833 0.12916 0.238176 -0.017015 -0.371669
internal_weight=1319 111.914 13.5711 1.2404 12.3307 98.3427 1207.09 215.798 199.876 991.291 93.4299 20.3552 4.49612 0.231033 0.216383 4.26509 0.320967 0.0231451 897.861 351.933 6.93345 0.34989 6.58356 0.912089 545.928 525.474 354.443 175.969 171.031 16.9789
internal_count=83146 2598 1823 719 1104 775 80548 760 636 79788 74584 68139 4549 3671 569 878 686 333 5204 2804 1593 759 834 336 2400 2091 1412 569 679 398
cat_boundaries=0 1 2 3
cat_threshold=130 8 272
is_linear=0
shrinkage=0.05


Tree=59
num_leaves=31
num_cat=1
split_feature=3 1 2 1 2 5 2 2 1 1 2 2 1 1 1 2 5 2 1 2 11 1 4 1 1 1 5 1 4 6
split_gain=127182 668332 2.80827e+07 280020 30097 44987.1 31618.4 13377.4 100397 9392.4 7133.08 1941.86 1274.25 1242.36 12352.1 1043.11 3292.02 10318.6 1029.24 2162.33 838.044 1468.85 11393.3 3649.08 7986.41 6377.31 1336.96 810.739 728.928 676.93
threshold=0 13.079150000000002 1.2150000000000001 15.730650000000002 8.6050000000000022 1.0000000180025095e-35 7.035000000000001 2.4050000000000007 15.512300000000002 15.154500000000002 0.41500000000000004 1.0000000180025095e-35 11.813500000000003 15.070250000000003 15.028300000000002 3.8750000000000004 1.0000000180025095e-35 3.5250000000000004 7.7887500000000012 9.4050000000000029 1.0000000180025095e-35 15.773200000000001 1.0000000180025095e-35 15.817350000000001 16.434000000000001 16.029050000000002 1.0000000180025095e-35 14.578600000000002 1.0000000180025095e-35 1.0000000180025095e-35
decision_type=9 2 2 2 2 2 2 2 2 2 2 2 2 2 2 2 2 2 2 2 2 2 2 2 2 2 2 2 2 2
left_child=1 2 -1 9 5 6 -4 8 10 27 11 -2 15 14 29 16 -9 28 -6 -20 21 -15 -23 -24 25 -25 -27 -3 -18 -14
right_child=7 3 4 -5 18 -7 -8 12 -10 -11 -12 -13 13 20 -16 -17 17 -19 19 -21 -22 22 23 24 -26 26 -28 -29 -30 -31
leaf_value=1025.9014251795954 0.014355429020199423 -0.52747600603423483 -181.07952587651735 7.5665870689378272 -1.1765503591869124 -7.1352186362810848 -48.857490318267082 -1.0531691267138865 3.5446154490396946 1.7273299791508294 -0.74565197502743019 0.3790117146601798 0.086260616036668028 -0.028069191414067773 1.9388562082262895 -0.10489434175018386 -16.444126729352316 -77.538382834769209 -0.44205069443382627 -7.8617119383952287 0.055822275912613642 -0.11977565410896568 -0.95991657858166168 -18.931419624234586 -2.5898889828581253 -2.6822150526849939 -8.8730759200749745 -0.003424820067354466 -1.8198847751900851 -0.26271317101015212
leaf_weight=0.068487343950538127 73.326884288211389 8.6676810771058594 0.0049689435509617788 15.690573282489991 1.4140415494666805 0.13426200964756874 0.05019814762368624 0.38399067461571584 23.639954838633997 8.1854199802755812 23.328145091569553 72.708274924188217 464.35538725331895 131.82558703114512 9.0653608176448852 123.09357930994129 0.012199954141075907 0.005800655959962652 0.20086912892544725 0.19210979885889226 201.71503635612356 25.294297879628179 0.77710778869253361 0.14827263330165685 1.0358663563334047 0.13344566544017822 0.25168938896001203 49.689791369441885 0.028254208821851236 14.324944318006315
leaf_count=505 254 206 170 244 758 126 252 2764 338 134 2049 480 1687 824 59 70166 205 90 13 79 286 173 29 114 112 17 117 111 73 711
internal_value=0.257149 2.02346 30.3584 1.55801 -3.79329 -22.7543 -60.7668 0.111075 0.49227 0.141213 0.0662201 0.195911 0.0365612 0.0583938 0.110444 -0.113484 -2.57113 -15.1727 -1.80562 -4.06919 -0.011896 -0.0975555 -0.428954 -3.76194 -5.1495 -10.1202 -6.728 -0.0812608 -6.23019 0.0758173
internal_weight=1249.75 84.2984 2.06494 82.2335 1.99645 0.189429 0.0551671 1165.45 193.003 66.5429 169.363 146.035 972.451 848.927 487.746 123.524 0.430245 0.0462548 1.80702 0.392979 361.181 159.466 27.6407 2.34638 1.56927 0.533408 0.385135 58.3575 0.0404542 478.68
internal_count=83146 2598 1903 695 1398 548 422 80548 3121 451 2783 734 77427 4129 2457 73298 3132 368 850 92 1672 1386 562 389 360 248 134 317 278 2398
cat_boundaries=0 1
cat_threshold=130
is_linear=0
shrinkage=0.05


Tree=60
num_leaves=31
num_cat=1
split_feature=3 1 1 1 1 1 2 2 2 1 1 1 2 2 1 1 1 4 2 2 2 2 11 1 5 1 1 1 1 1
split_gain=160475 3.1267e+06 1.39828e+07 4.22992e+07 1.42029e+06 6.28472e+06 19769.4 404723 12321.5 22099.2 5505.61 5060.97 3481.52 2552.68 1135.29 1238.36 4079.89 972.546 754.266 2403.97 808.539 900.525 743.995 1147.43 7722.06 6884.38 21539.9 11230.8 574.417 1006.77
threshold=0 15.620850000000003 15.730650000000002 16.810900000000004 13.079150000000002 7.3479500000000009 10.055000000000001 9.8850000000000033 2.4050000000000007 15.381700000000002 14.919850000000002 12.694800000000003 7.4650000000000007 1.9550000000000003 11.813500000000003 15.070250000000003 14.959550000000002 1.0000000180025095e-35 3.4350000000000005 3.2450000000000006 3.1950000000000007 3.1350000000000002 1.0000000180025095e-35 15.773200000000001 1.0000000180025095e-35 16.434000000000001 15.817350000000001 16.214600000000004 13.356150000000001 13.175050000000001
decision_type=9 2 2 2 2 2 2 2 2 2 2 2 2 2 2 2 2 2 2 2 2 2 2 2 2 2 2 2 2 2
left_child=1 4 -3 -4 5 6 7 12 9 11 -6 -2 -1 -13 18 16 28 -8 19 20 21 -10 23 -17 -25 26 -26 -28 29 -16
right_child=8 2 3 -5 10 -7 17 -9 14 -11 -12 13 -14 -15 15 22 -18 -19 -20 -21 -22 -23 -24 24 25 -27 27 -29 -30 -31
leaf_value=-388.41921109119818 0.42770633396220692 -0.5497339264684834 1234.2887076387924 -13.230005163339838 -0.07297332572808797 287.64937244926244 -0.45443508441205183 -1.4372549622839061 -41.511894525516936 1.0704474609507559 1.0896487330093965 -0.63687227450988482 -323.42741182922686 -0.01441024276816218 0.035794388027917921 -0.026084875053061327 0.77970415740139287 -6.3090889407631767 -0.098091766220944815 -2.0359453108627248 -51.885510025245075 -0.050001416896633483 0.054433032162534548 -0.056638590277539202 -0.81828238073484538 -0.87903503543894534 -21.600809533588944 -6.347582832982507 0.032261851984662013 0.27586937327554856
leaf_weight=0.0046335690602549795 43.91508571351612 1.333395268768067 0.097764048610934823 0.22279786413087796 51.544594891929933 0.233551605082016 0.63223550538713802 0.14526654290868146 0.0024118532103113832 86.361884673099468 12.689738006047518 27.117906600228913 0.0037108364665700477 41.94956678913065 92.50363654507953 134.68441134023055 21.808289253839803 0.079896871095366029 130.23318586479274 0.072410245922081506 0.0028937692332391563 0.0028655355071373068 196.64952384887368 27.071061092955151 0.95385085805068326 2.6581494112782096 0.23528346383802326 0.24775070086461534 262.88538905755291 82.72019576237534
leaf_count=658 1908 26 138 106 271 308 289 53 1222 390 154 697 389 126 417 824 174 206 71301 520 125 130 286 118 38 104 236 66 1770 96
internal_value=0.260789 2.47099 70.7324 367.235 1.12112 57.474 -4.62045 -20.8887 0.109875 0.468302 0.156707 0.00803322 -359.517 -0.258807 0.0360325 0.0577589 0.112229 -1.11129 -0.101084 -4.93702 -30.6454 -18.9988 -0.0113498 -0.0893488 -0.362744 -2.38632 -5.1747 -13.7774 0.0790037 0.14913
internal_weight=1219.06 66.9876 1.65396 0.320562 65.3336 1.09929 0.865743 0.153611 1152.08 199.344 64.2343 112.983 0.00834441 69.0675 952.731 822.418 459.918 0.712132 130.314 0.0805814 0.00817116 0.00527739 362.5 165.851 31.1661 4.09503 1.43689 0.483034 438.109 175.224
internal_count=83146 2598 270 244 2328 1903 1595 1100 80548 3121 425 2731 1047 823 77427 4129 2457 495 73298 1997 1477 1352 1672 1386 562 444 340 302 2283 513
cat_boundaries=0 1
cat_threshold=130
is_linear=0
shrinkage=0.05


Tree=61
num_leaves=31
num_cat=1
split_feature=2 1 1 1 2 2 2 2 0 2 0 1 3 11 1 2 2 0 0 0 2 1 1 2 1 0 1 1 11 0
split_gain=94743.5 553128 706638 45879.2 9263.54 652065 4.04298e+06 3.33807e+07 590270 18890.2 4309.93 9907.98 2485.67 15002.7 13338.1 30749.5 237133 2.99914e+06 2488.85 36078.6 800164 401129 2738.57 1813.21 7600.46 9849.63 45840.2 77533.1 1779.02 1598.41
threshold=0.115 14.919850000000002 16.314600000000002 13.079150000000002 1.7050000000000003 0.50500000000000012 1.3250000000000004 1.5650000000000002 11.219900000000001 1.4550000000000003 14.487500000000002 15.114450000000001 0 1.0000000180025095e-35 10.781950000000002 10.225000000000003 7.2650000000000006 6.9426500000000013 6.4496000000000011 5.151250000000001 10.055000000000001 13.262450000000001 16.314600000000002 9.9750000000000032 15.447300000000002 9.0492500000000025 17.203200000000006 15.477100000000002 1.0000000180025095e-35 11.175250000000002
decision_type=2 2 2 2 2 2 2 2 2 2 2 2 9 2 2 2 2 2 2 2 2 2 2 2 2 2 2 2 2 2
left_child=1 3 -3 -1 5 -2 8 9 -7 -8 12 -12 13 14 15 16 -6 -18 19 22 -21 -22 28 -20 -25 -26 27 -27 -14 -17
right_child=4 2 -4 -5 10 6 7 -9 -10 -11 11 -13 18 -15 -16 29 17 -19 23 20 21 -23 -24 24 25 26 -28 -29 -30 -31
leaf_value=2.2391069363883052 0.011852282563598542 28.07654382607646 -0.30321977887972867 0.0050715231583475231 -1.9378355186997744 83.270021386245503 -19.925563549204618 2781.0781359561806 -2.4811883681144646 -86.87687907106573 -1.0232729329917676 -14.024037414540352 0.016788984326825844 -15.009564974766526 -0.098086477537587244 -3.6385374072320973 -1590.1464572742898 -15.43047781643746 0.02499437654410094 -0.29424272209771313 -3.276084533544267 88.405836330251205 0.55413286454166744 -0.19654307430661702 -1.2452828066962003 -5.0964359246899917 -2.0190865088067578 -106.23736544324791 0.2774658102135012 -0.099839560924849566
leaf_weight=31.786552777264021 82.844117105209193 4.3141421112158209 4.461978043658938 82.962092654522252 0.33164275354368672 0.24393107922418367 0.062565200030807885 0.012272887809476121 1.1319041332843844 0.01266896080198876 0.93144684475664918 0.17391342797627318 380.28745849721912 0.17248473272377296 54.669001769953297 0.45761747206093817 0.0032387974956861318 0.045519669426725071 461.34265408682489 9.6694600947630303 0.17066509089138193 0.39643565178266726 30.076847434759486 42.042982952584694 0.91771701659154825 0.048551872937963772 0.30864657197475009 0.031076845091903713 79.057426556945586 1.0543308832806195
leaf_count=540 625 128 63 152 13452 1073 153 154 173 158 206 90 8709 397 368 620 49062 141 2712 594 309 39 111 2213 63 11 25 172 548 85
internal_value=0.233548 1.54922 13.6476 0.623922 0.0917961 0.596272 33.682 363.223 12.7222 -31.1997 0.0517552 -3.06877 0.0550059 -0.243006 -0.240939 -4.36787 -17.0747 -120.032 0.0735275 0.153365 3.09117 60.8148 0.0919186 -0.00405644 -0.313231 -4.06968 -10.7453 -44.5689 0.0616538 -1.17089
internal_weight=1270.02 123.525 8.77612 114.749 1146.5 84.3075 1.46334 0.087507 1.37584 0.0752342 1062.19 1.10536 1061.08 56.7338 56.5614 1.89235 0.380401 0.0487585 1004.35 499.658 10.2366 0.567101 489.422 504.692 43.349 1.30599 0.388275 0.0796287 459.345 1.51195
internal_count=83146 883 191 692 82263 2336 1711 465 1246 311 79927 296 79631 64125 63728 63360 62655 49203 15506 10310 942 348 9368 5196 2484 271 208 183 9257 705
cat_boundaries=0 1
cat_threshold=1664
is_linear=0
shrinkage=0.05


Tree=62
num_leaves=31
num_cat=3
split_feature=3 0 0 3 0 1 1 1 0 0 1 1 0 1 1 0 1 0 6 5 0 0 0 0 0 0 3 5 1 1
split_gain=65618.4 2.38316e+06 7.31691e+07 8951.4 49292.3 451670 12596.7 1061.73 1106.84 5513.82 57735.9 188719 4921.23 8397.57 17735 304973 3431.18 18988.6 2251.62 1069.71 2993.77 67264.4 297963 1.54798e+06 3730 970.536 1162 897.837 5204.72 27079.2
threshold=0 10.476950000000002 6.5633000000000008 1 7.5786000000000007 15.658300000000002 14.405750000000003 10.781950000000002 8.6175500000000014 7.7317000000000009 14.792150000000001 15.658300000000002 11.219900000000001 12.934450000000002 14.631350000000003 10.371450000000001 15.817350000000001 8.9111000000000029 1.0000000180025095e-35 1.0000000180025095e-35 5.3996500000000003 11.219900000000001 6.7465500000000009 6.5633000000000008 10.129600000000002 6.3983500000000015 2 1.0000000180025095e-35 15.730650000000002 15.512300000000002
decision_type=9 2 2 9 2 2 2 2 2 2 2 2 2 2 2 2 2 2 2 2 2 2 2 2 2 2 9 2 2 2
left_child=1 2 -1 4 5 6 -2 19 9 18 -11 -12 13 -10 15 -15 -16 -18 25 20 -5 22 23 -22 -24 26 -9 -28 29 -29
right_child=3 -3 -4 7 -6 -7 -8 8 12 10 11 -13 -14 14 16 -17 17 -19 -20 -21 21 -23 24 -25 -26 -27 27 28 -30 -31
leaf_value=1447.6546688214157 2.402294131885371 -0.043944843706219414 -2.0438961715169479 -0.19231779633318047 0.026432306918074151 19.003466296907021 -0.034563244909551885 0.20103776425812037 -0.074377210418223177 -0.17162968179428792 -1.8824648063519822 38.016273326078711 0.013679101895396352 -270.05903716556867 -1.773169252722876 -1.8092782526263418 -0.6127270704667116 -31.753355368519443 -0.5950464413204346 -0.043123066370588131 -1211.4813233722798 -0.19199268933088148 -2.269618688576351 -9.9995271421817424 -22.249202722549139 0.25728209937921992 0.049528221694385144 -7.3465881572901139 0.039626260828145785 -0.018856790027856719
leaf_weight=0.090232401246793326 6.3477228701871828 63.009071053411965 2.459116489531731 15.355156187239096 169.91798650487158 3.5501210943584871 32.227212081065659 98.732735539825967 5.8574565058088046 9.459660562127473 0.93036419347487365 0.43491671533988585 327.68777399529529 0.011295935593852391 2.5605206330474308 0.17088289674159157 0.21856141734428852 0.063081836634911126 12.233094424662111 83.558611184943629 0.0032606062414595035 2.6613323552511234 0.09025515196648419 0.015077268301865843 0.031517681713810947 74.848651036932893 250.50362267503021 1.5247170143744622 45.882284361030223 7.283056186174778
leaf_count=1726 368 310 367 66666 357 139 91 92 159 161 99 49 1175 443 586 257 14 170 670 6445 522 192 588 43 128 223 227 804 45 30
internal_value=0.197697 1.62563 49.2672 0.101457 0.387723 1.93709 0.366435 0.0334887 0.0523525 0.0994009 1.21562 10.8275 -0.0177976 -1.17911 -3.31872 -18.442 -2.34934 -7.58754 0.0747924 -0.118707 -0.466555 -1.96969 -35.7361 -223.632 -7.44081 0.0919073 0.061263 0.00915735 -0.174084 -1.28736
internal_weight=1217.72 65.5584 2.54935 1152.16 212.043 42.1251 38.5749 940.118 838.403 501.833 10.8249 1.36528 336.57 8.8818 3.02434 0.182179 2.84216 0.281643 491.008 101.715 18.1566 2.80144 0.140111 0.0183379 0.121773 478.775 403.926 305.194 54.6901 8.80777
internal_count=83146 2403 2093 80743 955 598 459 79788 5204 2400 309 148 2804 1629 1470 700 770 184 2091 74584 68139 1473 1281 565 716 1421 1198 1106 879 834
cat_boundaries=0 1 2 3
cat_threshold=128 10 16
is_linear=0
shrinkage=0.05


Tree=63
num_leaves=31
num_cat=0
split_feature=1 0 1 11 1 1 0 1 1 1 1 1 0 1 1 1 1 5 0 1 0 4 0 0 0 0 0 1 0 5
split_gain=14988.6 63285.2 147413 19524.4 3.08672e+06 6.87161e+07 246310 6894.79 17194.9 559534 1.19416e+07 280008 320878 67027.7 9367.07 39561.5 7762.73 7636.02 5863.11 4083.46 3387.59 128000 236856 44394 16528 3889.87 32376 3210.08 1656.06 1210.36
threshold=15.730650000000002 0.25075000000000008 15.864400000000002 1.0000000180025095e-35 14.792150000000001 9.1609500000000015 7.7974000000000006 7.3479500000000009 11.813500000000003 9.5015500000000017 7.7887500000000012 11.203800000000003 9.0492500000000025 8.7720500000000019 9.3131000000000022 8.9135500000000025 13.356150000000001 1.0000000180025095e-35 6.3983500000000015 8.7801000000000027 11.397250000000001 1.0000000180025095e-35 2.9499500000000007 0.69060000000000021 11.326000000000002 3.4343000000000008 9.9812500000000011 16.314600000000002 8.0068500000000018 1.0000000180025095e-35
decision_type=2 2 2 2 2 2 2 2 2 2 2 2 2 2 2 2 2 2 2 2 2 2 2 2 2 2 2 2 2 2
left_child=3 2 -2 7 5 -5 -6 17 9 10 -9 -11 -13 -12 15 19 18 20 -10 -15 21 23 -23 -1 -25 -24 -27 -3 -8 -16
right_child=1 27 -4 4 6 -7 28 8 16 11 13 12 -14 14 29 -17 -18 -19 -20 -21 -22 22 25 24 -26 26 -28 -29 -30 -31
leaf_value=-0.60986363397967358 0.42972807847144612 0.42862174404580133 5.9433139876070173 -2.4220105859164529 59.899856542496117 -10103.883536551424 -0.20133690151197411 1780.0537595809981 0.16808218618391177 -0.10114333927818808 -351.11925167606728 44.858222061870336 -0.42481751754169034 -6.9494882250519359 -15.167464710702195 -274.54019376265012 0.014650654202327286 -0.063477163034868639 0.69035589359003813 -73.796856167962773 -0.17471209783957933 -121.24618010526451 -0.054633029407684212 -31.049724714212136 -0.85374867582231939 -105.38304746621891 -6.2713995478381719 0.020601111619931434 -6.353743876656667 -0.8150243039324645
leaf_weight=15.008984908730719 44.641742968162774 65.97045471637955 16.642269817721157 0.040416885167288974 0.22869197797383245 0.001756741786853643 0.18666723370552063 0.0098680960967898468 160.73705724930352 37.580475895790698 0.0014242207180623903 0.75756978068623926 0.8089506991507055 0.014494754758443286 0.016537391268180046 0.0016394033195052593 712.57421331374223 79.669077897568684 80.724038043694861 0.0027119850274175397 6.7219468415989878 0.062654688954855764 0.077611222863199603 0.16619170706817676 0.062306767664267682 0.0090190498169596817 0.095361179459417342 179.00354061097931 0.26415954670220354 0.13145067796084661
leaf_count=50359 43 588 279 78 189 2006 2 1275 137 1260 4012 61 24 94 359 1220 2348 6000 169 399 240 2466 102 7834 3 838 95 292 296 78
internal_value=0.180732 0.489973 1.927 0.0943172 -8.12697 -423.198 17.634 0.0997345 0.139909 1.16453 89.581 0.762218 21.4741 -9.56259 -6.64681 -39.8463 0.0976746 -0.292008 0.342686 -17.4854 -1.11199 -1.51893 -37.3984 -0.942861 -22.8159 -8.53196 -14.8352 0.130479 -3.80631 -2.41888
internal_weight=1402.21 306.258 61.284 1095.96 0.721692 0.0421736 0.679519 1095.23 993.36 39.3251 0.178127 39.147 1.56652 0.168258 0.166834 0.0188461 954.035 101.873 241.461 0.0172067 22.2041 15.4821 0.244646 15.2375 0.228498 0.181991 0.10438 244.974 0.450827 0.147988
internal_count=83146 1202 322 81944 2571 2084 487 79373 11436 8782 7437 1345 85 6162 2150 1713 2654 67937 306 493 61937 61697 3501 58196 7837 1035 933 880 298 437
is_linear=0
shrinkage=0.05


Tree=64
num_leaves=31
num_cat=3
split_feature=2 4 0 2 2 0 0 3 2 0 0 2 0 3 0 2 0 5 2 0 0 0 0 0 0 6 0 3 0 0
split_gain=137300 1.06974e+06 24284.8 7036.17 140414 3.39457e+06 7.29481e+07 7866.1 203797 741885 5308.85 6804.27 1421.33 2666.08 387350 924650 5264.18 4865.61 1827.19 2661.33 1202.21 1330.57 1099.09 963.567 640.821 4107.8 5191.34 454.767 327281 842936
threshold=0.115 1.0000000180025095e-35 12.018950000000002 1.2150000000000001 0.41500000000000004 11.326000000000002 11.287150000000002 0 5.285000000000001 10.476950000000002 14.487500000000002 8.9050000000000029 6.4496000000000011 1 6.255300000000001 9.2550000000000008 1.0000000180025095e-35 1.0000000180025095e-35 9.9750000000000032 11.219900000000001 7.1715000000000009 6.6820500000000012 11.326000000000002 10.526600000000002 12.596050000000002 1.0000000180025095e-35 12.798100000000002 2 0.25075000000000008 0.64970000000000006
decision_type=2 2 2 2 2 2 2 9 2 2 2 2 2 9 2 2 2 2 2 2 2 2 2 2 2 2 2 9 2 2
left_child=1 2 -1 4 -2 6 -6 8 -5 -10 12 -12 13 16 27 -16 17 -9 -14 20 21 -20 -11 -22 -21 26 -26 -15 -29 -30
right_child=3 -3 -4 7 5 -7 -8 10 9 22 11 -13 18 14 15 -17 -18 -19 19 24 23 -23 -24 -25 25 -27 -28 28 29 -31
leaf_value=1.7029375553074404 0.041684347001206636 24.804006040967082 0.039379499145701435 -0.12114038862347543 4613.5130044188227 -0.68594326673080996 -0.33724152076111402 -0.27468802754652083 -105.84169831070786 -0.28047809232946824 -1.4943909115012928 -13.427333531224438 0.015354303938892415 0.03329031998299016 -1.2054019544184924 186.833611670349 0.026951276792530426 1.0698853041138168 -10.509358572393099 -0.14865210488298389 -1.0514645825208246 -2.3468910688471709 -3.7995900471144317 -3.5143399668335267 -1.5834795846929197 -0.12238619765868133 -14.332056057002035 -0.048057691135778936 -12.129427611612963 -721.95902552579241
leaf_weight=39.786830254902895 81.958010883877748 4.8915538431341323 48.902408645204744 34.518006013239741 0.0089842974473789416 3.8473466081203793 0.18442676961421967 8.4809835659209067 0.21272660662253673 0.47555619933617188 0.46608986656773777 0.16063166539716522 424.62296234815949 515.52091140545281 0.214735211811102 0.093992751557379961 49.72640318300224 32.55845081511611 0.075730971592930157 36.134041515882551 3.338069813909792 0.14652946732553387 0.4159304154919895 0.4507618379808721 0.23237427359483276 2.0046717278992383 0.12166244811204785 29.863731783264612 0.016434518984177051 0.0056101273652112453
leaf_count=542 476 281 60 308 1077 163 3 168 1186 40 76 210 3254 9806 138 68 201 130 85 509 1214 193 95 323 39 76 284 54632 619 6890
internal_value=0.195102 2.04113 0.785667 0.054178 0.490289 9.58927 213.985 0.0212747 -0.622736 -21.9424 0.0472618 -4.55286 0.0503024 0.0989133 0.0523867 56.0434 0.335872 0.792023 -0.0159322 -0.328491 -1.55413 -5.12809 -1.92235 -1.34448 -0.200775 -0.999266 -5.96445 0.0216535 -0.142527 -192.773
internal_weight=1319.44 93.5808 88.6892 1225.86 85.9988 4.04076 0.193411 1139.86 35.6222 1.10421 1104.23 0.626722 1103.61 636.481 545.715 0.308728 90.7658 41.0394 467.127 42.5038 4.01109 0.22226 0.891487 3.78883 38.4927 2.35871 0.354037 545.407 29.8858 0.0220446
internal_count=83146 883 602 82263 1719 1243 1080 80544 1629 1321 78915 286 78629 72652 72153 206 499 298 5977 2723 1815 278 135 1537 908 399 323 71947 62141 7509
cat_boundaries=0 1 2 3
cat_threshold=128 24 260
is_linear=0
shrinkage=0.05


Tree=65
num_leaves=31
num_cat=4
split_feature=2 1 3 3 2 1 2 2 1 1 2 2 1 1 2 2 1 1 1 6 2 1 2 2 3 2 2 2 1 3
split_gain=238227 835791 19829.7 9928.21 228165 570859 1275.44 19536.5 1196.78 1570.08 1215.41 1929.36 15343.3 143923 205586 75478.7 1733.02 1457.53 6287.94 7521.2 5067.19 912.422 762.239 1608.38 699.384 6199.74 964912 11758.9 12751.4 666.365
threshold=0.115 15.730650000000002 0 1 5.285000000000001 14.752250000000002 1.7050000000000003 0.41500000000000004 11.813500000000003 11.203800000000003 10.095000000000001 7.3650000000000011 15.477100000000002 15.114450000000001 9.7850000000000019 7.5850000000000009 16.314600000000002 15.512300000000002 15.546550000000002 1.0000000180025095e-35 6.8950000000000005 15.910550000000002 1.9550000000000003 5.0550000000000006 2 7.4650000000000007 7.8650000000000011 8.0350000000000019 10.361100000000002 3
decision_type=2 2 9 9 2 2 2 2 2 2 2 2 2 2 2 2 2 2 2 2 2 2 2 2 9 2 2 2 2 9
left_child=1 2 -1 4 -2 -6 7 -5 9 24 11 16 13 14 15 -13 17 -10 -19 20 -20 22 -21 -24 -8 -26 -27 28 -28 -12
right_child=3 -3 -4 6 5 -7 8 -9 10 -11 29 12 -14 -15 -16 -17 -18 18 19 21 -22 -23 23 -25 25 26 27 -29 -30 -31
leaf_value=2.6199548602041904 -0.26392429424230335 21.519691601691637 0.31648571688235605 0.056142517461334154 -93.70153599637284 -3.2653413875219579 -0.026788968467330899 -2.9010051093882492 0.044074256521927528 -2.447017012235698 0.039246580104029601 17.064919349555989 0.02819953348579627 0.0013575545756574344 46.764798924132421 -0.67100835452674712 0.31441916165254757 0.027243852885857445 -20.726249217563961 -1.5972216845608938 -4.8085775249400839 -1.3037276870631109 -10.328741414884544 -2.2288408051476196 -0.10736015499415677 -771.16615188453613 -125.60837223004245 -1.3680809979956836 -0.050207289247142656 -0.11361910691980077
leaf_weight=8.9733658147303892 39.326606782262751 5.6786687249120282 42.018561899344682 80.97540757156419 0.22963907637857484 0.72666773202613588 130.92351847029028 5.9989992111340333 416.78682264377073 0.7004437231469457 221.50810011299535 1.0353497242070435 107.43873464765586 20.939653016150341 0.36995283945122182 1.4261828356554476 61.583924937637676 7.1771376935153013 0.096715174031928863 0.18043080019616609 0.10350479723284423 0.98365253857401236 0.11133258948517102 0.13634129374803991 5.5256149496865348 0.0040844591611756123 0.0039790361188561949 1.5825549565134913 0.0041116452775895587 93.129587776071673
leaf_count=380 673 101 402 383 1256 65 14142 1502 1523 110 542 66 177 119 57 267 94 24 125 11 21 100 89 50 18841 30091 6172 4495 3 1265
internal_value=0.156244 3.32405 1.29771 0.00651893 -0.681536 -24.9819 0.03601 -0.147825 0.0512645 -0.0857498 0.0716394 0.112347 0.282525 1.432 12.0121 6.78893 0.0665112 0.0306372 -0.606561 -3.4285 -12.4975 -2.1423 -4.06909 -5.86985 -0.0737685 -0.374297 -3.6463 -1.67546 -61.8003 -0.00836388
internal_weight=1255.68 56.6706 50.9919 1199.01 40.2829 0.956307 1158.73 86.9744 1071.75 138.744 933.007 618.37 131.21 23.7711 2.83149 2.46153 487.16 425.576 8.78911 1.61198 0.20022 1.41176 0.428105 0.247674 138.044 7.12035 1.59473 1.59065 0.00809068 314.638
internal_count=83146 883 782 82263 1994 1321 80269 1885 78384 73854 4530 2723 686 509 390 333 2037 1943 420 396 146 250 150 139 73744 59602 40761 10670 6175 1807
cat_boundaries=0 1 2 3 4
cat_threshold=128 128 532 20
is_linear=0
shrinkage=0.05


Tree=66
num_leaves=31
num_cat=2
split_feature=2 3 2 1 1 0 0 0 2 1 0 1 1 2 1 0 3 0 1 0 0 0 2 1 1 1 0 2 1 1
split_gain=398552 8088.32 230687 719348 6112.45 1481.69 215260 1.66596e+06 1.94846e+06 127647 333391 1.07095e+06 13468.8 2359.78 32071.9 92739.8 1773.49 1499.98 3177.4 27485.1 138415 50503.3 734.125 10168.9 9228.77 685.123 585.922 4215.12 17217.9 5973.63
threshold=0.115 0 2.2650000000000001 14.752250000000002 14.839450000000001 6.4496000000000011 6.1825500000000009 6.3374500000000014 8.9050000000000029 16.314600000000002 0.25075000000000008 17.203200000000006 15.864400000000002 9.9750000000000032 15.447300000000002 9.8318500000000011 1 11.219900000000001 10.004750000000001 10.027300000000002 8.2135000000000016 8.7428000000000008 2.1450000000000005 13.444400000000002 15.114450000000001 11.813500000000003 12.933400000000001 5.9650000000000007 15.581400000000002 15.773200000000001
decision_type=2 9 2 2 2 2 2 2 2 2 2 2 2 2 2 2 9 2 2 2 2 2 2 2 2 2 2 2 2 2
left_child=-1 2 22 -4 -5 6 9 25 -9 12 11 -11 16 26 17 -16 -3 18 19 20 -15 -22 23 -2 -25 -8 27 -7 -29 -30
right_child=1 5 3 4 -6 13 7 8 -10 10 -12 -13 -14 14 15 -17 -18 -19 -20 -21 21 -23 -24 24 -26 -27 -28 28 29 -31
leaf_value=5.4941515070432283 -0.036814410795095856 0.30325822529278929 -105.96748670989092 -0.22853901989540476 -8.4339785334052788 -0.019050612003895944 -0.29596536117827127 -4.8145891713422451 551.37352727803921 246.90493136289138 -1.0208154198362529 -10.049075982565288 -9.8919204138714285 -631.88887270009184 -2.7765402398824568 -55.778696305855377 0.020413685263720029 -0.13378201477475113 -0.86501440590172562 -2.131298532671476 -0.050581788387848492 -312.03076021957321 0.047676188300817476 -2.0172748763319381 -10.36115705015901 -4.3306964366703236 0.052953600851611576 -0.84754761881891882 -6.7976418943750581 -23.130037519426192
leaf_weight=34.044707145599432 22.652069091796875 52.133779372339127 0.21218511635924275 0.51476527750492096 0.4059418602617626 223.45318651619507 0.24945151805928412 0.031493373215198517 0.031493373215198517 0.062653084174030427 0.42338484821639066 0.11494779592865195 0.34086720890513689 0.0010287405710579919 0.46174523373891241 0.10049330682745583 559.47946281390102 35.382094499640836 2.4847052458320418 0.18961489424202754 0.0128862246247887 0.0014423967385978455 23.965635299682617 1.6158889541591182 0.41689579587481773 0.18196649159591849 317.29411984723788 5.0499741147404453 0.11126904000540867 0.11268347337146793
leaf_count=883 320 205 1348 4 93 2306 211 73 41 69 22 44 112 465 89 249 72608 924 540 240 107 307 8 100 121 43 308 1139 60 107
internal_value=0.156614 0.0109496 -0.556954 -22.9731 -3.84634 0.0388804 0.0935146 33.0723 273.279 0.0668968 23.0988 80.5978 0.0442777 -0.0177421 -0.39538 -12.25 0.0498154 -0.220313 -1.3586 -7.34197 -71.6773 -31.4562 -0.149444 -0.340822 -3.72849 -1.99776 0.00897788 -0.052026 -1.44917 -15.0154
internal_weight=1281.53 1247.49 49.7834 1.13289 0.920707 1197.7 613.049 0.494405 0.0629867 612.555 0.600986 0.177601 611.954 584.655 38.634 0.562239 611.613 38.0718 2.68968 0.204972 0.0153574 0.0143286 48.6505 24.6849 2.03278 0.431418 546.021 228.727 5.27393 0.223953
internal_count=83146 82263 1994 1445 97 80269 73428 368 114 73060 135 113 72925 6841 2921 338 72813 2583 1659 1119 879 414 549 541 221 254 3920 3612 1306 167
cat_boundaries=0 1 2
cat_threshold=128 16
is_linear=0
shrinkage=0.05


Tree=67
num_leaves=31
num_cat=0
split_feature=2 0 0 1 2 2 2 5 0 0 1 4 0 2 1 1 0 0 1 0 0 5 2 0 2 2 5 1 0 2
split_gain=1.79367e+07 2.85104e+08 2.14166e+09 4463.99 29401.3 1.3834e+06 17845.8 52063.7 2.95462e+06 2877.23 40476.2 466465 1483.25 2043.18 16173.7 47825.9 93618.1 416806 3670.62 6524.06 7080.05 1616.57 4700.75 31657.2 18439.6 5450.65 705.966 14643.7 137292 2272.62
threshold=0.115 11.546750000000001 7.5786000000000007 10.781950000000002 3.4350000000000005 3.1350000000000002 10.255000000000001 1.0000000180025095e-35 10.080150000000001 10.273350000000002 9.7701000000000011 1.0000000180025095e-35 6.4496000000000011 9.9750000000000032 15.317600000000001 15.817350000000001 7.7317000000000009 8.7969000000000026 15.447300000000002 7.8705000000000007 9.8318500000000011 1.0000000180025095e-35 10.095000000000001 1.0000000180025095e-35 7.3650000000000011 7.7950000000000008 1.0000000180025095e-35 1.0000000180025095e-35 1.8578500000000002 6.2950000000000008
decision_type=2 2 2 2 2 2 2 2 2 2 2 2 2 2 2 2 2 2 2 2 2 2 2 2 2 2 2 2 2 2
left_child=1 2 -1 4 5 -2 26 8 -8 10 11 -9 21 -14 -15 18 -17 -18 -16 -20 -21 -5 23 24 -23 -25 27 -6 29 -29
right_child=3 -3 -4 12 6 -7 7 9 -10 -11 -12 -13 13 14 15 16 17 -19 19 20 -22 22 -24 25 -26 -27 -28 28 -30 -31
leaf_value=32246.535431980039 -883.59471805713929 -3.0627970725303602 -56.889027346496384 0.0028714628364106456 -0.32300568918445388 -0.81003690032385589 -521.57732122835012 -407.99497431346907 -0.21692177058090284 -0.12041330266461131 -0.25704308946357152 -8.6081680726978433 0.0079179785006319083 -0.16966647986441857 -0.59416882301864005 -3.6692349909276665 -10.216815433345879 -336.02908077630093 -1.4578382616723922 -3.7047870756892189 -28.860228444843894 1.9007444186093547 0.031852584487494083 -0.0065301514846627072 6.9768294115991853 0.92540355998520329 -0.010639627569672678 -2.3203926973624784 -473.62936548468565 -47.763873396039656
leaf_weight=0.0058774976073036811 0.0045267503714841442 0.71671874837550031 0.040392524962152655 241.67389555375615 14.199480670562822 0.22614182170569302 0.027801001731551644 0.0075990685820158657 1.2063252485528491 4.7225217999801163 2.1481844098770515 0.19279956988453195 546.62010318275338 32.086539511961426 0.87133122068444935 0.1073480274114971 0.043823049405608522 0.012649540268767856 0.19685610383749019 0.054668267105536544 0.057277783336674409 6.6852709555316236 198.2977830954357 78.226012515997184 2.4428442476187753 19.626285227870255 80.315388059647091 0.022033812478174181 0.0016892630898331295 0.0031437457262083806
leaf_count=630 3090 99 154 639 50150 771 3091 1622 293 550 70 672 2646 822 53 20 13 178 16 23 107 392 529 416 98 96 2908 57 365 12576
internal_value=0.161931 242.515 4046.49 0.0116051 -0.303347 -18.1342 -0.263356 -2.48553 -11.9615 -0.831675 -2.26188 -23.7528 0.0404112 -0.015289 -0.394745 -5.76844 -31.0842 -83.1969 -2.25423 -6.93832 -16.5757 0.0994821 0.175964 0.443088 3.25919 0.180388 -0.0681435 -0.392784 -37.2716 -7.9946
internal_weight=1230.84 0.762989 0.04627 1230.08 103.078 0.230669 102.847 8.30523 1.23413 7.0711 2.34858 0.200399 1127 580.051 33.4305 1.34395 0.163821 0.0564726 1.18013 0.308802 0.111946 546.952 305.278 106.98 9.12812 97.8523 94.5417 14.2263 0.0268668 0.0251776
internal_count=83146 883 784 82263 76215 3861 72354 6298 3384 2914 2364 2294 6048 3878 1232 410 211 191 199 146 130 2170 1531 1002 490 512 66056 63148 12998 12633
is_linear=0
shrinkage=0.05


Tree=68
num_leaves=31
num_cat=2
split_feature=2 1 1 0 3 4 0 1 3 5 1 0 1 11 1 1 1 0 1 0 2 11 1 2 1 1 1 1 0 0
split_gain=30848.5 1.50634e+06 2.14834e+06 1.11245e+07 3743.77 11984.9 364740 780914 863.154 8475.47 32133.3 488.531 469.975 1127.31 2722.12 42465 66502.2 27346 12561 3337.62 2186.42 790.062 683.1 5997.52 1774.54 626.704 2100.89 227.931 187.81 2053.24
threshold=0.31500000000000006 14.163950000000002 13.989350000000002 13.570150000000002 0 1.0000000180025095e-35 13.838100000000003 14.792150000000001 1 1.0000000180025095e-35 15.028300000000002 11.762650000000002 15.546550000000002 1.0000000180025095e-35 17.953850000000006 15.817350000000001 16.214600000000004 8.7428000000000008 15.910550000000002 3.0450000000000004 6.1150000000000011 1.0000000180025095e-35 11.813500000000003 3.4350000000000005 11.203800000000003 13.356150000000001 13.175050000000001 15.9777 6.5032000000000005 10.176900000000002
decision_type=2 2 2 2 9 2 2 2 9 2 2 2 2 2 2 2 2 2 2 2 2 2 2 2 2 2 2 2 2 2
left_child=1 2 3 -1 5 6 7 -2 9 -6 -11 -7 21 14 15 -14 17 18 -17 -20 27 22 23 -10 28 26 -24 -19 -25 -30
right_child=4 -3 -4 -5 8 11 -8 -9 12 10 -12 -13 13 -15 -16 16 -18 20 19 -21 -22 -23 25 24 -26 -27 -28 -29 29 -31
leaf_value=-1506.8980217436774 -225.51214048290728 2.2113455858342919 -4.3016609872961658 -13.144527972732774 -0.0025602933735441118 -0.32622401168229131 -0.017272354530856977 -14.226613358043878 -8.0745718265054141 -0.10847838290472174 6.3999121394104748 -0.0049750866433895206 -0.12967376269380784 0.039570409235940684 0.041852456667302418 -13.764558695302766 -36.548432371875514 -0.83978954278426488 -53.145429881732952 -29.739572843687384 -6.6569031811365109 -0.19331110854562605 0.052177976962552247 -0.015631316563638704 -3.067427220525933 0.032369812965240018 0.45053913986166444 -2.2841502350575893 -2.647299894699958 -0.062226009008974015
leaf_weight=0.016292294725089973 0.056302981700183774 3.7518915068079282 0.10325181354107826 0.053046151990338242 64.943847239550166 23.316487220530533 6.003232320470488 0.19587614512474261 0.23304622082565529 7.3696795523935172 2.5536120712787653 24.032234824029132 33.767245831637759 138.72169950156282 51.670091639869334 0.14111920169258463 0.1836129925509794 0.71701397635193087 0.029137071361020152 0.031913011585560501 0.23743849176378473 37.34306575749838 155.10212377714973 122.27202342429486 0.48446391772057396 515.37638870551007 42.075485113654707 0.4412282361929577 0.81278403903154739 13.98088193617564
leaf_count=827 1048 326 24 17 321 704 21 76 3298 98 63 81 366 168 49 53 256 52 51 45 104 2073 190 68295 61 1632 53 80 1700 1014
internal_value=-0.0065708 -4.43256 -148.863 -364.128 0.00741346 -0.366538 -2.49182 -61.3995 0.0271354 0.181191 1.56636 -0.163171 0.0152581 -0.0489877 -0.18984 -0.526604 -8.05033 -4.77554 -21.9619 -40.9104 -2.28604 0.0317824 0.0416676 -0.0602449 -0.0466665 0.0613739 0.137184 -1.39001 -0.0359895 -0.204253
internal_weight=1246.02 3.92448 0.17259 0.0693384 1242.09 53.6041 6.25541 0.252179 1188.49 74.8671 9.92329 47.3487 1113.62 225.94 87.2188 35.5487 1.78146 1.59785 0.202169 0.0610501 1.39568 887.68 850.337 137.783 137.55 712.554 197.178 1.15824 137.066 14.7937
internal_count=83146 1194 868 844 81952 1930 1145 1124 80022 482 161 785 79540 1224 1056 1007 641 385 149 96 236 78316 76243 74368 71070 1875 243 132 71009 2714
cat_boundaries=0 1 2
cat_threshold=128 8
is_linear=0
shrinkage=0.05


Tree=69
num_leaves=31
num_cat=0
split_feature=1 0 0 5 1 0 4 0 0 0 0 6 0 0 1 1 1 1 1 1 1 11 1 4 1 1 1 1 1 1
split_gain=1749 1.64484e+06 2.03994e+06 12765.3 273697 2.6754e+06 20497 273283 8223.04 850509 1579.06 1551.1 9780.59 73439.3 71258.5 259793 285475 1.06601e+06 50042.1 12076.7 4355.24 2691 1437.43 1090.31 1317.93 949.57 7377.9 1742.45 3916.77 4551.16
threshold=10.781950000000002 13.417300000000003 14.487500000000002 1.0000000180025095e-35 1.0000000180025095e-35 11.397250000000001 1.0000000180025095e-35 11.287150000000002 0.39540000000000003 7.3207000000000013 0.14410000000000003 1.0000000180025095e-35 8.2135000000000016 5.151250000000001 15.864400000000002 15.070250000000003 15.283200000000003 15.817350000000001 15.028300000000002 17.953850000000006 15.817350000000001 1.0000000180025095e-35 10.167800000000002 1.0000000180025095e-35 9.7701000000000011 16.434000000000001 15.416350000000001 15.546550000000002 16.029050000000002 15.910550000000002
decision_type=2 2 2 2 2 2 2 2 2 2 2 2 2 2 2 2 2 2 2 2 2 2 2 2 2 2 2 2 2 2
left_child=1 3 -3 4 6 -6 8 -8 -1 -10 22 20 13 14 15 18 -17 -18 -13 -16 21 -2 23 -5 -25 26 -14 -28 29 -29
right_child=11 2 -4 10 5 -7 7 -9 9 -11 -12 12 25 -15 19 16 17 -19 -20 -21 -22 -23 -24 24 -26 -27 27 28 -30 -31
leaf_value=-0.63550037300107065 0.071662201121089106 521.94213078954431 -16.249648328727659 -1.4346207316032862 -1823.4816945261298 -2.3323011179835302 -114.41087719122112 -0.29160229124657011 -399.13810824315715 -0.50636580744015258 -0.054417449274897556 -62.762722279302878 -0.089802546495922481 -0.41598694939910463 -16.492084834473502 -66.897224255400076 -1806.2066255558632 -140.57730536790768 -2.4214178758613594 -1.0370683157056535 0.60824984950899397 -0.33498220284093949 -0.082778032465713983 -8.4305469850151393 -1.5819021975038583 0.054282311561861279 -1.688999865135596 -9.2795166988936852 -14.529537655448273 -1.0209239478686727
leaf_weight=12.893792139456501 849.13567644442423 0.033747986828810479 0.036812889941702891 2.2670463135150376 0.0022210868987849177 0.021913627183049622 0.057276424715461682 0.6239692535820982 0.013530825440517202 1.2051197991161318 84.253480243496668 0.059799041963289862 38.174811008882841 8.2456732489353133 0.25106549792855459 0.0074797641102684644 0.0012733539588302388 0.0039110451602566432 0.080766320228577604 0.25456015346571803 36.65944170728585 42.73132489388513 2.3350365277728997 0.12989383634371199 0.15297360703061713 148.60774436676436 0.58996627002639757 0.25948191471081183 0.099890758105184774 0.46715181260929484
leaf_count=44525 1306 165 175 2290 13401 15 3475 110 7842 350 3924 278 707 297 136 41 153 14 10 11 530 2423 27 392 6 68 93 205 125 52
internal_value=0.0289632 -0.167191 241.158 -0.330992 -1.68993 -169.93 -1.41546 -9.8863 -1.00655 -4.93242 -0.10509 0.0470912 -0.0803007 -1.69953 -17.7633 -47.6334 -264.535 -549.677 -28.0917 -8.71117 0.0741334 0.052179 -0.97907 -1.79983 -4.72683 -0.00368778 -0.221281 -3.76466 -5.24626 -3.97008
internal_weight=1229.66 104.027 0.0705609 103.956 14.8178 0.0241347 14.7937 0.681246 14.1124 1.21865 89.1384 1125.63 197.104 8.90453 0.658855 0.15323 0.0126642 0.0051844 0.140565 0.505626 928.526 891.867 4.88495 2.54991 0.282867 188.199 39.5913 1.41649 0.826524 0.726634
internal_count=83146 76697 340 76357 69718 13416 56302 3585 52717 8192 6639 6449 2190 940 643 496 208 167 288 147 4259 3729 2715 2688 398 1250 1182 475 382 257
is_linear=0
shrinkage=0.05


Tree=70
num_leaves=31
num_cat=1
split_feature=2 0 1 0 2 0 1 6 2 1 0 0 1 0 0 0 1 2 2 2 0 2 3 1 1 0 2 2 6 0
split_gain=26757.3 1.03128e+06 594203 51030.3 2545.06 2483.55 1.06498e+06 732646 3775.96 25474.8 83121.9 14289.8 96556.3 1453.6 12204.2 18267.5 1260 701330 911.315 10308.5 399.605 830.424 370.383 4144.2 11429.9 24018.9 55340.1 370.229 354.263 323.851
threshold=1.0000000180025095e-35 13.417300000000003 15.028300000000002 13.277750000000003 1.1050000000000002 6.4496000000000011 16.086200000000002 1.0000000180025095e-35 9.9750000000000032 15.447300000000002 7.7317000000000009 13.417300000000003 13.836400000000001 6.0091500000000009 5.4615000000000009 5.5256000000000007 7.3747500000000006 3.4750000000000005 7.0850000000000009 4.6250000000000009 1.0000000180025095e-35 10.225000000000003 0 15.283200000000003 15.581400000000002 7.6239000000000008 4.705000000000001 6.3550000000000013 1.0000000180025095e-35 11.175250000000002
decision_type=2 2 2 2 2 2 2 2 2 2 2 2 2 2 2 2 2 2 2 2 2 2 9 2 2 2 2 2 2 2
left_child=1 2 3 -1 -2 6 13 -8 22 11 -11 -10 -13 14 16 -16 17 -6 19 -19 21 -20 23 27 29 -26 -27 -7 -18 -25
right_child=4 -3 -4 -5 5 8 7 -9 9 10 -12 12 -14 -15 15 -17 28 18 20 -21 -22 -23 -24 24 25 26 -28 -29 -30 -31
leaf_value=-58.864096199560869 -0.24734404643596852 151.01599140486493 37.295247888010415 -0.052238796210835652 100.09801118205159 0.0014873386284293935 138.13489769662584 -22.645240311733065 -0.16786859472645918 -1.3634744179775802 -50.199439048062715 -41.512697654597588 -0.24362253563885369 0.27919372438838747 -1.5045229812377297 -25.582716431405764 0.032028692508814523 -0.40233196710054653 -0.10593403561485147 -24.363861822197215 0.043681969720002885 -1.2245201476799441 0.025006080982535425 -1.8568588486506741 -1.6269512912246578 -10.882076236647585 -104.05122254385253 -0.61246182673766669 -0.23997638957655054 -0.29240540945880866
leaf_weight=0.36578651121992933 75.102896176027798 0.11098341993095695 0.33087359361492097 0.041020277887582779 0.17537709894445086 36.342155472130955 0.23309394820283197 0.10179932296195465 35.559920648208596 0.42707012848612125 0.10946489512370006 0.16284750405282 1.0931320143249212 74.712292531212825 0.24976329151735294 0.11506039931310857 458.82308552686533 0.87832198272788764 10.036354649507986 0.047302965881571679 34.647107181410654 1.9878377390283883 443.7748898283441 0.50061336885036545 0.17732326004734372 0.064645140309511545 0.021153373749748711 2.6334678857527711 12.291146830533703 0.97516863386927055
leaf_count=533 1722 47 146 1 2713 377 110 83 2407 36 321 274 53 532 73 458 8994 2606 39241 7742 7341 3540 2616 106 21 97 139 263 507 47
internal_value=0.0407196 8.91572 -12.4632 -52.9338 0.0343969 0.0533547 0.123245 89.2617 -0.0262393 -0.510631 -11.3271 -0.352998 -5.59448 0.0729859 0.0433157 -9.09846 0.0497432 0.294421 -0.0733187 -1.62686 -0.0425076 -0.290859 0.0111056 -0.11765 -2.53477 -12.1351 -33.8527 -0.0399954 0.0249322 -0.823098
internal_weight=1192.09 0.848664 0.73768 0.406807 1191.24 1116.14 594.299 0.334893 521.842 37.3524 0.536535 36.8159 1.25598 593.964 519.251 0.364824 518.887 47.7723 47.5969 0.925625 46.6713 12.0242 484.489 40.7145 1.7389 0.263122 0.0857985 38.9756 471.114 1.47578
internal_count=83146 727 680 534 82419 80697 73940 193 6757 3091 357 2734 327 73747 73215 531 72684 63183 60470 10348 50122 42781 3666 1050 410 257 236 640 9501 153
cat_boundaries=0 1
cat_threshold=256
is_linear=0
shrinkage=0.05


Tree=71
num_leaves=31
num_cat=2
split_feature=3 5 4 2 2 2 0 3 0 0 0 0 4 0 2 2 0 2 0 0 5 0 0 2 2 2 0 0 0 0
split_gain=8010.37 43004.7 6212.33 1288.65 2787.17 746.043 3093.62 2842.5 96259.4 1282.35 2767.11 21411.3 51608.7 16270.1 29584.5 510738 2638.9 1962.94 27651.7 2609.41 16579.9 1641.38 1742.14 8212.14 4979.98 1537.15 1241.47 1063.96 774.438 573.429
threshold=0 1.0000000180025095e-35 1.0000000180025095e-35 1.1050000000000002 1.2150000000000001 3.7450000000000006 7.3795000000000011 1 6.5032000000000005 6.5032000000000005 6.3983500000000015 5.3028000000000004 1.0000000180025095e-35 5.4615000000000009 6.2950000000000008 6.9150000000000009 9.2789500000000018 9.9750000000000032 13.417300000000003 14.000600000000002 1.0000000180025095e-35 7.0194500000000009 8.5626500000000014 7.4850000000000012 9.1550000000000029 10.135000000000003 13.838100000000003 11.448250000000002 8.7428000000000008 12.099050000000002
decision_type=9 2 2 2 2 2 2 9 2 2 2 2 2 2 2 2 2 2 2 2 2 2 2 2 2 2 2 2 2 2
left_child=1 2 -1 -2 -5 6 -6 8 -7 10 11 -9 13 -13 -15 -16 21 29 -19 26 -21 -11 -23 -24 -25 -26 -20 -10 -27 -18
right_child=3 -3 -4 4 5 7 -8 9 27 16 -12 12 -14 14 15 -17 17 18 19 20 -22 22 23 24 25 28 -28 -29 -30 -31
leaf_value=-0.097321267610812279 -0.20430076273998266 4.1042731844164502 1.2263832785406399 0.33976474886641211 -0.38644527497422843 -44.812360025362224 0.017839114668772135 0.032964100476612523 -0.67554187315847858 -5.6519072149577418 0.44278953125862519 -0.97942909316086235 -98.924031684624595 -0.052244788173591711 -0.051592935101268181 -671.69124025100291 -0.34225649963008087 -0.17062782859076928 -8.6897299106171211 -4.5865024053594068 -28.575893357428125 -0.99848100616976854 -2.6943430100188417 -120.0639680087471 -0.050121882530616224 -37.613327860276257 -4.1326896140987328 -4.3110484572382832 -83.44386540195093 0.035056044187545758
leaf_weight=49.893610013404718 81.698633170297512 7.7010868868554132 10.778456337868404 57.65216899015013 65.815796002948616 0.15530364781112704 168.36750150089523 492.89087874223577 0.53718379109886882 0.2234312802132602 43.080871582032046 0.20197474211455452 0.016670926234150785 0.041120547801256166 0.029921812936663628 0.0031262529332070762 10.827327767547983 34.076501465164611 0.38215636848533274 0.2207876518368721 0.10689717612368377 2.8741989070285747 0.075693215714675313 0.0020830805036438161 0.002434477527104721 0.0039849304085928811 0.24544361239974333 0.32181536264579724 0.0011991297728227105 143.91061172358815
leaf_count=273 2107 210 277 135 3944 1043 1028 67500 225 469 87 346 305 103 32 441 901 1491 90 51 209 1003 149 59 24 65 29 99 188 263
internal_value=0.0216572 0.509998 0.137836 -0.0130951 0.00206072 -0.018127 -0.0957826 0.00677688 -0.79077 0.0184769 0.0585027 0.0249342 -13.4916 -8.33404 -28.362 -63.5868 -0.0918072 -0.0678596 -0.405829 -8.79581 -12.4123 -1.51955 -1.20758 -8.2454 -51.5555 -32.8237 -6.90755 -2.03755 -48.2144 0.00865472
internal_weight=1172.14 68.3732 60.6721 1103.77 1022.07 964.415 234.183 730.232 1.0143 729.217 536.265 493.184 0.292814 0.276143 0.0741686 0.0330481 192.953 189.77 35.0318 0.955285 0.327685 3.18303 2.95959 0.0853948 0.00970162 0.00761854 0.6276 0.858999 0.00518406 154.738
internal_count=83146 760 550 82386 80279 80144 4972 75172 1367 73805 68814 68727 1227 922 576 473 4991 3034 1870 379 260 1957 1488 485 336 277 119 324 253 1164
cat_boundaries=0 1 2
cat_threshold=8 128
is_linear=0
shrinkage=0.05


Tree=72
num_leaves=31
num_cat=2
split_feature=1 2 5 1 2 1 1 2 3 4 4 3 1 2 2 1 2 1 11 1 11 2 5 1 2 1 1 5 2 2
split_gain=9264.01 5.72426e+06 230113 14857 449579 40448.5 193301 9027.15 3201.77 1674.92 1608.38 912.769 18479.8 126386 946073 2321.19 1215.16 554.406 1071.56 2650.64 895.287 1174.91 411.942 470.884 3111.05 4284.47 626.605 286.824 1326.15 1441.42
threshold=7.3479500000000009 3.7450000000000006 1.0000000180025095e-35 9.9039000000000019 3.9250000000000003 9.7701000000000011 9.4250500000000024 10.255000000000001 0 1.0000000180025095e-35 1.0000000180025095e-35 1 14.069300000000002 10.565000000000003 8.2250000000000032 15.730650000000002 6.8150000000000004 15.546550000000002 1.0000000180025095e-35 17.953850000000006 1.0000000180025095e-35 1.2150000000000001 1.0000000180025095e-35 14.919850000000002 10.095000000000001 14.717500000000003 14.752250000000002 1.0000000180025095e-35 7.0850000000000009 4.6250000000000009
decision_type=2 2 2 2 2 2 2 2 9 2 2 9 2 2 2 2 2 2 2 2 2 2 2 2 2 2 2 2 2 2
left_child=1 2 -1 4 -2 6 -6 27 -5 -9 -8 12 13 14 16 22 -10 20 19 -19 21 -13 -14 24 25 -24 -27 28 29 -3
right_child=3 7 -4 8 5 -7 10 9 11 -11 -12 17 15 -15 -16 -17 -18 18 -20 -21 -22 -23 23 -25 -26 26 -28 -29 -30 -31
leaf_value=-627.18523011345349 69.202646084236292 -0.80917274480220969 -379.95040587303993 0.40028025611137547 -341.24442283616986 0.0018498267658900132 -31.22435594323327 -4.0812810164077531 -5.022568242606229 -1.8166557555165088 -6.21454667749616 0.29737353205953626 0.058486888381104378 -0.45636745162350129 157.96609113107414 0.45918505483817457 -0.37869534321755277 -0.59737756327493441 0.035493810642348897 0.020631034243266323 -0.16082405807277433 0.033633635804675516 -18.481371357026575 -0.056007434650632751 -0.18893590028322449 -0.69934626422183011 -5.4132859830128055 -0.0024932615941495686 -0.16904467013018853 -6.8862398966731551
leaf_weight=0.033055705090701173 0.24270042777059497 0.26674437575235899 0.013157873065808776 57.058312034746152 0.004982500109147781 5.1860492575895139 0.0080194998363962711 1.252755741836667 0.2325663733205815 2.3444234176910448 0.032402542354965667 46.598840283871709 156.12536997430652 3.5090265127007965 0.10926448230564234 33.547110010421591 0.35727235942294167 27.631847319744793 112.25908903195541 46.627639771048322 51.402915543625795 450.11993626288529 0.051550619765797556 65.522984534862871 3.591746400232315 0.15692660212516785 0.12799585931019208 65.310068182831785 10.522099403846203 0.15385703474362344
leaf_count=4007 49 1848 1135 438 7260 160 714 2765 192 2907 160 194 195 206 43 369 45 676 124 66 1714 1190 224 774 224 20 100 2280 45421 7646
internal_value=0.0395753 -0.479624 -556.793 0.0786907 2.67678 -0.409528 -47.3966 -0.157655 0.0652102 -2.60534 -11.1763 0.0416248 0.119954 3.41133 22.8245 0.0711316 -2.20972 0.0123139 -0.0619786 -0.209329 0.0378194 0.058376 0.0134214 -0.0878852 -0.619609 -5.21691 -2.81699 -0.042187 -0.279094 -3.03218
internal_weight=1140.4 79.8962 0.0462136 1060.5 5.47415 5.23145 0.0454045 79.8499 1055.03 3.59718 0.040422 997.972 263.332 4.20813 0.699103 259.124 0.589839 734.64 186.519 74.2595 548.122 496.719 225.577 69.4512 3.92822 0.336473 0.284922 76.2528 10.9427 0.420601
internal_count=83146 68009 5142 15137 8343 8294 8134 62867 6794 5672 874 6356 2392 486 280 1906 237 3964 866 742 3098 1384 1537 1342 568 344 120 57195 54915 9494
cat_boundaries=0 1 2
cat_threshold=8 256
is_linear=0
shrinkage=0.05


Tree=73
num_leaves=31
num_cat=1
split_feature=3 4 1 0 1 0 0 2 4 1 0 2 2 0 0 2 0 0 0 1 0 1 2 2 2 1 0 0 1 6
split_gain=9864.51 92954 178726 244458 5165.67 317680 285296 226735 278965 16254.2 429856 1.8021e+07 6246.62 22778.3 1002.25 7399.33 144609 1.12669e+06 5.73979e+06 6338.41 16488.2 51872.6 1937.67 1799.87 995.85 684.303 654.107 937.481 547.58 479.938
threshold=0 1.0000000180025095e-35 16.314600000000002 11.762650000000002 7.3479500000000009 12.410000000000002 12.505550000000001 4.0750000000000011 1.0000000180025095e-35 9.9039000000000019 1.0000000180025095e-35 7.0850000000000009 10.255000000000001 11.175250000000002 6.0091500000000009 10.055000000000001 9.6712000000000007 8.3575000000000017 7.065900000000001 15.154500000000002 11.826750000000002 15.381700000000002 4.4650000000000007 0.41500000000000004 1.7050000000000003 13.742700000000001 6.7465500000000009 7.6239000000000008 15.773200000000001 1.0000000180025095e-35
decision_type=9 2 2 2 2 2 2 2 2 2 2 2 2 2 2 2 2 2 2 2 2 2 2 2 2 2 2 2 2 2
left_child=1 -1 3 -3 5 7 -7 8 -2 10 11 -6 26 -14 22 23 17 18 -17 25 29 -22 -11 -16 -25 -18 -9 -28 -24 -21
right_child=4 2 -4 -5 9 6 -8 12 -10 14 -12 -13 13 -15 15 16 19 -19 -20 20 21 -23 28 24 -26 -27 27 -29 -30 -31
leaf_value=0.24560860509126992 -24.375486179737308 -2.1379907959055973 39.399231919572578 38.807284083764728 2689.5119875027349 -0.050214498300266613 -211.42861694544291 -0.01072697946175038 -172.38894119149012 -0.28609629993416719 -0.30762050856401396 -1.9353940330737467 -23.826763681037633 -0.094778199970372609 0.25154822346412231 505.21095304281783 -0.96860053909962129 -0.098385757911913577 -2.2270965506849913 -2.3638153690014274 -2.1192287190401049 -54.076447697024541 0.040267364929476045 -0.24663617778589808 0.022910874710633595 -0.029228728314316738 -5.4788055122393997 -0.73425987996114106 -0.22323499045386305 -0.12717893881470141
leaf_weight=40.422242713870105 0.4112572434889265 2.2621051219526791 0.42350563406944264 0.43456218337442454 0.0063825403339684275 0.030228411502298061 0.033825607089362983 74.078891959741341 0.034504595850554931 57.604420739199156 5.1705516126575128 0.24331565503181765 0.12832449005827939 0.47675769966219661 84.796095050893314 0.068743345132396938 2.099709777992163 2.6364855408465777 0.29432758426586531 0.36561918750186895 0.19387341569067224 0.063861961147547663 351.79445897764384 37.45087236006583 402.94851615220108 25.284643112847338 0.11990929068112055 0.79043501091484825 20.886565323253649 0.69723252960470827
leaf_count=379 4398 292 38 51 125 19 468 55684 1140 866 964 7242 5041 211 218 88 189 164 124 72 22 154 1193 554 2080 362 275 463 193 77
internal_value=0.0593917 0.721702 9.20257 4.46025 0.0254164 -0.371343 -111.675 -0.277584 -35.8326 0.0560925 2.78667 66.8607 -0.0679248 -5.12781 0.0410999 0.0853842 0.827169 11.2733 93.8505 -0.264416 -3.64779 -14.9932 -0.0162153 0.0406048 -1.09833e-05 -0.101256 -0.0270971 -1.3592 0.0254996 -0.896578
internal_weight=1112.25 43.5424 3.12017 2.69667 1068.71 76.1041 0.064054 76.0401 0.445762 992.606 5.42025 0.249698 75.5943 0.605082 987.185 556.9 31.7045 2.99956 0.363071 28.7049 1.32059 0.257735 430.285 525.195 440.399 27.3844 74.9892 0.910344 372.681 1.06285
internal_count=83146 760 381 343 82386 67699 487 67212 5538 14687 8331 7367 61674 5252 6356 4104 1252 376 212 876 325 176 2252 2852 2634 551 56422 738 1386 149
cat_boundaries=0 1
cat_threshold=8
is_linear=0
shrinkage=0.05


Tree=74
num_leaves=31
num_cat=2
split_feature=3 2 1 2 0 0 1 0 2 5 0 2 2 0 0 3 1 2 0 0 5 2 2 1 1 1 5 2 1 2
split_gain=9886.36 9429.42 4949.59 1.69877e+06 249958 355391 29787 53144.1 8997.54 13097.7 657475 966.937 2368.71 869.248 1389.59 413.167 780.36 402.697 1766.87 1918.29 3455.68 9553.3 17259.8 39196.8 7637.18 501.731 278.078 4988.33 233.165 205.012
threshold=0 2.5050000000000003 9.8073000000000015 4.4250000000000007 12.248250000000002 12.410000000000002 6.6673500000000008 1.0000000180025095e-35 10.255000000000001 1.0000000180025095e-35 11.397250000000001 0.41500000000000004 1.7050000000000003 6.7465500000000009 7.7317000000000009 1 15.658300000000002 5.9050000000000011 5.4615000000000009 10.581100000000001 1.0000000180025095e-35 6.4450000000000012 9.4550000000000018 15.546550000000002 12.694800000000003 13.692350000000001 1.0000000180025095e-35 7.0850000000000009 15.317600000000001 8.6050000000000022
decision_type=9 2 2 2 2 2 2 2 2 2 2 2 2 2 2 9 2 2 2 2 2 2 2 2 2 2 2 2 2 2
left_child=1 -1 3 -2 6 -6 8 -8 13 -10 -11 -4 -13 26 -15 -14 17 -17 -19 20 -20 -22 23 -23 -24 -21 27 -5 -27 -16
right_child=2 -3 11 4 5 -7 7 -9 9 10 -12 12 15 14 29 16 -18 18 19 25 21 22 24 -25 -26 28 -28 -29 -30 -31
leaf_value=1.248999689143246 -245.32696876193461 -0.16653847172596006 0.17120444543414054 -13.493858769624405 -0.050312746370863186 -229.53547371740453 -13.555071722668707 -123.89666682753644 -0.68623031566755066 -585.835502286326 -0.05020400404465785 -0.36544443255672765 0.030336275517710933 -7.0339687105888302 -2.1167230746797188 0.022562008201274686 -0.32490758869272146 -0.016413524024813535 -0.76119588893645107 -1.5580884977195006 -0.074929923296101833 -203.08572880635714 -2.3357297774724368 -11.951793204401909 -26.730028085743641 -0.27143414929075055 0.029364140826015961 -0.16123620485643286 -1.1783751091756069 -0.097364542473554777
leaf_weight=33.229744536686091 0.070737552816935501 18.212831338159894 79.12958858853051 0.070685994911006911 0.040810949966642196 0.028760015874451594 0.085185926796031125 0.012515540511924467 0.26703710169349615 0.0049506185617981804 0.14770699584558261 44.822778516636504 598.26975926570697 0.10749465763991173 0.19521822756076479 175.34617811088145 22.728465278467837 64.269668433858726 0.80929902707561463 0.9597290762550007 0.22698359214703623 0.0039401970601089112 0.087705417172837558 0.0084023969248647051 0.050592410881775102 7.8699227704726411 65.079683557916496 9.3535568020491908 0.77880249817719249 0.35288741554694458
leaf_count=467 6555 293 412 7990 36 440 9291 918 2891 2230 99 803 2093 277 325 804 549 623 98 96 16 179 29 17 266 361 1540 43272 100 76
internal_value=0.00931646 0.626126 -0.0259087 -0.415581 -0.186865 -94.9174 -0.099778 -27.6898 -0.0641123 -7.36467 -19.047 0.00351257 -0.01097 -0.0233456 -1.83602 0.00726314 -0.042818 -0.0189241 -0.115833 -0.707718 -2.60409 -6.55367 -16.3158 -72.9686 -11.2597 -0.473461 -0.00739491 -0.261237 -0.353103 -0.816597
internal_weight=1122.62 51.4426 1071.18 75.8172 75.7465 0.069571 75.6769 0.0977015 75.5792 0.419695 0.152658 995.362 916.232 75.1595 0.6556 871.409 273.14 250.411 75.065 10.7954 1.18692 0.377624 0.15064 0.0123426 0.138298 9.60845 74.5039 9.42424 8.64873 0.548106
internal_count=83146 760 82386 75940 69385 476 68909 10209 58700 5220 2329 6446 6034 53480 678 5231 3138 2589 1785 1162 605 507 491 196 295 557 52802 51262 461 401
cat_boundaries=0 1 2
cat_threshold=8 22
is_linear=0
shrinkage=0.05


Tree=75
num_leaves=31
num_cat=2
split_feature=3 2 1 5 2 0 2 0 2 2 2 1 2 2 2 2 3 1 2 0 0 0 2 1 1 2 2 0 1 1
split_gain=13244.6 40973.7 2835.85 10073.1 946790 1636.14 1664.4 1102 18961.8 79001.9 6276.89 77713.6 936.695 1668.5 791.281 3474.63 362.435 513.872 314.805 1521.18 1672.34 1544 11874.9 14711.6 402.844 347.163 1673.79 1600.21 239.927 379.079
threshold=0 2.5050000000000003 10.781950000000002 1.0000000180025095e-35 7.1050000000000013 10.231600000000002 8.4450000000000021 0.14410000000000003 9.7250000000000032 5.0550000000000006 9.5250000000000004 10.004750000000001 0.41500000000000004 1.7050000000000003 8.1150000000000002 7.4350000000000014 1 15.658300000000002 5.1250000000000009 5.4615000000000009 8.3575000000000017 8.148950000000001 6.8550000000000013 11.203800000000003 15.317600000000001 5.9650000000000007 6.1150000000000011 11.448250000000002 13.692350000000001 13.262450000000001
decision_type=9 2 2 2 2 2 2 2 2 2 2 2 2 2 2 2 9 2 2 2 2 2 2 2 2 2 2 2 2 2
left_child=1 -1 3 4 -2 7 -7 8 9 -5 11 -11 -4 -14 15 -6 -15 18 -18 -20 21 22 -21 -24 28 -26 -27 -28 29 -22
right_child=2 -3 12 5 14 6 -8 -9 -10 10 -12 -13 13 16 -16 -17 17 -19 19 20 24 -23 23 -25 25 26 27 -29 -30 -31
leaf_value=3.6154418327176887 -157.72564542060255 -0.13643018300310519 0.17689385216710191 -190.88824550076058 -0.57463162439401672 -5.8481113142369727 -1.0108637355119259 -0.027412158483001006 -0.36319132302881019 -335.05847649168959 -0.85072154602074124 -6.2251848645815846 -0.27002262249115705 0.031591961544574367 -0.15677247175906528 -18.061169271280701 0.023722870098060039 -0.23570174154800513 -0.014573868013409097 -0.53316961691017517 -0.58185231322413455 -0.30913557552201903 -1.6516401090780239 -50.907673911235612 -0.32579567057662279 -0.33362535905656143 -2.1191044246041857 -15.111997105790762 -0.35036154373767175 -2.6060256196404192
leaf_weight=11.125499694001862 0.096404134555343357 21.036329146596099 74.283213800663361 0.0065500607461361762 0.19283678332924087 0.22784172494818333 0.81012860135511067 69.617764431768947 3.8784598874260423 0.0019402499770527762 0.055319451989537249 0.024292209011036903 56.857192186664292 584.27722948290295 9.1455509720909731 0.033315966996592394 165.48655491032378 29.53772217485465 65.104497846187002 0.21755509199746592 0.87432038233658826 0.20993568043345723 0.031250555588076059 0.029440915699915179 0.19379124333236075 0.18725226607848877 0.048353957206034699 0.046474106970489419 7.1653357809376832 0.31449909771231754
leaf_count=467 13775 293 407 226 8551 248 607 3276 1430 1003 31 12 795 1847 4706 42498 697 549 537 30 84 27 4 183 19 6 87 61 620 70
internal_value=0.0168113 0.885958 -0.0174636 -0.296333 -1.83265 -0.101405 -2.07267 -0.0735987 -0.884225 -23.8214 -10.403 -30.5469 0.00616974 -0.00775756 -0.22902 -3.15068 0.00970904 -0.0375225 -0.0146866 -0.100094 -0.697607 -3.54637 -5.98885 -25.5453 -0.540108 -1.95513 -3.0745 -8.48677 -0.459505 -1.11734
internal_weight=1101.12 32.1618 1068.96 84.0904 9.46811 74.6223 1.03797 73.5843 3.96656 0.088102 0.0815519 0.0262325 984.865 910.581 9.3717 0.226153 853.724 269.447 239.909 74.4227 9.31821 0.488182 0.278247 0.0606915 8.83003 0.475872 0.28208 0.0948281 8.35416 1.18882
internal_count=83146 760 82386 76363 69530 6833 855 5978 2702 1272 1046 1015 6023 5616 55755 51049 4821 2974 2425 1728 1191 244 217 187 947 173 154 148 774 154
cat_boundaries=0 1 2
cat_threshold=8 22
is_linear=0
shrinkage=0.05


Tree=76
num_leaves=31
num_cat=2
split_feature=3 1 1 1 1 1 5 0 0 0 0 1 1 11 0 1 6 1 0 0 0 11 1 0 1 3 1 1 0 0
split_gain=15561.4 152907 334347 405999 302061 2822.8 9835.17 10956.4 160365 3247.74 2509.08 1042.09 1647.23 1136.6 796.631 2555.8 1059.68 5081.3 42677.2 214722 1.23136e+06 758.026 1670.4 654.599 1749.56 212.95 281.949 243.217 159.325 158.57
threshold=0 14.839450000000001 14.200250000000002 12.822250000000002 1.0000000180025095e-35 10.781950000000002 1.0000000180025095e-35 0.46055000000000007 11.219900000000001 10.231600000000002 11.506600000000001 15.546550000000002 15.477100000000002 1.0000000180025095e-35 11.960000000000003 14.631350000000003 1.0000000180025095e-35 15.447300000000002 11.175250000000002 11.069350000000002 10.526600000000002 1.0000000180025095e-35 15.773200000000001 0.14410000000000003 9.9039000000000019 1 14.405750000000003 14.320600000000001 0.34005000000000007 13.417300000000003
decision_type=9 2 2 2 2 2 2 2 2 2 2 2 2 2 2 2 2 2 2 2 2 2 2 2 2 9 2 2 2 2
left_child=1 2 3 4 -1 6 7 -2 -9 23 -11 12 13 14 16 -16 25 18 19 20 -18 22 -13 24 -8 26 27 -7 -25 -12
right_child=5 -3 -4 -5 -6 11 9 8 -10 10 29 21 -14 -15 15 -17 17 -19 -20 -21 -22 -23 -24 28 -26 -27 -28 -29 -30 -31
leaf_value=76.25393181950345 -1.2301041041093088 0.53346204445116585 -2.3286809927818473 127.2706173304455 -7.7340223814035172 -0.12944775511436205 -2.4271451265368338 -71.34810431238931 -0.43851491886484362 -11.569531190463298 -1.2374847463358398 -0.01260253762089188 0.27728510258874012 -0.19221567935283623 0.53808358671476364 0.037081298794716139 -666.91809990423451 0.035594221938874397 -0.32679956216599654 -0.70753518918007419 -6.6970098786946881 0.027457771858002068 -0.39829139774350408 0.055701447011515963 -0.1141491991756086 0.048824357657371878 -0.19085949362875013 0.062088936065167091 -0.094403241714900998 -3.2119522592283234
leaf_weight=0.17514121617731354 8.1302068352166561 22.530579269789808 0.86176314713524116 0.12343012542225434 0.275371258259129 22.906200314925542 1.0557124182551536 0.087666708123525172 0.88110248314060013 0.091175326762554409 0.16862891817235443 75.865113492927435 73.750298525162407 53.724272003008082 32.829389391015496 113.33835063822087 0.0083962115867862036 14.960278621712421 3.0160332851499723 0.25118595766413654 0.044452514428027182 107.23571887953399 44.562454480915378 32.697360411169271 3.6241597035007089 354.51567201451451 22.381219397569112 59.956641713694353 38.485704142951946 0.25614615261756302
leaf_count=296 59379 244 71 74 75 194 2663 9901 250 295 312 349 144 2278 160 193 766 34 126 17 102 186 892 22 39 300 270 12 3254 248
internal_value=0.0343646 1.08775 17.3627 46.9289 24.9171 0.000436255 -0.275117 -1.82902 -6.85533 -0.0900014 -4.04353 0.0244912 0.0528758 0.028463 0.0474563 0.149607 0.0162223 -0.357113 -2.12666 -19.9813 -111.588 -0.0692272 -0.155321 -0.0631131 -0.635928 0.0310664 -0.0304934 0.00914147 -0.0254539 -2.42812
internal_weight=1088.79 23.9663 1.43571 0.573943 0.450512 1064.82 85.4779 9.09898 0.968769 76.3789 0.51595 979.346 751.682 677.932 624.208 146.168 478.04 18.2803 3.32007 0.304035 0.0528487 227.663 120.428 75.8629 4.67987 459.76 105.244 82.8628 71.1831 0.424775
internal_count=83146 760 516 445 371 82386 76363 69530 10151 6833 855 6023 4596 4452 2174 353 1821 1045 1011 885 868 1427 1241 5978 2702 776 476 206 3276 560
cat_boundaries=0 1 2
cat_threshold=8 384
is_linear=0
shrinkage=0.05


Tree=77
num_leaves=31
num_cat=2
split_feature=3 4 1 1 1 1 0 0 0 0 0 1 1 0 0 3 0 0 0 0 1 1 0 0 1 1 0 1 1 0
split_gain=3902.69 23574.8 13255.8 124513 216232 2791.14 10589.6 5992.52 27091.6 675244 2607.05 920.87 1861.32 1101.04 8747.4 1374.61 905.911 859.204 687.589 683.083 2870.06 6869.43 10973.4 32124.9 47967.9 74793.6 49891.2 536.417 1003.16 478.154
threshold=0 1.0000000180025095e-35 14.578600000000002 14.405750000000003 14.367050000000003 9.8073000000000015 0.072350000000000012 6.5032000000000005 10.080150000000001 7.7317000000000009 11.287150000000002 15.546550000000002 15.477100000000002 11.960000000000003 12.179000000000002 1 8.2948500000000021 12.505550000000001 4.9593500000000006 6.0706500000000014 15.028300000000002 15.238200000000001 11.397250000000001 11.175250000000002 15.447300000000002 15.381700000000002 11.019700000000002 16.434000000000001 15.658300000000002 11.219900000000001
decision_type=9 2 2 2 2 2 2 2 2 2 2 2 2 2 2 9 2 2 2 2 2 2 2 2 2 2 2 2 2 2
left_child=1 16 3 4 -3 6 -2 -8 9 -9 -10 12 13 15 -15 -7 -1 -18 -13 -17 -21 29 23 24 25 26 -23 28 -20 -22
right_child=5 2 -4 -5 -6 11 7 8 10 -11 -12 18 -14 14 -16 19 17 -19 27 20 21 22 -24 -25 -26 -27 -28 -29 -30 -31
leaf_value=-2.6231169223994253 -2.7406080524875089 64.024174666215018 0.92984582854964981 -0.14764336146625082 -0.26573469866915883 -0.32305882959530829 -0.081922162109801785 -1038.5623220744537 -6.7877951804749834 -0.051911620395119644 -1.1001109844467816 -0.26547820567024161 0.31173338622311214 1.444375681594517 0.027952034896301405 0.036379753285295642 -7.8186036356938207 -3.1019247876894447 0.0016024758101463744 -0.088077787394772802 -2.2117015445010262 -562.34899923190039 -2.1018498892457731 -0.051463324520925315 -18.480733716442494 -62.467260608899124 -149.02617693915812 0.028821460038401941 -0.40769072213438834 -0.22094616899713693
leaf_weight=3.2166631999469915 4.19005961844337 0.22306439407116707 15.901478396182496 2.515576459467761 0.31617288663983345 21.980110886735694 64.757963806351086 0.001636799263302762 0.25418052385388468 0.035798530763384989 0.97162122612844637 35.388276069895426 62.570081879478948 11.98139208606811 120.78713561836641 456.46766959751164 0.17183720589543336 0.22038094906204689 41.754671984906665 63.76669689711531 0.55896466091305852 0.0016005541172381958 0.097366839960083162 0.035275996090119173 0.013564721390542843 0.005598429185744676 0.0013424936047981098 138.79221736461415 23.338282250917771 0.65517227069037487
leaf_count=268 61293 216 145 15 5 447 11289 971 446 1110 831 399 144 77 476 1590 80 31 154 1867 140 96 37 13 27 55 10 192 682 40
internal_value=0.0182802 0.557258 1.50937 4.526 26.3288 0.00135146 -0.303148 -0.148454 -3.5591 -45.4591 -2.2795 0.0232211 0.0508272 0.0266905 0.155774 -0.00483777 -2.89974 -5.16838 -0.0620316 0.0144877 -0.136706 -2.40197 -12.3232 -29.667 -76.926 -169.743 -373.809 -0.0267194 -0.145145 -1.13745
internal_weight=1070.97 22.5652 18.9563 3.05481 0.539237 1048.41 70.2113 66.0212 1.26324 0.0374353 1.2258 978.195 738.922 676.352 132.769 543.583 3.60888 0.392218 239.273 521.603 65.1356 1.36889 0.154749 0.0573822 0.0221062 0.00854148 0.00294305 203.885 65.093 1.21414
internal_count=83146 760 381 236 221 82386 75940 14647 3358 2081 1277 6446 5019 4875 553 4322 379 111 1427 3875 2285 418 238 201 188 161 106 1028 836 180
cat_boundaries=0 1 2
cat_threshold=8 128
is_linear=0
shrinkage=0.05


Tree=78
num_leaves=31
num_cat=2
split_feature=3 4 5 1 2 5 2 1 0 0 4 0 5 4 0 2 1 1 4 2 1 1 1 1 3 1 2 2 1 1
split_gain=2513.84 28574.3 3070.4 2390.97 636910 979.834 6076.22 15291.3 333804 237712 2151.23 13886.4 828.026 20507.4 31249.9 495.876 2308.42 88444 15552.5 454.21 3537.09 8441.7 3053.84 384.272 370.815 1020.48 1880.73 10091.6 547.458 4763.47
threshold=0 1.0000000180025095e-35 1.0000000180025095e-35 10.781950000000002 4.5650000000000004 1.0000000180025095e-35 3.1350000000000002 13.794700000000001 12.018950000000002 10.913500000000001 1.0000000180025095e-35 6.9426500000000013 1.0000000180025095e-35 1.0000000180025095e-35 11.826750000000002 10.255000000000001 10.167800000000002 9.7701000000000011 1.0000000180025095e-35 4.2750000000000012 11.203800000000003 15.070250000000003 15.773200000000001 12.822250000000002 1 14.919850000000002 10.135000000000003 7.3750000000000009 11.203800000000003 14.717500000000003
decision_type=9 2 2 2 2 2 2 2 2 2 2 2 2 2 2 2 2 2 2 2 2 2 2 2 9 2 2 2 2 2
left_child=1 -1 -3 4 -2 10 7 -7 9 -9 11 -5 13 -6 -15 -14 17 18 -17 -12 -21 23 -23 -22 -8 26 27 28 -26 -30
right_child=3 2 -4 5 12 6 24 8 -10 -11 19 -13 15 14 -16 16 -18 -19 -20 20 21 22 -24 -25 25 -27 -28 -29 29 -31
leaf_value=-0.24014462038646342 -92.272707588060896 2.0611047275493046 3.8439574926532387 -0.016045115698709533 -0.78920464503237353 -0.10897898234263613 0.040150104735102971 -99.576032168211881 -0.24930469197109556 -8.1285542939858786 0.028287163492556389 1.2602423866338652 0.0053417385780202727 -287.76775147379675 -15.518152592416072 -84.72346780751333 -0.044465406297157527 -1.0306549101665905 -215.18628895290681 0.051966909742478987 -0.19860645138268346 -3.6053139331111703 -10.464603045356078 -1.2988770344174565 -0.061857604313327798 -0.033391704355146282 -0.53919254690941854 -36.113427151967933 -34.979994257695118 -0.052021796371858414
leaf_weight=35.611154254752762 0.18762332270099946 5.9804295955562647 4.0505715867011531 101.89065626470818 2.1103643395067517 18.53645078791299 359.83645502498757 0.14853903508609012 5.266540431047809 0.1362464280752389 305.87967906060402 26.949527728277189 77.908000694535943 0.0015640328353328592 0.0032324498906957568 0.0041292018230033589 3.210136681282671 0.59594578576880608 0.0051130381100169542 24.389776400363555 2.4117600065731239 0.3554814414032535 0.29854125445227014 1.1827201605040265 0.15494677343218261 108.09904101037955 4.7238470128693564 0.023570038445474228 0.011451622347808249 0.066140594991378338
leaf_count=379 6977 277 104 311 60843 332 1164 588 150 134 430 245 2605 2955 85 1907 29 57 905 5 58 107 102 193 5 1099 500 207 318 75
internal_value=0.0202734 0.347662 2.78103 0.00261191 -0.253125 0.0250147 -0.0237503 -0.798391 -3.10041 -55.8259 0.0773205 0.250916 -0.0471935 -1.02392 -104.293 -0.021914 -0.57847 -3.41102 -156.899 0.0104598 -0.179951 -1.51134 -6.73637 -0.560637 0.0157058 -0.0602984 -0.765441 -4.93851 -1.77864 -5.20695
internal_weight=1090.03 45.6422 10.031 1044.39 84.0261 960.361 497.003 24.0878 5.55133 0.284785 463.358 128.84 83.8385 2.11516 0.00479648 81.7233 3.81532 0.605188 0.00924224 334.518 28.6383 4.2485 0.654023 3.59448 472.915 113.079 4.97996 0.256109 0.232539 0.0775922
internal_count=83146 760 381 82386 76363 6023 4572 1204 872 722 1451 556 69386 63883 3040 5503 2898 2869 2812 895 465 460 209 251 3368 2204 1105 605 398 393
cat_boundaries=0 1 2
cat_threshold=8 20
is_linear=0
shrinkage=0.05


Tree=79
num_leaves=31
num_cat=2
split_feature=3 2 2 0 0 0 0 0 0 2 2 2 2 5 2 2 2 0 2 4 3 0 0 0 2 2 4 0 0 2
split_gain=2363.37 2439.9 1016.59 1266.13 18687.7 102501 533505 157200 20288.5 65850.3 2660.9 3152.19 6636.77 1390.67 1114.91 3106.25 7114.47 133339 5272.01 1539.2 1346.12 11198.6 975.348 821.134 1251.47 4450.75 618.593 1446.93 396.687 341.018
threshold=0 1.1050000000000002 7.4350000000000014 5.1990000000000007 7.7974000000000006 5.4615000000000009 6.7921500000000004 5.6553000000000013 6.849800000000001 7.9350000000000014 9.8850000000000033 8.2250000000000032 7.7150000000000007 1.0000000180025095e-35 7.3250000000000011 6.2950000000000008 6.9750000000000005 7.8705000000000007 6.5150000000000006 1.0000000180025095e-35 1 10.913500000000001 12.933400000000001 11.960000000000003 8.6050000000000022 8.9050000000000029 1.0000000180025095e-35 12.410000000000002 9.9812500000000011 10.015000000000002
decision_type=9 2 2 2 2 2 2 2 2 2 2 2 2 2 2 2 2 2 2 2 9 2 2 2 2 2 2 2 2 2
left_child=-1 -2 14 -4 5 -5 7 -7 -8 -10 11 12 -6 26 15 20 18 -18 -17 -16 21 -3 23 24 -13 -26 -12 -28 -20 -15
right_child=1 2 3 4 10 6 8 -9 9 -11 13 22 -14 29 19 16 17 -19 28 -21 -22 -23 -24 -25 25 -27 27 -29 -30 -31
leaf_value=0.36153505960236509 -0.27428828247254922 2.0215183138976482 0.01767692786341608 -0.82260469048886886 -35.243111968095725 -167.40742424743124 -1.6292195462574206 -568.25035924967506 -7.1269996892611278 -321.78588201162114 -0.57565575669732316 -0.053895937267735297 -4.7968655926596151 0.047371127111103514 0.45171671718955625 -29.196780777931686 -541.50819665966674 -8.5871241754489454 -0.74404617207868351 0.060235157264401124 0.020216017059175414 0.025765363321728255 -4.4497759352876463 -0.089618229968432453 -1.4459244527507342 -25.879156962162469 -1.382195596463454 -6.4341598358922525 -3.6596122955147372 -0.19405551613378327
leaf_weight=43.50630389828008 65.83389163031768 8.1788703679624088 306.84059148931931 0.50015588534981781 0.02124993705064418 0.0041801617480814362 0.059431567788124084 0.0058956547483171402 0.0070520653971470892 0.0021756924775487574 0.88816443892846164 0.11375877261165648 0.1135076983873495 33.954093814874753 44.694751739506465 0.017155075929528141 0.001200462082079772 0.05272326107845518 0.73375726196009816 57.294129059688352 420.65828120813438 49.99451321033046 0.23235804017947714 0.76966049418501903 0.07185462862326325 0.025166484864792033 0.65911819413677075 0.18055707341360583 0.1387218953615611 25.69601936743986
leaf_count=760 2107 235 49374 359 130 121 30 753 86 466 250 50 188 25 5370 903 4503 125 3191 75 11341 133 40 32 27 144 336 108 74 1810
internal_value=0.0374972 0.0198975 0.0404523 -0.0243264 -0.227919 -9.17033 -62.1983 -401.952 -12.3391 -81.3163 -0.14539 -2.34322 -9.59794 -0.0971367 0.0816676 0.0497541 -2.81625 -20.4511 -1.74734 0.231795 0.0554016 0.26142 -1.53713 -0.846855 -3.6119 -7.78371 -1.49553 -2.46853 -1.20761 -0.0566304
internal_weight=1061.25 1017.74 951.909 370.145 63.3044 0.578891 0.0787351 0.0100758 0.0686593 0.00922776 62.7255 1.34756 0.134758 61.378 581.764 479.775 0.943558 0.0539237 0.889634 101.989 478.832 58.1734 1.2128 0.98044 0.21078 0.0970211 1.72784 0.839675 0.872479 59.6501
internal_count=83146 82386 80279 54329 4955 1815 1456 874 582 552 3140 611 318 2529 25950 20505 8796 4628 4168 5445 11709 368 293 253 221 171 694 444 3265 1835
cat_boundaries=0 1 2
cat_threshold=8 16
is_linear=0
shrinkage=0.05


Tree=80
num_leaves=31
num_cat=1
split_feature=0 1 4 0 2 2 0 2 0 0 3 2 2 2 2 1 0 1 1 0 2 1 0 1 0 2 1 11 0 1
split_gain=9143.66 59717.4 378677 38671.1 25216.5 1.51989e+06 5.20089e+06 1.15451e+06 132759 2.41542e+06 12902.4 330580 9711.57 3453.63 3578.38 1903.82 1844.31 6460.34 2125.96 12184.3 1790.15 1763.87 1412.95 7975.24 922.674 839.68 641.628 447.868 3388.02 11309.2
threshold=6.0091500000000009 15.910550000000002 1.0000000180025095e-35 5.3028000000000004 7.5550000000000006 9.2550000000000008 8.0068500000000018 7.7250000000000005 9.6712000000000007 6.849800000000001 0 6.4750000000000005 6.9350000000000014 0.41500000000000004 7.3250000000000011 16.086200000000002 9.2789500000000018 15.028300000000002 14.959550000000002 8.517450000000002 4.4250000000000007 13.692350000000001 12.018950000000002 13.529600000000002 11.175250000000002 1.7050000000000003 7.5999500000000006 1.0000000180025095e-35 11.762650000000002 14.994250000000003
decision_type=2 2 2 2 2 2 2 2 2 2 9 2 2 2 2 2 2 2 2 2 2 2 2 2 2 2 2 2 2 2
left_child=1 3 -3 10 13 6 -6 -8 9 -7 11 -1 -13 -2 15 25 17 18 19 -11 -12 24 23 -9 26 -15 -10 28 -23 -30
right_child=4 2 -4 -5 5 8 7 22 21 16 20 12 -14 14 -16 -17 -18 -19 -20 -21 -22 27 -24 -25 -26 -27 -28 -29 29 -31
leaf_value=-71.241406256820639 0.45555791377857358 -20.848038276151815 93.442587194538604 -19.526320382132862 465.20886128030452 182.82201690293633 191.17635538858153 -2.9592244957912239 -2.7152182494288897 -6.4631998940717299 -0.25150316552875185 -0.29134201722917957 -14.61062472117588 -0.20425664335051696 0.5913219134188511 0.31827245171262564 0.03308985233561882 -28.973117153216091 -0.073231369677333805 -141.33993254247531 0.03920805201006819 -0.042757448272890776 -2.5794492945099297 -52.897656553670004 -1.3903889322489951 0.029397040869930793 -12.407221058828128 0.041806486018448281 -0.33860570092926556 -8.6411698779743595
leaf_weight=0.23416828592144157 74.575680292982383 0.1936657318046536 0.11581663202489059 0.25468027310057451 0.076155744493127897 0.19087044742815207 0.089786757831464281 0.051586056128248424 0.036138057406770008 0.03119324575688398 60.686906301716647 0.5970465540888199 0.14770278334617615 44.516630120358798 32.275846226245562 53.909161713547576 2.8862416537165414 0.024117662064759515 0.21659603767279112 0.0017694120458600074 415.633280304849 22.961254886977223 0.43821227071164603 0.0094612437851878464 1.9282686999848366 282.20126331909773 0.032374272749244093 32.443401337974734 2.135814984469846 0.50764155921675369
leaf_count=631 500 118 192 1087 324 359 70 134 333 580 5980 16 901 749 203 197 169 105 12 272 65921 366 65 129 752 2429 116 126 105 205
internal_value=0.126256 -0.0338372 21.9226 -0.0480662 0.264964 1.19759 76.3827 26.1128 0.408678 10.0945 -0.0376729 -1.73191 -3.13122 0.142406 0.0858465 0.042984 -0.338875 -4.26168 -1.87354 -13.7033 0.00212457 -0.131836 -3.57225 -10.6988 -1.59298 -0.00243922 -7.295 -0.0815743 -0.237909 -1.93301
internal_weight=1029.4 477.863 0.309482 477.554 551.539 64.0609 0.665202 0.589046 63.3957 3.35079 477.299 0.978918 0.744749 487.479 412.903 380.627 3.15992 0.273676 0.249559 0.0329627 476.32 60.0449 0.49926 0.0610473 1.99678 326.718 0.0685123 58.0481 25.6047 2.64346
internal_count=83146 74846 310 74536 8300 4222 722 398 3500 1497 73449 1548 917 4078 3578 3375 1138 969 864 852 71901 2003 328 263 1201 3178 449 802 676 310
cat_boundaries=0 1
cat_threshold=128
is_linear=0
shrinkage=0.05


Tree=81
num_leaves=31
num_cat=2
split_feature=0 0 3 2 2 1 6 1 0 0 2 1 4 0 1 1 3 0 0 2 1 2 2 1 1 1 2 0 1 0
split_gain=3102.47 9051.43 8703.1 7.58268e+06 8.0056e+07 35397 14683.7 7767.7 569150 862478 10589.3 2243.07 16466.7 89798.3 2152.53 1981.24 1897.52 3264.27 11034.9 1683.77 1544.72 174649 937.015 14477.6 57919.9 881.414 1127.34 434.496 1308.47 265.053
threshold=6.3983500000000015 6.9796000000000005 0 6.4750000000000005 5.9050000000000011 11.203800000000003 1.0000000180025095e-35 9.9039000000000019 13.417300000000003 13.570150000000002 5.5950000000000006 9.8073000000000015 1.0000000180025095e-35 11.326000000000002 15.070250000000003 15.817350000000001 1 12.018950000000002 10.660200000000001 3.7450000000000006 10.781950000000002 7.495000000000001 5.2250000000000005 15.283200000000003 15.477100000000002 14.959550000000002 9.4550000000000018 10.027300000000002 13.692350000000001 11.960000000000003
decision_type=2 2 9 2 2 2 2 2 2 2 2 2 2 2 2 2 9 2 2 2 2 2 2 2 2 2 2 2 2 2
left_child=2 -2 15 4 -4 20 14 8 10 -10 -3 12 13 -12 -7 19 17 18 -9 -1 21 -5 -18 25 -25 26 -24 -28 29 -29
right_child=1 7 3 5 -6 6 -8 16 9 -11 11 -13 -14 -15 -16 -17 22 -19 -20 -21 -22 -23 23 24 -26 -27 27 28 -30 -31
leaf_value=-0.2276444784524134 0.9113799057394969 -12.707492275682519 -9892.8155516451025 -0.19254882959036315 -2.1590993571659589 -25.256784780828799 -6.4387432397372466 -0.074938774367302216 204.15871371355394 -10.857395831698859 -386.08844308615733 0.044900556202231851 -1.8439642994035417 -4.847651547400651 -39.526455526029544 0.42377390317509128 -0.0054974116835427786 0.011882835345475172 1.213852636570774 0.039008557861061374 0.051351796101007902 -314.52830387465661 -3.8131470188583858 -0.53978985580298211 -35.846537468838072 0.010653073957375619 -0.056381499669686558 -3.866149397063845 -0.36863833235748023 -1.9607063920994297
leaf_weight=68.847732543972654 36.160892056167825 0.17003661243075008 0.0022390099187735704 0.59842556404048097 0.023720813915133476 0.045439071504993808 0.092386089265346527 40.833816483716049 0.086065354077941622 0.10180841775199041 0.0018132911151690747 7.9369635730988888 0.23398714494477468 0.010422798591731636 0.063165463004735592 29.46321167458251 188.25402489369503 112.17747849633584 27.996535599078769 422.51057027945967 22.213733673095692 0.0044518206267915019 0.26845592768479409 0.62813878751277974 0.14251322830627922 24.054950709691514 2.9229333961742858 0.30074051221067161 2.7149418451150211 0.46423084508414031
leaf_count=2526 731 709 6979 16042 1114 105 62 307 22 314 972 11 794 221 62 224 1437 278 198 8711 6 39549 309 147 412 226 228 102 283 65
internal_value=0.0552727 0.153108 -0.0248606 -0.811513 -855.219 -0.200453 -21.0915 0.086116 1.57815 87.6419 -0.35752 -0.100903 -4.80085 -61.3445 -33.5562 0.0250451 0.0543172 0.168876 0.449273 0.00164589 -0.0164238 -2.51369 -0.0456518 -0.300145 -7.06891 -0.130376 -0.638889 -0.5058 -0.883286 -2.70981
internal_weight=989.326 445.461 543.865 23.0436 0.0259598 23.0176 0.200991 409.3 8.5411 0.187874 8.35322 8.18319 0.246223 0.0122361 0.108605 520.822 400.759 181.008 68.8304 491.358 22.8166 0.602877 219.751 31.4969 0.770652 30.7263 6.6713 6.40285 3.47991 0.764971
internal_count=83146 7766 75380 63919 8093 55826 229 7035 3043 336 2707 1998 1987 1193 167 11461 3992 783 505 11237 55597 55591 3209 1772 559 1213 987 678 450 167
cat_boundaries=0 1 2
cat_threshold=284 144
is_linear=0
shrinkage=0.05


Tree=82
num_leaves=31
num_cat=1
split_feature=3 5 2 1 1 1 2 0 0 1 5 2 0 0 2 0 0 6 2 2 2 2 1 0 0 2 0 1 2 2
split_gain=67500 222346 104231 12496.1 64053.7 17803.3 33203.7 1625.55 23877.8 9507.75 599089 1684.44 4673.06 19099.3 107836 941736 843.293 3350.88 37325.5 115080 544603 612480 1220.66 7410.96 17738.8 1162.06 8724.77 427.839 2325.35 232.221
threshold=0 1.0000000180025095e-35 1.8350000000000002 16.086200000000002 16.810900000000004 15.864400000000002 2.1450000000000005 6.3983500000000015 6.9796000000000005 9.9039000000000019 1.0000000180025095e-35 3.7450000000000006 5.1990000000000007 5.3996500000000003 7.4650000000000007 6.2167500000000002 12.933400000000001 1.0000000180025095e-35 10.135000000000003 4.6250000000000009 3.9950000000000006 2.6050000000000004 14.994250000000003 11.826750000000002 8.6175500000000014 9.9750000000000032 11.219900000000001 14.631350000000003 3.1350000000000002 5.3450000000000006
decision_type=9 2 2 2 2 2 2 2 2 2 2 2 2 2 2 2 2 2 2 2 2 2 2 2 2 2 2 2 2 2
left_child=1 2 -1 5 -5 7 -7 11 -9 10 -10 -2 -13 -14 -15 -16 17 22 19 20 21 -19 27 24 -24 26 29 28 -11 -21
right_child=3 -3 -4 4 -6 6 -8 8 9 16 -12 12 13 14 15 -17 -18 18 -20 25 -22 -23 23 -25 -26 -27 -28 -29 -30 -31
leaf_value=5.8592731145638535 -0.21616026391677143 11.499806602862405 -0.0078229287400383967 3.2045714905131657 -0.010607757867832718 -4.3211685814586529 -43.935341120168623 1.9803507597747516 94.71293347139229 -2.4495011139475991 -0.32352858097190162 0.042607916733172824 -0.44523166258357993 -0.052479757445158315 -1624.6509414724105 -17.014150190224679 0.038753145983237251 -1053.9091858063568 -0.39547333389404776 -0.05091521201227131 -2.2390240744946066 -60.848548410336036 -1.6511471553930503 -0.19976384264252739 -23.206880837728104 -0.71516980786004558 -56.056395202243998 0.020742635206840054 -0.10532539648009605 -6.626775771123782
leaf_weight=9.2086240937332047 75.862396240256032 5.6293502967032714 42.538978279297055 19.539987062925775 74.753227463669418 0.34365794508190683 0.062519475615509967 16.752031755244275 0.16952037040711321 1.1403220178196587 7.6074859353304722 454.13154665536609 0.26522025412780909 0.045018978416923663 0.0010155714850387113 0.0088424105197191238 154.65141931682959 0.0029412899584450986 2.4480762691549369 0.032629697583616217 0.022821074244159703 0.0032887887714057331 0.45261696314373479 5.0636967166878311 0.12094502480782632 0.066564259282944516 0.0089121137348179419 54.788808200481895 14.638041412975705 0.022811675993464418
leaf_count=697 4695 622 1084 390 194 63 208 641 854 401 1891 67379 431 279 493 101 316 122 405 31 32 83 69 92 258 20 67 229 802 197
internal_value=0.230716 1.75668 1.03624 0.110416 0.65566 0.0466301 -10.4186 0.0520224 0.154963 0.0282057 1.74804 0.00194285 0.0383512 -6.00081 -32.8509 -182.633 -0.0290844 -0.1622 -1.92452 -25.3242 -115.351 -529.684 -0.101886 -0.809904 -6.19653 -5.34698 -10.1379 -0.0453258 -0.274742 -2.75659
internal_weight=940.383 57.377 51.7476 883.006 94.2932 788.713 0.406177 788.307 257.993 241.241 7.77701 530.314 454.452 0.320097 0.054877 0.00985798 233.464 78.8125 2.60805 0.159969 0.0290512 0.00623008 76.2044 5.63726 0.573562 0.130918 0.0643535 70.5672 15.7784 0.0554414
internal_count=83146 2403 1781 80743 584 80159 271 79888 6510 5869 2745 73378 68683 1304 873 594 3124 2808 957 552 237 205 1851 419 327 315 295 1432 1203 228
cat_boundaries=0 1
cat_threshold=128
is_linear=0
shrinkage=0.05


Tree=83
num_leaves=31
num_cat=2
split_feature=3 4 2 2 2 2 0 0 2 2 2 2 0 2 0 0 6 3 2 6 0 2 0 6 4 0 2 0 2 2
split_gain=79250.6 2.90958e+06 1.1307e+07 21426.7 8408.62 92558.8 4467.57 331081 2.96171e+06 4.70645e+06 1.39283e+07 2.56429e+06 6354.41 43185.9 22520.2 24394.1 4693.87 4131.72 3682.11 1603.49 1398.52 1462.99 1065.1 687.441 554.787 1879.65 519.942 3703.12 15605.6 319246
threshold=0 1.0000000180025095e-35 4.2750000000000012 1.0000000180025095e-35 6.5450000000000008 6.9750000000000005 6.1312500000000005 6.9796000000000005 7.3250000000000011 10.185 9.0050000000000008 7.495000000000001 11.826750000000002 0.84500000000000008 11.326000000000002 11.397250000000001 1.0000000180025095e-35 1 10.565000000000003 1.0000000180025095e-35 12.933400000000001 9.5250000000000004 11.506600000000001 1.0000000180025095e-35 1.0000000180025095e-35 12.018950000000002 3.2850000000000006 5.151250000000001 10.655000000000003 9.9750000000000032
decision_type=9 2 2 2 2 2 2 2 2 2 2 2 2 2 2 2 2 9 2 2 2 2 2 2 2 2 2 2 2 2
left_child=1 2 -1 -2 -4 -6 16 8 -8 10 11 -10 13 -9 17 -16 26 -15 -11 22 21 -14 -17 24 -23 -26 -5 -28 29 -29
right_child=3 -3 4 6 5 -7 7 12 9 18 -12 -13 20 14 15 19 -18 -19 -20 -21 -22 23 -24 -25 25 -27 27 28 -30 -31
leaf_value=384.61475099258587 2.7627249667053166 0.60774349461674138 -0.5455182868732521 0.16711425483439149 -0.57219523948148876 -160.76642962990866 -0.99369055574041476 4.102656186239126 511.43599834272101 -0.52955477149935404 1477.4874399966038 -3.6820934112359596 -0.23242356595815392 0.72110610448261181 6.8375594104132009 -2.3753809710164946 1.0002587051049361 -0.017072067371600799 -14.910893029430909 -0.49618367923730977 0.0095274810007111542 -1.3251022415550902 -7.8188716185947236 -0.62703486325550328 -1.16493799434362 -6.1023441423083948 0.032893234208334718 -626.6474369282854 -0.31305086968356766 -2.3643149580758438
leaf_weight=0.24223373812885685 8.0252971649268812 42.778890280009868 0.7479024223779327 81.496849060075988 0.096241687693594091 0.0099492007866506249 2.5026434624389777 7.5311112403870473 0.034545928469241538 0.10577038675546646 0.023914682969916612 0.080359422601759434 7.3543294367109437 12.663124392847193 2.5339628484392835 0.24552953231015781 13.373385080246178 120.67544748345951 0.076843557647128136 0.86450637739312275 183.20022931581721 0.7958503615658532 0.14173714880986024 1.0853896219211374 0.4696053834147747 0.32697770264270359 428.81966373828141 0.0021544937044679904 0.20610471602100233 0.041380874812742746
leaf_count=457 353 959 62 3131 11 914 461 273 34 16 48 181 346 284 50 70 602 3796 288 128 826 118 163 98 29 112 68271 815 221 29
internal_value=0.309698 2.17359 83.0994 0.188915 -2.41491 -15.5811 0.167211 0.308151 17.3569 160.232 379.67 151.187 0.165657 0.416264 0.213801 4.01658 0.0755601 0.105833 -6.58119 -1.69392 -0.0219499 -0.596768 -4.36766 -1.5974 -2.25879 -3.19162 0.0513393 0.0293491 -6.05859 -33.2591
internal_weight=916.552 43.8752 1.09633 872.677 0.854093 0.106191 864.651 340.712 2.82408 0.321434 0.13882 0.114905 337.888 144.655 137.124 3.78574 523.94 133.339 0.182614 1.25177 193.232 10.0322 0.387267 2.67782 1.59243 0.796583 510.566 429.069 0.24964 0.0435354
internal_count=83146 2403 1444 80743 987 925 80390 7321 1028 567 263 215 6293 4764 4491 411 73069 4080 304 361 1529 703 233 357 259 141 72467 69336 1065 844
cat_boundaries=0 1 2
cat_threshold=128 16
is_linear=0
shrinkage=0.05


Tree=84
num_leaves=31
num_cat=2
split_feature=3 0 2 8 3 2 2 2 0 4 0 0 0 4 2 2 0 0 6 2 0 0 6 0 2 0 5 0 0 0
split_gain=90813.2 8.5464e+06 1.29505e+06 4946.21 2623.59 1294.48 24279.3 3129.22 23391 9002.62 7720.04 2145.11 20376.3 54325.9 2485.85 1938.89 6136.3 640.056 8681.06 3908.79 46851 341858 851.768 876.885 521.456 805.389 4002.51 5692.52 70560.4 328388
threshold=0 3.5699500000000004 6.5450000000000008 1.0000000180025095e-35 1 7.9350000000000014 7.7950000000000008 9.3250000000000011 6.7921500000000004 1.0000000180025095e-35 6.4496000000000011 8.5626500000000014 10.701450000000003 1.0000000180025095e-35 2.8950000000000005 7.3850000000000007 6.849800000000001 11.397250000000001 1.0000000180025095e-35 9.5250000000000004 12.410000000000002 12.596050000000002 1.0000000180025095e-35 0.69560000000000011 0.21500000000000002 12.933400000000001 1.0000000180025095e-35 12.248250000000002 11.960000000000003 11.019700000000002
decision_type=9 2 2 2 9 2 2 2 2 2 2 2 2 2 2 2 2 2 2 2 2 2 2 2 2 2 2 2 2 2
left_child=1 2 -1 4 -2 6 11 8 10 -10 -7 14 13 -13 -6 -16 -17 22 19 -19 -21 -22 -9 -24 -14 26 -26 28 29 -28
right_child=3 -3 -4 -5 5 7 -8 17 9 -11 -12 12 24 -15 15 16 -18 18 -20 20 21 -23 23 -25 25 -27 27 -29 -30 -31
leaf_value=225.80134225248318 0.4680939783648902 -0.39504158038244674 -26.46526027841065 0.47503199905104831 -0.35561629754499136 -29.009860660666938 3.612241426408108 0.023090499532672667 -62.299219216588796 -14.210597205226543 -0.30146587275062658 -0.24339778978649235 0.18011050766001263 5.7754318101310984 0.053156704451088645 -22.072227941551269 -0.88687587725725125 -0.11627363183711444 0.024736829730228307 -1.7203617783983458 -1.7514263316891772 -212.49195477938002 -3.6267897609063477 -0.58892623735966232 -0.12086452406887818 0.042365601330812262 -30.53797812065082 -0.97488767626803097 -1.5178557337661012 -669.28233788811633
leaf_weight=0.4885857324115927 32.213408436803974 26.887970022395862 0.056788596417095716 86.709698401391506 44.419994337578999 0.024172446077763476 4.9041401220420076 323.15031335820555 0.021687412586288264 0.017655714008831251 0.74985167384147644 10.564580925106329 70.370590209960938 5.8113479833129693 261.24241887786474 0.040871931721354088 0.20876951515676032 0.90143424390747795 32.818427415611602 1.7982742731183012 0.14782570506030304 0.022123776727674044 0.28545062617061656 1.4154435433686927 7.1846699760303201 150.75842298069844 0.019680543742584638 0.48437180244937422 0.20731182396769882 0.0022413722166134851
leaf_count=558 735 999 846 105 2552 9978 4835 6816 221 86 35 574 47 614 18977 32263 104 11 227 270 44 495 272 459 160 240 128 98 74 323
internal_value=0.202908 2.62329 199.533 0.112453 0.0805354 0.0611613 0.109695 -0.0118531 -3.10967 -40.7189 -1.19802 0.078539 0.188656 1.89251 -0.00979685 0.0489479 -4.3554 -0.00486455 -0.205859 -2.84303 -4.09187 -29.1853 0.0172166 -1.09875 0.0668265 0.0165805 -0.475593 -4.04704 -10.5385 -95.8454
internal_weight=1063.93 27.4333 0.545374 1036.5 949.785 917.572 556.219 361.353 0.813367 0.0393431 0.774024 551.315 245.403 16.3759 305.912 261.492 0.249641 360.539 35.6881 2.86966 1.96822 0.169949 324.851 1.70089 229.027 158.657 7.89828 0.713606 0.229234 0.0219219
internal_count=83146 2403 1404 80743 80638 79903 60989 18914 10320 307 10013 56154 2258 1188 53896 51344 32367 8594 1047 820 809 539 7547 731 1070 1023 783 623 525 451
cat_boundaries=0 1 2
cat_threshold=128 8
is_linear=0
shrinkage=0.05


Tree=85
num_leaves=31
num_cat=2
split_feature=3 1 0 1 1 2 8 2 1 2 5 0 2 0 0 3 1 0 2 2 2 0 1 1 1 1 0 0 1 1
split_gain=68340.4 1.58097e+06 8.44683e+06 744217 10748 34881.7 1616.97 1549.97 1342.44 162196 6737.19 54859.9 887.343 5614.26 786.661 543.809 963.312 273.627 2869.97 306.63 242.44 3565.83 7413.59 16873.4 1045.06 606.519 1204.17 438.736 350.335 292.698
threshold=0 14.839450000000001 1.0000000180025095e-35 14.631350000000003 15.817350000000001 3.7450000000000006 1.0000000180025095e-35 1.0000000180025095e-35 9.8073000000000015 5.2250000000000005 1.0000000180025095e-35 0.072350000000000012 2.4050000000000007 13.570150000000002 11.326000000000002 1 14.717500000000003 0.64970000000000006 5.5250000000000012 8.7750000000000004 7.3850000000000007 5.6553000000000013 15.317600000000001 15.730650000000002 13.692350000000001 11.203800000000003 12.179000000000002 11.219900000000001 14.491350000000002 13.175050000000001
decision_type=9 2 2 2 2 2 2 2 2 2 2 2 2 2 2 9 2 2 2 2 2 2 2 2 2 2 2 2 2 2
left_child=1 2 -1 -4 6 -6 7 -2 9 -9 11 -11 13 -10 -7 16 -14 -12 -19 -20 -17 -22 24 -24 25 -23 29 28 -26 -27
right_child=4 -3 3 -5 5 14 -8 8 12 10 17 -13 15 -15 -16 20 -18 18 19 -21 21 22 23 -25 27 26 -28 -29 -30 -31
leaf_value=420.35329399044645 0.25814842391954246 1.2561118773247228 -295.39077122595631 -1.4637711293763882 1.4998719067633932 -0.34891381856369558 0.28409160280872725 -74.182236848306346 -0.89176156074123902 -0.7378556879441045 0.030142391620646688 -56.026036030954906 0.047711841409066418 0.056750520793145888 0.0071672728552745332 0.04324999884398989 0.241152063797895 0.042339909597205044 -2.5331425244293659 -4.6839621329699925 0.012479142103380643 -1.4990507959236987 -43.103055019796692 -4.4567368301305139 -0.05585233718952215 -6.031663554274509 -1.0256430285603884 -0.51335185019336271 -3.4894711544753507 -10.847726785804648
leaf_weight=0.14243621639516035 75.855110168457145 36.286735609801816 0.022508741366330298 0.49821712665288942 56.918415062184764 19.544388454874834 76.634918212890625 0.074087712117047455 18.352150169813456 0.51706518390332368 28.412242334627337 0.049130537209765013 191.37916361320271 104.06129756020658 75.152543964065984 169.90195661935527 96.970052169895837 5.8910849648527792 0.49077729343524307 0.25018248120669334 83.658565272774069 0.25692192092645183 0.033599963796204002 0.1771866850941255 0.10895473997510635 0.066914284642182117 0.10319616373799204 3.1789866069842518 0.23348284432007943 0.059690787054698255
leaf_count=1068 280 308 1000 27 339 406 88 7871 958 52694 2363 8869 1089 33 182 1049 139 54 872 1678 627 45 227 50 149 57 35 253 274 62
internal_value=0.222709 2.08894 79.1592 -14.169 0.132293 0.521647 0.0649325 0.0434024 0.0202712 -0.278533 -0.124776 -5.53538 0.0362204 -0.0854498 -0.0663239 0.0634924 0.108985 -0.0373588 -0.32654 -3.25936 0.00806432 -0.0590458 -1.47734 -10.6171 -0.996683 -3.16832 -5.0346 -0.696524 -2.39698 -8.3023
internal_weight=1045.28 36.9499 0.663162 0.520726 1008.33 151.615 856.717 780.082 704.227 35.6846 35.6105 0.566196 668.542 122.413 94.6969 546.129 288.349 35.0443 6.63204 0.74096 257.779 87.8775 4.21893 0.210787 4.00815 0.486723 0.229801 3.52142 0.342438 0.126605
internal_count=83146 2403 2095 1027 80743 927 79816 79728 79448 74401 66530 61563 5047 991 588 4056 1228 4967 2604 2550 2828 1779 1152 277 875 199 154 676 423 119
cat_boundaries=0 1 2
cat_threshold=128 4
is_linear=0
shrinkage=0.05


Tree=86
num_leaves=31
num_cat=1
split_feature=3 1 1 2 8 2 2 0 6 0 0 2 0 0 5 4 2 0 0 1 1 2 1 0 1 5 1 1 0 0
split_gain=446874 2.46988e+07 14115.5 129272 1733.58 1235.35 1277.45 3063.2 4618.38 513.663 1686.2 909.944 5498.01 7618.13 1627.74 3076.55 4562.06 494.988 439.921 208.635 276.53 234.743 214.293 124.705 212.913 1138.35 1211.67 137.243 114.672 335.78
threshold=0 14.680450000000002 15.817350000000001 3.7450000000000006 1.0000000180025095e-35 1.0000000180025095e-35 1.1050000000000002 13.838100000000003 1.0000000180025095e-35 6.1825500000000009 5.1990000000000007 5.9050000000000011 8.0966500000000021 6.9796000000000005 1.0000000180025095e-35 1.0000000180025095e-35 7.6450000000000005 11.326000000000002 11.397250000000001 13.692350000000001 15.114450000000001 7.7150000000000007 12.267650000000001 12.933400000000001 14.919850000000002 1.0000000180025095e-35 15.350350000000002 15.154500000000002 10.080150000000001 12.018950000000002
decision_type=9 2 2 2 2 2 2 2 2 2 2 2 2 2 2 2 2 2 2 2 2 2 2 2 2 2 2 2 2 2
left_child=1 -1 4 -4 5 -2 -7 9 -9 10 -8 23 13 -13 15 16 -14 -5 -16 22 -21 -22 -20 24 -11 -26 27 -27 -17 -30
right_child=2 -3 3 17 -6 6 7 8 -10 11 -12 12 14 -15 18 28 -18 -19 19 20 21 -23 -24 -25 25 26 -28 -29 29 -31
leaf_value=516.28358925322289 0.22513774442520412 3.3056808778565334 4.5004141827670461 -0.24604826675010716 0.3055374566478406 -0.21217895911840792 0.029361384730823739 -9.9270522236482925 -0.34172194997288208 -0.0042646548968027541 0.28935830232604975 -17.094810464658252 -0.055861494781281808 -1.3947376673446563 -0.013789258216424953 -0.067717407457907983 -15.87946485386923 0.0068468141888592057 -0.75064982437931038 -0.2042584634323161 -0.05707610507042931 -2.4414554338383407 -2.5377289933389728 0.05243379146530866 -0.056728325650884315 -0.36095245036485801 -5.7812610639548057 -1.7975775988066545 -2.2766262030136821 -0.69281680545036217
leaf_weight=0.238918257031698 82.431259155273438 13.131718171949029 18.383026791154933 26.106658093018268 67.891189575195312 54.407557318349973 376.45789494008034 0.19270877274611897 0.3612110295745864 50.020959536479559 74.741941873744281 0.11442332508081202 0.093918964266804406 0.23792948159543789 22.254336307780566 0.31117773861751175 0.088445964354806395 74.747088255577111 0.50230236485505853 2.4364953804543843 0.16356606036424637 0.27980560055793757 0.251860002380907 105.49807127391736 5.7870727893896428 0.33938520774250014 0.17120870052330628 0.32585994381246153 0.45455917203198959 1.268597019162639
leaf_count=2068 280 335 339 406 88 1263 70928 318 35 1388 1163 613 50 632 1385 157 220 182 316 163 26 94 59 63 74 55 153 60 155 78
internal_value=0.303286 7.1354 0.133529 0.64426 0.0632144 0.0421008 0.0204464 0.0401498 -3.67646 0.0433575 0.0724303 -0.0254653 -0.286241 -6.49319 -0.208424 -1.5088 -7.73022 -0.0586167 -0.0970791 -0.607136 -0.413263 -1.56182 -1.34746 0.020303 -0.0395392 -0.305933 -2.03007 -1.06466 -0.951092 -1.11062
internal_weight=979.691 13.3706 966.321 119.237 847.084 779.193 696.761 642.354 0.55392 641.8 451.2 190.6 28.4574 0.352353 28.1051 2.2167 0.182365 100.854 25.8884 3.63403 2.87987 0.443372 0.754162 162.143 56.6445 6.62353 0.836454 0.665245 2.03433 1.72316
internal_count=83146 2403 80743 927 79816 79728 79448 78185 353 77832 72091 5741 3948 1245 2703 660 270 588 2043 658 283 120 375 1793 1730 342 268 115 390 233
cat_boundaries=0 1
cat_threshold=128
is_linear=0
shrinkage=0.05


Tree=87
num_leaves=31
num_cat=1
split_feature=3 0 1 1 1 1 0 0 2 0 1 1 0 1 0 2 0 1 0 2 0 0 1 1 1 1 1 0 0 1
split_gain=218179 2.42664e+07 67524.9 21061.4 5669.19 3564.53 8105.47 1496.41 7496.78 1.22676e+06 1.37606e+06 12949 3110.3 2486.74 7296.82 1552.72 1272.88 529.197 475.846 1873.39 270.737 255.563 698.556 155.336 130.917 782.405 280.638 223.619 2019.66 125.937
threshold=0 3.5699500000000004 14.752250000000002 16.314600000000002 15.381700000000002 15.817350000000001 10.701450000000003 5.1990000000000007 7.9050000000000011 6.2167500000000002 13.079150000000002 6.6673500000000008 8.4286000000000012 15.154500000000002 11.448250000000002 4.4650000000000007 6.9796000000000005 14.959550000000002 10.969800000000001 2.8950000000000005 9.8318500000000011 11.326000000000002 13.589700000000002 12.934450000000002 13.692350000000001 10.361100000000002 12.267650000000001 12.323050000000002 12.505550000000001 13.649400000000002
decision_type=9 2 2 2 2 2 2 2 2 2 2 2 2 2 2 2 2 2 2 2 2 2 2 2 2 2 2 2 2 2
left_child=1 -1 -3 5 -4 7 -7 15 11 10 -10 -9 16 17 -15 -2 -11 20 19 -13 -14 22 23 -22 25 27 -27 -23 -29 -17
right_child=3 2 4 -5 -6 6 -8 8 9 12 -12 18 13 14 -16 29 -18 -19 -20 -21 21 24 -24 -25 -26 26 -28 28 -30 -31
leaf_value=689.34384700275359 -0.243649517169332 -38.422712757030965 -2.1968328589790178 1.4043116923884442 -9.144791498737586 1.0327106653709699 -0.020002309580375823 2.4399261515438857 -1.2778055689367216 -6.812262058970366 184.69811988495613 -0.48332162410172841 -0.014248938842082087 -0.82034310083652773 -14.97068881572115 -0.037107930334521803 -1.5044185939955457 0.033606153272816873 0.067310355045797868 0.046601264307926993 -1.9553953140733364 -0.29704745269516014 -6.6914070914223274 -0.11172738607180153 -0.24546150342499715 -1.5463008119847499 -4.2969129697007533 -0.30689458327067692 -9.3210001453447511 0.047273623025079869
leaf_weight=0.13646575929210158 60.916876993624726 0.17075636148179296 0.7595845463675629 31.637741081803824 0.47856983770269357 31.509437487571944 43.567888018633681 5.6783097523831989 0.2071088673382907 0.24532687924386343 0.19136834144592285 20.591703470665976 3.2396883050654752 0.5160631379379369 0.11063585929204178 53.51308720486881 0.20932757232080357 17.994662142007208 315.99854990612897 87.748621029939471 0.21238832327256527 3.3683893909703158 0.06020444018660015 0.24724571783848245 3.3295316937140962 0.19481697658317748 0.17696632956456843 0.54576517983514361 0.070124576387217585 254.56633353639702
leaf_count=1404 6085 815 65 387 119 319 221 1951 438 369 45 615 518 147 128 65030 597 106 634 1035 383 190 178 31 172 26 78 26 376 658
internal_value=0.222831 7.05614 -8.94735 0.134784 -4.88235 0.0918921 0.421814 0.0620468 0.122118 0.874109 88.037 0.0680471 -0.26387 -0.201802 -3.31841 -0.0129916 -4.36848 -0.135457 0.0363077 -0.0541185 -0.401268 -0.554072 -1.627 -0.963652 -0.481501 -0.661917 -2.85557 -0.457221 -1.33323 0.0326166
internal_weight=938.194 1.54538 1.40891 936.648 1.23815 905.01 75.0773 829.933 460.937 30.9196 0.398477 430.017 30.5211 30.0665 0.626699 368.996 0.454654 29.4398 424.339 108.34 11.4451 8.20543 0.519838 0.459634 7.68559 4.35606 0.371783 3.98428 0.61589 308.079
internal_count=83146 2403 999 80743 184 80356 540 79816 8043 3808 483 4235 3325 2359 275 71773 966 2084 2284 1650 1978 1460 592 414 868 696 104 592 402 65688
cat_boundaries=0 1
cat_threshold=128
is_linear=0
shrinkage=0.05


Tree=88
num_leaves=31
num_cat=7
split_feature=3 4 2 2 2 2 4 2 3 6 2 2 3 2 2 2 3 5 3 2 2 2 2 2 3 5 2 2 3 2
split_gain=56682.6 1.60547e+06 1.10542e+07 533787 8094.26 32494.1 5198.74 13563.1 21261.3 9120.79 14755.3 2399.17 1621.06 77810.5 450064 2053.56 538.371 2146.7 428.264 1193.68 256.766 250.187 859.303 504.143 97.8313 1499.33 834.771 253.586 58.0874 63.0428
threshold=0 1.0000000180025095e-35 4.5650000000000004 8.0450000000000017 7.7550000000000008 5.1750000000000007 1.0000000180025095e-35 3.0750000000000006 1 1.0000000180025095e-35 7.4250000000000007 7.9850000000000012 2 4.1250000000000009 4.0750000000000011 7.3650000000000011 3 1.0000000180025095e-35 4 1.9550000000000003 7.9850000000000012 3.8750000000000004 4.2150000000000007 5.5950000000000006 5 1.0000000180025095e-35 5.7650000000000006 5.1250000000000009 6 10.095000000000001
decision_type=9 2 2 2 2 2 2 2 9 2 2 2 9 2 2 2 9 2 9 2 2 2 2 2 9 2 2 2 9 2
left_child=1 2 -1 4 5 -4 9 8 -8 18 -11 12 13 14 -9 21 28 -18 -2 -20 -12 -14 -23 -24 -21 27 -27 -26 -13 -30
right_child=6 -3 3 -5 -6 -7 7 11 -10 10 20 16 15 -15 -16 -17 17 -19 19 24 -22 22 23 -25 25 26 -28 -29 29 -31
leaf_value=555.34268200417171 0.095101048476800953 1.2867543087363551 -2.1578578142189264 -189.29563928499144 -4.3067998020835336 -62.379130244401551 -0.002637199573323314 77.093014958750487 1.4396693881950133 -13.765216295031241 -0.10417447409605551 0.01442098715339203 0.061403068332180871 -0.0034141990399566315 -0.032598480799894441 0.43538797689387687 -1.5928390259276837 -0.14181623188558076 -0.23639518133028148 0.024980887779655785 -1.8037517809930179 -0.0049645721180191869 -0.99076454874451536 -3.6576432966466683 0.033930167553183781 -0.40614951634402491 -5.3086589185230615 -0.96747247112155432 0.022111971873699857 -0.14879237027245493
leaf_weight=0.10193561762571546 87.24093628833171 25.476115592331649 0.070476414635777473 0.04753146077201309 0.21795936953276396 0.032836334956333535 59.322567404973334 0.22442984183511305 42.854265872942314 0.30648295625507982 0.32425852156688939 121.39029886421457 136.64262564122885 19.432159278234085 1.2034521028399467 44.50334269165981 2.8813826596862127 22.093934664216334 55.296411833944433 259.70552900173539 0.70623406884203677 5.7611776279183493 0.86446137085331964 0.22290364782455907 5.9530657466221513 0.14357490837557443 0.21969639164603402 0.70730254313098484 8.5733329829315714 14.559687365304416
leaf_count=463 37 959 15 724 76 166 249 236 1288 279 53 1187 316 464 18 343 2447 1048 1382 7491 493 163 405 316 4578 129 734 56855 36 196
internal_value=0.200966 2.14912 94.474 -32.908 -9.77081 -21.2982 0.118792 0.23176 0.742926 -0.010521 -4.13355 0.0937157 0.207142 0.557238 12.0898 0.131651 -0.0460468 -0.220809 0.00294791 -0.0242187 -1.26896 0.0466223 -0.248284 -1.53746 0.0188602 -0.100267 -3.37105 -0.0724145 -0.000530789 -0.0596624
internal_weight=917.08 25.9469 0.470739 0.368804 0.321272 0.103313 891.134 480.53 102.177 410.603 1.33698 378.353 208.855 20.86 1.42788 187.995 169.499 24.9753 409.267 322.026 1.03049 143.491 6.84854 1.08737 266.729 7.02364 0.363271 6.66037 144.523 23.133
internal_count=83146 2403 1444 981 257 181 80743 8712 1537 72031 825 7175 2261 718 254 1543 4914 3495 71206 71169 546 1200 884 721 69787 62296 863 61433 1419 232
cat_boundaries=0 1 2 3 4 5 6 7
cat_threshold=128 256 256 784 2 268 768
is_linear=0
shrinkage=0.05


Tree=89
num_leaves=31
num_cat=2
split_feature=1 3 4 1 2 2 2 1 1 11 6 1 1 1 2 1 2 4 1 2 3 1 2 1 2 2 2 2 1 1
split_gain=69449.3 24534.8 207928 1.28672e+07 113750 31509.8 71965.7 5064.5 17914.9 1786.85 1270.64 6943.93 17625.6 24455.8 966.06 1243.8 14444.2 351131 688.993 414.305 383.373 1126.09 347.83 328.544 874.044 2340.29 228.601 203.517 159.531 592.046
threshold=16.314600000000002 0 1.0000000180025095e-35 7.3479500000000009 8.0350000000000019 7.785000000000001 7.7650000000000006 15.817350000000001 16.151200000000003 1.0000000180025095e-35 1.0000000180025095e-35 14.536800000000001 13.989350000000002 13.692350000000001 1.0000000180025095e-35 9.8073000000000015 9.3250000000000011 1.0000000180025095e-35 14.034400000000002 10.185 1 14.717500000000003 10.255000000000001 15.154500000000002 10.285000000000002 9.9750000000000032 9.4550000000000018 5.9050000000000011 15.730650000000002 14.994250000000003
decision_type=2 9 2 2 2 2 2 2 2 2 2 2 2 2 2 2 2 2 2 2 9 2 2 2 2 2 2 2 2 2
left_child=1 2 3 4 5 6 -1 9 -9 10 14 12 13 -12 -3 16 17 -16 -14 26 21 -17 -21 24 25 -13 -18 -22 29 -29
right_child=-2 7 -4 -5 -6 -7 -8 8 -10 -11 11 23 18 -15 15 20 19 -19 -20 22 27 -23 -24 -25 -26 -27 -28 28 -30 -31
leaf_value=-36.30786159165708 4.5370122212858037 0.22081184950788157 0.49345611064825096 529.68082880647148 -45.369239866904941 -0.16960787341123384 -0.1842121852499177 1.9983087461005493 0.0044590537649115856 -0.326669038446604 -69.21772695764885 -8.6735641969628094 -0.49368039923409823 -8.1639749992345738 -202.25028187697924 0.042296812692954641 -0.30118054957341056 -2.03548307270405 -4.085388954214813 0.0545536780789612 0.043932989514963973 0.25925701850742611 -0.4072516482867663 -0.11819491810170078 -0.1764940773378198 -0.13258213354010462 -2.3631613364019959 -0.050882293528086611 0.032796635955334413 -0.66157635480675381
leaf_weight=0.21165780047886773 9.1177204710975257 88.070434570312614 62.613872318279199 0.11652463836799176 0.16222856938838948 2.6975049078464508 0.39550796151161194 15.193950465867131 43.578328928511283 32.090448051265412 0.024577798036990388 0.12174721281089357 0.24802074697072379 0.049307153952134981 0.02225529010536198 209.93239849069283 0.24996776394372749 1.3664625287703416 0.28922763018683545 27.320105507740628 235.70637113155414 83.632807516338744 4.7927686410911994 19.828337593672149 1.0329149746244961 0.2350445734748669 0.29077289754966623 41.864200527853647 34.92623131707095 4.3843301820640752
leaf_count=298 450 206 928 470 599 42 3 414 126 2359 262 182 13 88 65905 402 93 1888 194 90 200 67 5653 604 193 14 662 480 37 224
internal_value=0.194918 0.151482 1.01109 12.8775 -4.4926 -2.48594 -12.7769 0.0713535 0.519914 0.0387406 0.0542845 -0.321628 -5.57622 -28.4735 0.0654861 0.0442606 -0.249878 -5.24408 -2.42728 -0.0374807 0.0606636 0.100676 -0.0143696 -0.170282 -0.913465 -3.047 -1.40997 0.0197932 -0.0478628 -0.108776
internal_weight=920.566 911.448 66.1973 3.58342 3.4669 3.30467 0.607166 845.251 58.7723 786.479 754.388 21.8292 0.611133 0.073885 732.559 644.489 34.0423 1.38872 0.537248 32.6536 610.446 293.565 32.1129 21.218 1.38971 0.356792 0.540741 316.881 81.1748 46.2485
internal_count=83146 82696 2340 1412 942 343 301 80356 540 79816 77457 1550 557 350 75907 75701 74291 67793 207 6498 1410 469 5743 993 389 196 755 941 741 704
cat_boundaries=0 1 2
cat_threshold=128 4
is_linear=0
shrinkage=0.05


Tree=90
num_leaves=31
num_cat=2
split_feature=1 0 0 1 1 3 0 2 2 0 0 1 0 2 2 2 1 6 0 2 2 3 1 0 2 2 0 2 1 1
split_gain=54122 1.26083e+06 5.54972e+06 2.53765e+06 1.6728e+07 11974 407879 9.99716e+06 279191 1617.57 8198.51 1889.23 21943.8 7521.48 5061.05 2086.61 1359.77 813.841 10478.8 75369.2 1.1838e+06 514.061 800.072 1080.02 184.124 177.754 259.565 1554.23 866.806 515.287
threshold=15.817350000000001 11.219900000000001 6.849800000000001 16.029050000000002 16.810900000000004 0 1.0000000180025095e-35 7.7750000000000012 8.0150000000000023 13.417300000000003 13.71635 9.8073000000000015 0.14410000000000003 9.7850000000000019 10.135000000000003 10.225000000000003 17.953850000000006 1.0000000180025095e-35 11.448250000000002 10.655000000000003 7.7950000000000008 1 14.717500000000003 5.3511000000000015 3.1350000000000002 2.4050000000000007 10.3238 7.6050000000000013 14.680450000000002 15.070250000000003
decision_type=2 2 2 2 2 9 2 2 2 2 2 2 2 2 2 2 2 2 2 2 2 9 2 2 2 2 2 2 2 2
left_child=5 2 3 -2 -5 6 7 -1 -9 11 -11 12 13 -7 -15 -14 -6 21 19 20 -19 22 24 -24 -13 -23 -27 -28 -29 -30
right_child=1 -3 -4 4 16 9 -8 8 -10 10 -12 17 15 14 -16 -17 -18 18 -20 -21 -22 25 23 -25 -26 26 27 28 29 -31
leaf_value=348.68493278650061 -0.82143819564214893 -0.12782566738346288 332.04384366738856 1028.5456575093083 -18.52209538000557 -17.419217347961926 -0.00036221014131605821 -0.18124313300338413 -51.581707331754345 1.4393964413700115 0.018827758075392154 -0.087107317908274723 -0.82848827353715171 -0.76113531135623402 -35.588958073533917 0.005269996536118024 -10.711145454868657 -542.76132969205094 0.015145616664599066 -0.22303542850413996 -0.9149943875390556 -0.080370764444925538 0.34818517554739925 0.075175536735392096 0.042046471260976992 0.026256539980332089 -0.0042946350719559011 -1.0298864582392568 -2.5135952678494276 -6.4041772842354181
leaf_weight=0.21365037560488476 2.1229941930363125 43.938387521678443 0.14910001270578765 0.046182797914835844 0.12998953256555978 0.24522014397245975 78.158852834215949 2.763101309537888 0.29211440682411183 12.303850257556588 58.199335164854617 32.893928679168255 9.9434586141035677 0.14244046373056646 0.01125527633473547 30.589375365253098 0.097517535090462432 0.010779182909364915 21.966519035884868 1.2541063771430752 0.155437782406807 62.081689844945544 55.7446803497145 103.45669821124783 171.31435915659659 213.07299927724935 7.6133664827793748 0.69465772973270978 0.21307220792752021 0.14170720061743039
leaf_count=453 97 363 306 174 76 56778 1137 43 647 92 443 482 11567 302 3460 2128 34 510 270 543 185 397 56 120 880 1113 234 127 54 75
internal_value=0.192364 1.85431 36.0646 17.6515 160.945 0.102895 0.644223 18.0271 -5.09573 0.0378099 0.266738 0.0156581 -0.314117 -11.9838 -3.31161 -0.199266 -15.174 0.0357863 -0.253979 -4.41622 -36.0538 0.0462566 0.084424 0.17077 0.0212423 -0.0053986 0.0153487 -0.252945 -2.05683 -4.06758
internal_weight=909.961 46.4842 2.54578 2.39668 0.27369 863.477 81.4277 3.26887 3.05522 782.049 70.5032 711.546 40.9317 0.398916 0.153696 40.5328 0.227507 670.614 23.3868 1.42032 0.166217 647.227 363.41 159.201 204.208 283.817 221.736 8.6628 1.04944 0.354779
internal_count=83146 1050 687 381 284 82096 2280 1143 690 79816 535 79281 74235 60540 3762 13695 110 5046 1508 1238 695 3538 1538 176 1362 2000 1603 490 256 129
cat_boundaries=0 1 2
cat_threshold=128 6
is_linear=0
shrinkage=0.05


Tree=91
num_leaves=31
num_cat=2
split_feature=1 0 3 0 2 2 0 1 0 2 5 0 3 5 1 2 0 0 2 0 0 1 1 1 1 2 0 1 1 1
split_gain=23564.1 362954 11864.3 449165 9.21851e+06 100759 1825.15 1410.52 113260 9905.03 3060.02 61813.2 632.051 977.021 3532.06 504.322 247.005 930.564 755.718 148.003 147.445 2018.44 11195.3 6447.52 304.737 136.888 2098.96 3298.23 16555.1 3261.59
threshold=15.817350000000001 11.175250000000002 0 1.0000000180025095e-35 7.785000000000001 7.9650000000000007 13.417300000000003 9.8073000000000015 0.14410000000000003 10.055000000000001 1.0000000180025095e-35 11.448250000000002 1 1.0000000180025095e-35 14.163950000000002 2.4050000000000007 10.969800000000001 6.0706500000000014 10.385000000000003 0.64970000000000006 6.0091500000000009 15.317600000000001 11.203800000000003 13.175050000000001 12.822250000000002 7.3850000000000007 5.6553000000000013 13.989350000000002 13.692350000000001 15.317600000000001
decision_type=2 2 9 2 2 2 2 2 2 2 2 2 9 2 2 2 2 2 2 2 2 2 2 2 2 2 2 2 2 2
left_child=2 -2 3 4 -1 -6 7 8 9 -4 11 -10 13 14 -9 -14 17 20 -19 -12 21 22 -15 24 -24 -17 -27 28 -28 -29
right_child=1 -3 6 -5 5 -7 -8 12 10 -11 19 -13 15 16 -16 25 -18 18 -20 -21 -22 -23 23 -25 -26 26 27 29 -30 -31
leaf_value=325.77299670038093 14.380547535675738 -0.11192427283152961 -56.416900359036028 -0.00034414231265119023 -0.14449728326181888 -22.387105955376526 0.30072305014125222 0.042489441204562495 -29.588754106689983 -148.61430741862088 0.054327708710116052 -0.17279522430812944 -0.14250005359882487 -0.16023361984921211 0.74230534357295974 0.042362479621107854 0.074773680522622496 -1.1863636510546554 -0.05418696087216629 -0.12379581534368873 0.062355211060163077 0.043595785319888503 -4.8773495554683137 -14.076299047529686 -1.2749084979380161 0.011371471904889945 -49.503290339304108 -0.56958219026876644 -0.58647232702783048 -7.4840190639871684
leaf_weight=0.22730142574711232 4.7474898932924807 48.003283597994027 0.076291977236924893 78.148911724172336 2.0366316139698033 0.6788772046746504 60.734211053082277 72.035846788285795 0.18629782700104147 0.0030287713580548345 25.976879140633333 4.3159989543991406 64.804154914005437 3.6728866977368084 24.049724143403637 156.19853844332704 139.54629694150418 3.0320920633401069 2.8681134789072553 21.162262794888225 58.570812225341797 44.157257430067865 0.093331284848762519 0.23926665195605179 0.15822890307754278 81.131098217518414 0.021232545747895668 2.715468166283082 0.093301413544065862 0.18198159915146161
leaf_count=455 683 367 57015 1137 28 660 535 275 9991 3525 56 131 534 73 82 1023 193 574 118 3517 5 34 113 303 42 624 177 569 59 248
internal_value=0.167048 1.19238 0.103199 0.642532 19.8981 -5.70515 0.0372313 0.0150693 -0.236286 -59.9374 -0.144586 -1.38998 0.0349605 0.0796784 0.21765 -0.018117 0.0302991 -0.0247248 -0.636008 -0.0256376 0.00901678 -0.0556358 -1.10801 -8.2003 -2.61145 0.014667 -0.0367452 -1.33282 -9.65477 -1.00386
internal_weight=899.867 52.7508 847.116 81.0917 2.94281 2.71551 766.025 705.29 51.7208 0.0793207 51.6414 4.5023 653.57 348.424 96.0856 305.146 252.338 112.792 5.90021 47.1391 106.892 48.321 4.16371 0.490827 0.25156 240.342 84.1431 3.01198 0.114534 2.89745
internal_count=83146 1050 82096 2280 1143 688 79816 79281 74235 60540 13695 10122 5046 1812 357 3234 1455 1262 692 3573 570 565 531 458 155 2700 1677 1053 236 817
cat_boundaries=0 1 2
cat_threshold=128 6
is_linear=0
shrinkage=0.05


Tree=92
num_leaves=31
num_cat=1
split_feature=1 3 0 1 2 2 2 2 1 0 1 0 0 1 1 1 6 0 2 0 0 0 1 0 1 1 1 1 1 4
split_gain=22320.1 10149.7 591333 3.2356e+07 249587 48774.6 1902.14 65747.9 2.62802e+06 2818.39 1921.02 1526.67 15242.1 57395.6 1282.28 4298.05 549.287 317.769 3247.45 258.734 3366.19 2186.17 103.39 89.4405 117.234 88.3211 235.048 67.4641 65.8208 56.6939
threshold=15.817350000000001 0 1.0000000180025095e-35 7.3479500000000009 7.8850000000000007 7.8050000000000006 7.9050000000000011 9.5250000000000004 14.717500000000003 13.417300000000003 9.8073000000000015 12.248250000000002 12.505550000000001 14.839450000000001 14.367050000000003 14.163950000000002 1.0000000180025095e-35 10.969800000000001 2.8950000000000005 0.64970000000000006 9.3225500000000014 5.3035500000000004 12.267650000000001 2.0028500000000005 14.919850000000002 11.203800000000003 13.649400000000002 13.836400000000001 14.717500000000003 1.0000000180025095e-35
decision_type=2 9 2 2 2 2 2 2 2 2 2 2 2 2 2 2 2 2 2 2 2 2 2 2 2 2 2 2 2 2
left_child=1 2 3 4 5 -1 9 8 -8 10 -3 14 -13 -14 15 19 17 18 -12 25 21 -21 29 -16 28 -9 -27 -24 -25 -22
right_child=-2 6 -4 -5 -6 -7 7 11 -10 -11 16 12 13 -15 23 -17 -18 -19 -20 20 22 -23 27 24 -26 26 -28 -29 -30 -31
leaf_value=-18.712576420773612 1.2014813847346923 -0.45137770557331214 -0.00032697651229170112 1017.021048315944 -59.377968966428654 -0.13178335851686421 -0.86003892024170059 0.032262775922159898 387.96772756838027 0.38376378611618056 -0.52550848348217682 -0.13861807808308974 -8.1037326623390662 -137.42397772144528 0.034991585478301668 0.55416826373841355 -0.24158046820225018 0.070373396826028722 0.048512832325966766 -3.1930796526696832 -0.0098150414196952127 -15.773949801972018 -1.3721867792396871 -0.29657619695421078 -0.049838028068959463 -0.47130363595331731 0.031025023290264128 -0.0610369433417709 -1.0235223909752136 -0.34873316366529777
leaf_weight=0.47091639041898115 52.175755593746203 23.553485471259421 78.139455856699939 0.079433508217334636 0.23545819628342823 1.4127491712570188 1.4831099023027159 48.414691135103112 0.044768127423223114 49.843313618939987 27.664070274131916 1.4892483396167289 0.091922491034834033 0.009463250500482398 99.541517703246654 60.166272091937259 20.533601170178429 197.54260758044319 225.3393675631188 0.095559571705479601 4.4778853856551883 0.054068125894856628 0.27620562896260081 1.0098166034787404 13.952112519360945 3.3832252739130055 7.4715121161987295 0.15215427145018201 0.45021275125498394 1.7032711452071678
leaf_count=229 1050 57503 1137 347 558 9 10752 3952 140 169 824 67 472 91 266 90 642 359 1182 614 323 1186 113 117 335 119 59 59 65 317
internal_value=0.197043 0.136741 0.639606 26.2928 -10.8438 -4.77698 0.0764424 0.193338 10.5329 0.0254041 -0.0107072 0.128257 -1.41568 -20.1744 0.138441 0.248483 0.0113258 0.022852 -0.0142522 -0.0300621 -0.323152 -7.73919 -0.155266 0.0176374 -0.0944474 0.0033621 -0.125542 -0.906464 -0.520736 -0.103207
internal_weight=921.257 869.081 80.338 2.19856 2.11912 1.88367 788.743 244.267 1.52788 544.476 494.633 242.739 1.59063 0.101386 241.149 126.195 471.08 450.546 253.003 66.0286 6.75914 0.149628 6.60952 114.954 15.4121 59.2694 10.8547 0.42836 1.46003 6.18116
internal_count=83146 82096 2280 1143 796 238 79816 19137 10892 60679 60510 8245 630 563 7615 6832 3007 2365 2006 6742 2612 1800 812 783 517 4130 178 172 182 640
cat_boundaries=0 1
cat_threshold=128
is_linear=0
shrinkage=0.05


Tree=93
num_leaves=31
num_cat=2
split_feature=1 3 4 2 2 6 1 2 1 2 2 2 2 4 1 2 2 2 1 1 2 1 1 3 1 2 2 1 1 1
split_gain=64406.8 4853.43 533804 4.23183e+06 40287.4 1163.07 6624.75 17688.9 6468.57 27894.4 212074 165589 5844.86 924.999 1681.48 1538.3 1870 7887.32 49945.7 1145.33 6097.46 208342 6.15198e+06 735.294 2104.94 496.213 3241.79 919.291 288.653 143.042
threshold=15.817350000000001 0 1.0000000180025095e-35 7.8150000000000004 7.8650000000000011 1.0000000180025095e-35 15.238200000000001 3.7450000000000006 15.154500000000002 10.135000000000003 9.9750000000000032 9.7850000000000019 7.9250000000000007 1.0000000180025095e-35 15.581400000000002 0.41500000000000004 3.2450000000000006 3.0750000000000006 15.512300000000002 13.649400000000002 5.8250000000000011 11.203800000000003 10.781950000000002 1 14.163950000000002 5.5250000000000012 10.655000000000003 10.781950000000002 12.057050000000002 14.200250000000002
decision_type=2 9 2 2 2 2 2 2 2 2 2 2 2 2 2 2 2 2 2 2 2 2 2 9 2 2 2 2 2 2
left_child=1 2 3 -1 -5 13 8 -8 9 10 11 -7 -9 14 19 -15 17 18 -17 20 21 22 -3 24 25 -18 -27 -28 -22 -26
right_child=-2 5 -4 4 -6 6 7 12 -10 -11 -12 -13 -14 15 -16 16 23 -19 -20 -21 28 -23 -24 -25 29 26 27 -29 -30 -31
leaf_value=221.37254488752916 2.8918870068798701 -2122.4283656929183 -0.066226064866031456 -0.19053901480243551 -18.809856628658853 -248.17837132764248 -21.620839831914125 -0.026748107204625917 0.042079468977130469 -0.36709986007118756 -0.06493735423466919 -4.1522375716511535 -15.420520288697581 0.4237958894703126 -3.0286541395106696 -24.740766405663848 0.059157767191297811 0.028415920555558125 -0.27742848014348476 0.037876205061253082 -0.014442730975259419 -0.31465914408633394 -1.0183483709427519 -0.0062978404591063899 0.41675978487650678 -8.7609773713175869 -0.11983248007488229 -3.2146128009839283 -0.94890784703162778 0.28990025536476338
leaf_weight=0.2420602992270634 20.951847928654274 0.0035336061647955877 78.130393417293391 0.72618082165718079 0.4842626537592436 0.016725268771614787 0.12985940278440666 0.63194640774698752 25.0012331863587 1.071072499497963 0.17716743658831885 0.011896697804331779 0.068330284124503482 35.7017649944504 0.45730621380454195 0.24168848730635928 150.22686657617939 9.0791155145525408 1.526038646697998 324.37682454521098 39.446610653556839 4.5232431428506574 0.10398614406585693 122.26162743497116 37.305850982677718 0.11340052128333766 6.4185042229556633 0.24927611314509857 0.84408240496516995 54.951695506504912
leaf_count=616 1050 8236 891 8 765 380 145 184 63 557 15 14 247 224 81 920 475 50 31 887 61442 298 10 1709 12 903 2592 85 116 140
internal_value=0.151592 0.0874073 0.437181 30.5254 -7.63958 0.0473051 -0.27413 -4.67184 -0.135204 -3.60645 -20.4663 -146.749 -1.52881 0.0589657 0.00135621 0.109917 0.0806104 -0.566518 -3.62212 0.00510831 -0.231508 -1.94979 -70.7379 0.0995035 0.145801 0.0402726 -0.378101 -0.235531 -0.0340196 0.341198
internal_weight=915.474 894.523 79.5829 1.4525 1.21044 814.94 27.1082 0.830136 26.2781 1.27686 0.205789 0.028622 0.700277 787.831 369.756 418.076 382.374 10.8468 1.76773 369.298 44.9215 4.63076 0.10752 371.527 249.266 157.008 6.78118 6.66778 40.2907 92.2575
internal_count=83146 82096 2280 1389 773 79816 1605 576 1029 966 409 394 431 78211 71070 7141 6917 1001 951 70989 70102 8544 8246 5916 4207 4055 3580 2677 61558 152
cat_boundaries=0 1 2
cat_threshold=128 4
is_linear=0
shrinkage=0.05


Tree=94
num_leaves=31
num_cat=2
split_feature=1 1 5 5 1 1 1 3 4 11 6 1 4 1 1 1 4 1 1 5 1 5 1 3 1 1 1 1 1 1
split_gain=639621 3.77854e+06 2.94415e+06 1.58579e+06 34602.1 30979.8 6106.01 5092.9 509028 1606.73 1087.82 8159.73 4887.52 4461.55 4267.9 4491.51 702.225 1388.84 1316.3 28070.8 966.121 8881.58 15232.8 775.668 1208.41 688.715 96618.8 211.378 139.213 116.63
threshold=15.817350000000001 16.314600000000002 1.0000000180025095e-35 1.0000000180025095e-35 16.086200000000002 15.910550000000002 15.9777 0 1.0000000180025095e-35 1.0000000180025095e-35 1.0000000180025095e-35 15.238200000000001 1.0000000180025095e-35 14.994250000000003 14.536800000000001 13.356150000000001 1.0000000180025095e-35 15.581400000000002 1.0000000180025095e-35 1.0000000180025095e-35 13.175050000000001 1.0000000180025095e-35 11.516400000000003 1 14.163950000000002 11.203800000000003 1.0000000180025095e-35 14.717500000000003 12.267650000000001 14.880550000000001
decision_type=2 2 2 2 2 2 2 9 2 2 2 2 2 2 2 2 2 2 2 2 2 2 2 9 2 2 2 2 2 2
left_child=7 3 -3 -2 5 -5 -7 8 -1 10 16 13 -13 14 15 -12 17 20 19 -18 21 22 25 24 -20 26 -9 -16 -23 -25
right_child=1 2 -4 4 -6 6 -8 9 -10 -11 11 12 -14 -15 27 -17 18 -19 23 -21 -22 28 -24 29 -26 -27 -28 -29 -30 -31
leaf_value=29.185415197824852 136.33130599580167 -448.24987742764046 349.30442910656353 -10.33950396502739 -2.4596849607952542 -32.673433527541476 -59.072352350022669 -3.3418140560446248 -0.064497490699461951 -0.27186798389300332 -3.7733778153292472 -3.2421844760839784 -13.120485005166103 0.030459453876601712 -0.60625299055734072 -15.606890009036187 5.4594315260529385 -3.3483273675163723 0.039378444239986841 0.015809243628216799 0.054495077373928891 -0.037714584741422745 -76.200927749909383 -0.1199461624505366 0.26583671517313173 -1.0467787049330064 -352.23350071368634 -2.5645291067755811 -0.99604763069357594 0.0034847125867085542
leaf_weight=1.5170055406181706 0.22127866153613407 0.012717549431909031 0.12837348002358343 0.19274401747538705 1.5485644390093358 0.042779734249900558 0.044887361428364247 1.4739120155839345 76.26070117295086 37.903687992897972 0.24597872793670739 0.5011762117260844 0.16692220602841101 24.315997440410506 0.58872897731414231 0.11897083483626048 2.5538185010885277 0.305245732635682 127.08090811778317 32.5828857421875 324.09964003051363 38.339186431661822 0.0072129924206344445 24.471752659967976 109.81197881015657 0.26581972802527287 0.0019870354378667123 0.17991191919547211 0.3827363095115065 87.813420812275197
leaf_count=1389 176 185 265 109 152 56 107 52052 891 2359 196 229 316 188 80 361 3102 57 740 1355 292 4795 18 358 71 8 12785 180 23 251
internal_value=0.152504 27.1325 277.415 9.90901 -5.3862 -21.5478 -46.1902 0.0861483 0.448358 0.0454335 0.0615319 -0.255673 -5.71025 -0.112481 -3.17861 -7.63101 0.0725901 0.0229099 0.119757 0.411465 0.0257326 -0.204604 -3.68987 0.0904038 0.138507 -3.38958 -3.81153 -1.06462 -0.047187 -0.0215013
internal_weight=893.181 2.19135 0.141091 2.05025 1.82898 0.280411 0.0876671 890.99 77.7777 813.212 775.308 26.1177 0.668098 25.4496 1.13359 0.36495 749.191 364.876 384.315 35.1367 364.57 40.4709 1.74893 349.178 236.893 1.74172 1.4759 0.768641 38.7219 112.285
internal_count=83146 1050 450 600 424 272 163 82096 2280 79816 77457 1550 545 1005 817 557 75907 70030 5877 4457 69973 69681 64863 1420 811 64845 64837 260 4818 609
cat_boundaries=0 1 2
cat_threshold=128 4
is_linear=0
shrinkage=0.05


Tree=95
num_leaves=31
num_cat=2
split_feature=1 3 11 3 4 2 1 5 2 1 2 1 1 1 1 1 2 2 2 1 2 4 1 1 1 1 1 1 1 1
split_gain=98177.8 5335.76 1266.62 649.961 984.449 5643.83 1120.99 71879.4 5.02199e+06 939.752 1097.41 4643.33 370.446 208.969 200.932 431.888 178.923 2892.25 145.706 100.154 88.8262 2309.8 7495.06 704.326 1042.5 560.358 275.054 44.002 368.969 48.1428
threshold=15.817350000000001 0 1.0000000180025095e-35 1 1.0000000180025095e-35 3.1950000000000007 13.649400000000002 1.0000000180025095e-35 5.0550000000000006 14.163950000000002 5.5250000000000012 9.9039000000000019 15.773200000000001 7.5256000000000016 10.361100000000002 13.444400000000002 2.8950000000000005 0.41500000000000004 9.4550000000000018 11.203800000000003 7.8850000000000007 1.0000000180025095e-35 15.512300000000002 15.070250000000003 13.444400000000002 10.167800000000002 14.880550000000001 15.730650000000002 14.994250000000003 15.416350000000001
decision_type=2 9 2 9 2 2 2 2 2 2 2 2 2 2 2 2 2 2 2 2 2 2 2 2 2 2 2 2 2 2
left_child=1 -1 3 4 6 -6 7 8 -3 10 -7 -12 16 -9 -13 19 17 -5 -10 -16 -18 22 23 24 25 -22 -26 28 -23 -30
right_child=-2 2 -4 12 5 9 -8 13 18 -11 11 14 -14 -15 15 -17 20 -19 -20 -21 21 27 -24 -25 26 -27 -28 -29 29 -31
leaf_value=0.46185727735050119 4.2933979863975642 -2234.4438520028211 -0.21096377855925527 0.0086253526556783876 1.4253481698595163 0.057263828110372887 0.054670118330858088 -0.021115428398827022 -8.092957194463974 0.21346590225747836 -5.6731910376498789 -0.061328477879127201 -2.0159985583544282 -0.41849178760159034 -1.0792339667257946 -0.1796622708698121 0.033162961484692909 -1.9594182168755383 -0.30482973210264563 -2.4055985221750102 -9.6727324615309183 0.0075247232330090067 -26.562925835121877 -0.67266071310721443 -4.857328801375389 -1.2645269685164975 -9.4854978197464863 0.047477968997638592 -0.89483464855217854 -0.44311436542543126
leaf_weight=74.557865302802554 14.060636058881753 0.0025510275737402879 46.143392297634591 25.243154418127055 8.4537149241419325 141.57925786554512 269.47322199931682 25.23352692957063 0.0062168622389435759 127.11329656373164 0.42292851292195077 4.1800970668707524 0.23218307110516789 3.8076185894597527 0.25422430518748973 1.3052930671649854 96.139207451611213 2.015922393909487 0.17665176614280373 0.32335207823487011 0.020785813359201655 44.522072353748221 0.0301432827939484 1.1116559459516906 0.081467776113416185 0.42435576883263676 0.052979212441609275 31.379469186911592 0.80237232532092706 2.2267845331432561
leaf_count=2280 1050 1029 2359 65 732 337 215 3472 1188 150 3387 81 48 398 21 56 52244 1069 1137 74 10200 801 59 134 191 71 57 14 125 102
internal_value=0.147346 0.0830946 0.0431196 0.0585725 0.0846659 0.152834 0.0227706 -0.271348 -31.3035 0.113742 0.028129 -0.607849 -0.0190233 -0.0732159 -0.254511 -0.68339 -0.0176833 -0.13692 -0.569597 -1.82179 0.000701527 -0.0379933 -1.84989 -1.40942 -2.82255 -1.65715 -6.68107 0.00152208 -0.0288046 -0.562767
internal_weight=921.376 907.316 832.758 786.615 582.332 283.632 298.7 29.2266 0.18542 275.178 148.065 6.4859 204.283 29.0411 6.06297 1.88287 204.05 27.2591 0.182869 0.577576 176.791 80.6521 1.72139 1.69124 0.579589 0.445142 0.134447 78.9307 47.5512 3.02916
internal_count=83146 82096 79816 77457 12277 4838 7439 7224 3354 4106 3956 3619 65180 3870 232 151 65132 1134 2325 95 63998 11754 10712 10653 10519 10271 248 1042 1028 227
cat_boundaries=0 1 2
cat_threshold=128 14
is_linear=0
shrinkage=0.05


Tree=96
num_leaves=31
num_cat=1
split_feature=1 0 1 1 2 0 0 1 1 0 0 1 0 4 1 2 0 2 2 1 2 1 1 0 0 6 0 3 0 2
split_gain=2.79978e+06 1.19443e+07 4.73488e+07 1.03253e+08 75636.1 945904 3.28744e+06 12091.1 4073.29 4.36784e+06 208053 6740.24 3074.41 5695.58 50902.1 2294.07 1426.64 1170.35 4490.28 6007.64 67591.4 1711.15 2681.17 1121.19 12106.5 802.283 628.622 599.465 566.928 846.709
threshold=15.817350000000001 8.680550000000002 15.9777 16.086200000000002 10.655000000000003 15.069100000000002 14.217000000000002 15.658300000000002 7.3479500000000009 0.14410000000000003 12.323050000000002 9.9039000000000019 1.0000000180025095e-35 1.0000000180025095e-35 13.692350000000001 10.655000000000003 6.0091500000000009 5.1250000000000009 9.4550000000000018 15.114450000000001 5.9050000000000011 15.028300000000002 15.238200000000001 6.5633000000000008 11.326000000000002 1.0000000180025095e-35 6.4496000000000011 0 10.371450000000001 2.8950000000000005
decision_type=2 2 2 2 2 2 2 2 2 2 2 2 2 2 2 2 2 2 2 2 2 2 2 2 2 2 2 9 2 2
left_child=7 2 -2 -4 5 6 -3 8 9 -1 23 -10 13 14 -13 -16 -14 28 19 20 -19 -20 -23 26 -25 -21 -11 -15 29 -18
right_child=1 4 3 -5 -6 -7 -8 -9 11 10 -12 12 16 27 15 -17 17 18 21 25 -22 22 -24 24 -26 -27 -28 -29 -30 -31
leaf_value=-407.68367733516095 118.90374098963899 -1326.2679123379191 -118.17496107616819 6846.2860871485582 -18.56351410971287 -7.0717516499455018 -30.763898467911119 1.0987936516794763 1.3822888560793387 -0.28936702846375856 31.168525437153122 4.66925955385351 -0.53598814013336493 0.1223775968406466 -0.093509600677596227 0.44180618289642953 -0.2547174287169528 -2.3815254519058202 -0.10541624246384795 -0.96052519042388662 -133.40296421012502 -0.95918120782011929 -8.2529635715037077 -14.690578011897642 -0.17802369565386569 -4.9793672594122649 0.04554252298252312 -0.06843844974990157 0.069276647779204364 0.050847019754827222
leaf_weight=0.065728567273651062 0.12580814033403348 0.0063710208173181062 0.013545055961157671 0.0087661253316394065 0.20417367324449615 0.1262192577123642 0.021163732861168905 30.301434640617117 10.306988539611551 25.753962485277818 0.53519962017000366 6.9205824034200267 11.763454661105866 247.05301997046337 36.317171322008363 44.581910482858504 37.395999908446967 0.10391475405377681 15.050122857747137 0.38601345038480039 0.010873437235872863 0.56277895130094768 0.16234213308282386 0.15591266491530609 1.8353433357841082 0.18308375436189939 30.728967666625977 45.651829932212024 327.50521210700322 57.575211745739253
leaf_count=54120 105 338 57 314 176 35 25 304 8343 10716 539 287 687 263 221 112 514 70 835 66 389 106 194 2286 268 134 80 475 723 364
internal_value=0.180317 117.756 495.369 2618.18 -38.5093 -64.9957 -330.519 0.116402 0.0833488 -0.317987 0.135764 0.111522 0.0957652 0.200416 0.553573 0.201493 0.00740833 0.0219713 -0.391672 -4.3581 -14.7927 -0.21972 -2.59213 -0.148271 -1.31434 -2.25342 -0.107163 0.0944597 0.0380863 -0.0694725
internal_weight=931.413 0.506047 0.148119 0.0223112 0.357928 0.153754 0.0275348 930.907 900.606 59.0751 59.0094 841.531 831.224 380.525 87.8197 80.8991 450.699 438.936 16.4591 0.683885 0.114788 15.7752 0.725121 58.4742 1.99126 0.569097 56.4829 292.705 422.476 94.9712
internal_count=83146 1050 476 371 574 398 363 82096 81792 68009 13889 13783 5440 1358 620 333 4082 3395 1794 659 459 1135 300 13350 2554 200 10796 738 1601 878
cat_boundaries=0 1
cat_threshold=20
is_linear=0
shrinkage=0.05


Tree=97
num_leaves=31
num_cat=1
split_feature=1 1 0 2 0 1 1 4 1 1 2 2 1 2 4 0 1 2 1 1 1 1 0 1 3 0 2 0 0 1
split_gain=726027 3783.78 323521 41613.2 744027 26888.8 4638.04 48982.8 739044 470633 3662.84 2467.22 22775.4 2404.49 2041.53 1515.04 6720.49 1604.5 1117.2 1042.26 590.422 250.494 157.824 140.455 125.298 690.362 3202.02 2934.76 11784 154.303
threshold=15.658300000000002 7.3479500000000009 12.248250000000002 10.255000000000001 3.4343000000000008 9.9039000000000019 13.175050000000001 1.0000000180025095e-35 12.057050000000002 12.822250000000002 10.225000000000003 9.1550000000000029 12.694800000000003 10.655000000000003 1.0000000180025095e-35 10.409250000000002 14.320600000000001 4.4650000000000007 15.317600000000001 11.813500000000003 14.367050000000003 14.994250000000003 10.526600000000002 15.350350000000002 0 13.277750000000003 3.7450000000000006 12.248250000000002 11.681300000000002 15.477100000000002
decision_type=2 2 2 2 2 2 2 2 2 2 2 2 2 2 2 2 2 2 2 2 2 2 2 2 9 2 2 2 2 2
left_child=1 2 3 10 -5 -3 7 8 19 -10 -1 -9 -13 15 18 16 -8 -18 -15 -7 -16 -22 -17 -23 -24 26 27 28 -26 -28
right_child=-2 5 -4 4 -6 6 13 11 9 -11 -12 12 -14 14 20 22 17 -19 -20 -21 21 23 24 -25 25 -27 29 -29 -30 -31
leaf_value=-0.72495823670206549 12.595339982837084 5.0974753736350333 49.146680768244629 -152.56248984640223 -0.20187312423025447 -1.6289709657237144 -1.8709051376036734 0.042828172415505988 -6.9590353778821878 91.7830155500681 0.043420407430774972 -0.020716537414663734 3.7369692489776307 -0.091329284796597521 0.18274912202678262 0.12086834699079774 -0.31484523925482072 0.040361944772304592 0.70587580350105439 0.022800153450465169 0.010583907125744682 -0.92602428720933672 0.062033781205704588 -0.24629711294528006 -33.085027243606703 0.033742259655785971 -0.57061833341243806 -1.6852321885340811 -2.2573055220034597 -0.018479581966246782
leaf_weight=29.614354052570064 11.78537180461103 2.7174373584765581 0.32953989522055493 0.084852568805166562 1.4390113371073954 1.1620385656213805 5.3338707335665552 101.8775186096548 0.17806898522343151 0.37440455515788762 32.564979553222592 26.527534047661167 4.7552500066036307 5.2671310303281258 138.62877795295267 85.940658569335938 45.246887296438871 106.90962620411653 26.533171443923017 5.3609447479248047 27.012350203709588 0.9009764748773107 171.03087591550894 4.8567703176088193 0.04073965189003953 57.876626792019366 1.7854816701401013 0.36633226871514907 0.12965433351200772 4.3439106426668133
leaf_count=62120 1354 8343 559 3660 1619 300 922 340 197 121 51 214 55 340 260 42 650 521 64 30 229 126 253 134 143 93 257 61 52 36
internal_value=0.266685 0.103281 -0.266976 -0.522595 -8.68569 0.132013 0.115606 0.377493 4.43139 59.9572 -0.322538 0.16209 0.550484 0.0617723 0.205895 0.000633755 -0.126419 -0.0652663 0.573834 -0.271455 0.13763 -0.0532387 0.0628694 -0.352661 0.0417106 -0.0188363 -0.503591 -4.20679 -9.62793 -0.179317
internal_weight=900.975 889.19 64.0327 63.7032 1.52386 825.157 822.44 140.236 7.07546 0.552474 62.1793 133.16 31.2828 682.204 203.199 479.005 157.49 152.157 31.8003 6.52298 171.399 32.7701 321.514 5.75775 235.574 64.5427 6.66612 0.536726 0.170394 6.12939
internal_count=83146 81792 68009 67450 5279 13783 5440 1257 648 318 62171 609 269 4183 1153 3030 2093 1171 404 330 749 489 937 260 895 642 549 256 195 293
cat_boundaries=0 1
cat_threshold=14
is_linear=0
shrinkage=0.05


Tree=98
num_leaves=31
num_cat=2
split_feature=1 11 1 0 5 0 1 1 0 1 1 1 0 3 2 2 0 0 1 1 1 1 1 1 1 0 0 0 1 3
split_gain=88737 3065.55 3307.09 536327 267034 1.68044e+08 12118.5 291063 81416.9 4909.33 15055.7 2350.27 3525 792.062 363.525 294.022 2120.03 6481.59 2871.9 30042.3 32080.7 66488 3699.44 648.177 1403.66 1738.84 283.098 240.697 161.26 110.618
threshold=15.730650000000002 1.0000000180025095e-35 7.3479500000000009 13.417300000000003 1.0000000180025095e-35 11.326000000000002 10.361100000000002 9.9039000000000019 0.64970000000000006 13.175050000000001 12.822250000000002 15.581400000000002 3.6060500000000002 0 0.74500000000000011 7.9250000000000007 4.1110500000000014 11.287150000000002 13.589700000000002 14.994250000000003 15.546550000000002 15.477100000000002 14.880550000000001 14.717500000000003 14.880550000000001 11.448250000000002 12.099050000000002 0.072350000000000012 10.167800000000002 1
decision_type=2 2 2 2 2 2 2 2 2 2 2 2 2 9 2 2 2 2 2 2 2 2 2 2 2 2 2 2 2 9
left_child=1 2 3 4 5 -1 7 8 -4 10 -8 13 -13 27 -15 29 -17 18 -18 22 21 -21 -20 -19 -25 -26 -7 -11 -9 -16
right_child=-2 -3 6 -5 -6 26 9 28 -10 11 -12 12 -14 14 15 16 17 23 19 20 -22 -23 -24 24 25 -27 -28 -29 -30 -31
leaf_value=-14049.630367654883 2.209740019260122 -0.28334789899101176 63.460769952329045 79.73700839503708 -0.0029076953225667408 -0.20527758179489253 0.0045985570646779501 -0.93491776312229291 -49.985928933009319 0.14689273222597929 1.1226917204895508 0.60222979526445197 0.082483050221663426 -0.20251668649151575 0.044758138721465952 -0.040702351910552298 -1.4387817491142592 -0.31547101091772767 -28.622116955614349 -473.93951903531018 -10.861629195125543 -65.373863262722622 -0.92101263083261886 -0.54239287180437201 -0.64733359798610834 -10.360646849625812 -1.7694483210524092 0.053199683930717369 -0.14136145542408046 -0.02497910327022235
leaf_weight=0.0021317362799625475 52.916907700724437 47.703558161448768 0.22902335226535414 0.20945490896701713 82.170562219830231 0.9934440103626403 79.390526727198278 0.78140819838716957 0.016988169970792721 168.07548461104832 48.502390029607739 52.029904805177722 87.457628548141628 23.077681215266864 159.53325428442767 26.630823541278541 0.033543948084121131 1.0131959060614679 0.015750020840536047 0.0014768287717686346 0.0045821699313819408 0.0030569813680625391 0.051341256194688517 0.33221563170013524 0.084123880870519571 0.10186865699077442 0.40810638994519999 115.75958031383456 3.5425227662099523 79.912538217328802
leaf_count=61694 1202 2571 7403 327 5756 68 361 189 922 90 79 63 191 177 144 268 23 113 224 160 6 19 34 23 12 106 92 255 71 503
internal_value=0.215472 0.107575 0.127619 -0.172036 -0.372305 -21.9965 0.157275 2.72509 55.6268 0.143338 0.428627 0.0922454 0.276353 0.0475546 -0.0117059 0.00430499 -0.148187 -1.89232 -13.6298 -18.9959 -104.163 -198.459 -7.42399 -1.05113 -2.48949 -5.96734 -0.660736 0.104982 -0.284771 0.0223101
internal_weight=1030.99 978.068 930.365 83.7837 83.5742 1.40368 846.581 4.56994 0.246012 842.011 127.893 714.118 139.488 574.631 290.795 267.718 28.272 1.64116 0.109751 0.0762073 0.00911598 0.00453381 0.0670913 1.5314 0.518208 0.185993 1.40155 283.835 4.32393 239.446
internal_count=83146 81944 79373 67937 67610 61854 11436 8585 8325 2851 440 2411 254 2157 1812 1635 988 720 466 443 185 179 258 254 141 118 160 345 260 647
cat_boundaries=0 1 2
cat_threshold=6 24
is_linear=0
shrinkage=0.05


Tree=99
num_leaves=31
num_cat=0
split_feature=1 2 2 1 2 1 1 5 2 5 2 2 1 2 11 6 2 1 2 1 2 1 4 1 4 2 1 1 2 1
split_gain=583830 1.52125e+07 1.44055e+07 8250.85 1.703e+06 5506.45 5521.49 10119.1 4012.25 5008.02 1743.1 61174.8 2.35144e+06 1332.12 1012.43 649.804 602.289 427.745 285.916 218.984 160.532 3883.22 15928.7 124.812 190.182 163.166 530.081 968.488 1820.71 1393.04
threshold=15.730650000000002 7.7550000000000008 7.455000000000001 13.175050000000001 3.1950000000000007 13.079150000000002 12.415550000000001 1.0000000180025095e-35 8.0950000000000006 1.0000000180025095e-35 5.9050000000000011 10.225000000000003 10.004750000000001 5.2250000000000005 1.0000000180025095e-35 1.0000000180025095e-35 7.7950000000000008 14.367050000000003 7.6950000000000012 15.350350000000002 10.255000000000001 9.9039000000000019 1.0000000180025095e-35 15.620850000000003 1.0000000180025095e-35 0.41500000000000004 15.512300000000002 15.477100000000002 3.7450000000000006 15.154500000000002
decision_type=2 2 2 2 2 2 2 2 2 2 2 2 2 2 2 2 2 2 2 2 2 2 2 2 2 2 2 2 2 2
left_child=3 2 -2 4 -1 6 10 -8 14 -10 13 12 -12 -6 15 23 -17 -11 -14 -19 -13 22 -22 24 -5 -26 27 28 29 -27
right_child=1 -3 -4 8 5 -7 7 -9 9 17 11 20 18 -15 -16 16 -18 19 -20 -21 21 -23 -24 -25 25 26 -28 -29 -30 -31
leaf_value=82.514621523278421 585.41518406019873 -1.7565643159249718 -2.4607191035695983 0.048312937485181132 0.043345525415245806 0.98731662920018215 -3.6178127901510919 -39.446565341412352 0.57448855466223214 0.14581523331160692 -1606.3737953901341 0.050719399848067039 -5.5922470301815066 0.40621560690740061 -0.19458646097830515 -0.34791687536749449 0.04223263729358908 0.0054439572170099891 -9.960985349370624 -0.38834277054425681 -36.613504206651307 -0.0081676480885992161 -1.9466296164662542 0.099883005088660048 0.017874028301774175 -5.0214796465533453 0.038884479657136137 0.0033535295469037472 -0.37130331821172324 -1.2602983380895516
leaf_weight=0.63014850993763971 0.22037990533355767 8.2145180676785223 0.1976807117462176 282.00356255540544 50.359171447368581 18.908147811890416 0.10905636437729366 0.024053597614255906 79.588670578421983 157.9478930174148 0.0023343787960435616 31.527864456176744 0.088532993646025029 50.810621011465415 57.168275729902291 21.056496148429233 18.656421661376953 41.993448636346244 0.064909168330110692 3.854510590880067 0.03418741447655782 33.142482522013495 1.076652584522737 88.115525764617075 27.242787976638787 0.44135450739584048 11.674961246986967 4.2320542335511826 2.3302938863963636 0.5567045807846055
leaf_count=4000 684 498 20 194 5037 37 55 190 319 410 59993 55 77 1602 1658 627 31 574 131 240 2925 254 3253 42 39 75 21 6 67 32
internal_value=0.270845 13.2171 307.437 0.157227 0.456336 0.178552 0.0871132 -10.0922 0.0871181 0.238142 0.0952217 -0.104808 -31.401 0.22559 0.00376936 0.0286201 -0.164632 0.106788 -7.44031 -0.0276623 -0.0306955 -0.105632 -3.01354 0.0470422 0.0328676 -0.0608459 -0.172336 -0.498508 -1.13663 -2.92354
internal_weight=992.274 8.63258 0.418061 983.641 186.778 186.148 167.24 0.13311 796.863 283.385 167.107 65.937 0.155777 101.17 513.478 456.31 39.7129 203.796 0.153442 45.848 65.7812 34.2533 1.11084 416.597 328.482 46.4782 19.2354 7.56041 3.32835 0.998059
internal_count=83146 1202 704 81944 77609 73609 73572 245 4335 1543 73327 66688 60201 6639 2792 1134 658 1224 208 814 6487 6432 6178 476 434 240 201 180 174 107
is_linear=0
shrinkage=0.05


Tree=100
num_leaves=31
num_cat=2
split_feature=1 1 8 2 3 2 5 1 2 2 1 1 1 2 8 1 3 5 1 4 2 1 1 1 2 1 1 1 1 1
split_gain=79001.4 11151.6 1.05298e+06 131653 7210.24 3286.48 3672.72 2619.94 3245.37 947.862 4377.71 365.023 254.782 578.439 256.408 133.106 129.178 27755.5 50929.5 7009.56 89.8167 347.371 86.2979 50.2177 170.227 44.2128 68.964 24.7203 18.5877 8.70764
threshold=15.730650000000002 13.175050000000001 1.0000000180025095e-35 3.2850000000000006 0 8.0950000000000006 1.0000000180025095e-35 12.057050000000002 3.6550000000000007 2.1450000000000005 15.028300000000002 14.367050000000003 15.070250000000003 0.84500000000000008 1.0000000180025095e-35 15.350350000000002 1 1.0000000180025095e-35 10.781950000000002 1.0000000180025095e-35 10.465000000000002 9.9039000000000019 15.620850000000003 15.198500000000001 7.7950000000000008 14.919850000000002 14.717500000000003 14.994250000000003 11.813500000000003 14.320600000000001
decision_type=2 2 2 2 9 2 2 2 2 2 2 2 2 2 2 2 9 2 2 2 2 2 2 2 2 2 2 2 2 2
left_child=1 2 3 -1 -5 9 -7 16 -9 10 -3 -8 -12 14 -14 25 20 19 -19 -18 -6 -22 23 29 -25 26 -13 -27 -23 -11
right_child=-2 5 -4 4 7 6 11 8 -10 22 12 15 13 -15 -16 -17 17 18 -20 -21 21 28 -24 24 -26 27 -28 -29 -30 -31
leaf_value=6.8670754959884466 2.4539975495655728 -0.72916997930002303 156.52033119994098 1.1928476105581971 0.049183888728696362 0.47760894387188246 0.13241215169598808 0.050010720353918681 -15.365065927984061 0.021626845631243657 0.069313339405753904 -0.072131603336254832 -0.131682605568023 -0.38135989095791079 0.057087887360209671 -0.25696199454706942 -23.32295877357782 -117.34157559182179 -8.6468224941850131 0.011775185735101773 -1.1464926820131427 -0.092041503371043887 0.098377133231548827 -0.30237522898343688 0.038916831665931378 0.04849648837626782 -0.71202602338341459 -0.035575272682693927 0.04126318720808303 0.05187402251757206
leaf_weight=7.5726633074846736 38.8461128214891 23.1215563051652 0.108116345498387 4.1318941185423625 117.3914477870677 90.576639634835828 165.03831225611421 0.075962834060205819 0.062021159856029795 27.302862583185913 79.378166040405631 2.5345854791515445 26.876003412754187 11.699471020090185 54.400718688964844 5.4761626961654661 0.032228630044332074 0.014055436485877926 0.046201107754467063 22.666253225780753 0.73924019410272102 5.1985386078498914 88.53630998372455 4.5861082825786665 17.967689514160156 25.436076883938263 0.50494650326035628 13.323726779926117 5.2619128227233913 185.15487836322455
leaf_count=4277 1202 766 38 831 4628 319 410 12 269 652 13 184 142 176 22 240 61038 1195 37 423 4723 124 92 316 28 46 109 235 14 585
internal_value=0.242349 0.155146 0.532538 0.429195 0.11592 0.0801644 0.211044 0.00732048 -6.87877 0.00378577 -0.0831446 0.0973235 0.00352052 -0.0526499 -0.00533339 -0.0251707 0.0140821 -0.0773396 -34.001 -0.0213568 0.0336593 -0.0990109 0.056306 0.0404564 -0.0304818 0.00519641 -0.178435 0.0195967 -0.0249853 0.047987
internal_weight=1024.06 985.215 163.301 163.192 155.62 821.914 302.89 151.488 0.137984 519.024 195.476 212.314 172.354 92.9762 81.2767 47.2755 151.35 22.7587 0.0602565 22.6985 128.591 11.1997 323.548 235.012 22.5538 41.7993 3.03953 38.7598 10.4605 212.458
internal_count=83146 81944 77609 77571 73294 4335 1543 72463 281 2792 1119 1224 353 340 164 814 72182 62693 1232 61461 9489 4861 1673 1581 344 574 293 281 138 1237
cat_boundaries=0 1 2
cat_threshold=256 4
is_linear=0
shrinkage=0.05


Tree=101
num_leaves=31
num_cat=2
split_feature=3 0 2 2 0 0 0 0 4 0 2 0 2 2 0 6 2 4 5 0 0 11 3 0 2 0 0 0 5 2
split_gain=18427.5 13264.4 40777.5 526373 22021.5 17564.1 555230 558641 14779.6 101825 263982 3.48487e+06 1.1183e+07 9103.13 3071.95 1297.94 771.117 3699.61 67400.2 2279.22 7483.25 16220.4 665.599 288.65 67.1696 48.509 52.1026 40.8838 37.4216 26.5852
threshold=0 9.8891500000000025 5.8250000000000011 9.5250000000000004 12.179000000000002 12.248250000000002 12.323050000000002 12.505550000000001 1.0000000180025095e-35 12.323050000000002 4.1650000000000009 12.018950000000002 3.7450000000000006 2.8950000000000005 13.570150000000002 1.0000000180025095e-35 10.655000000000003 1.0000000180025095e-35 1.0000000180025095e-35 7.4536500000000006 9.1088000000000005 1.0000000180025095e-35 1 11.397250000000001 10.565000000000003 11.826750000000002 11.546750000000001 11.326000000000002 1.0000000180025095e-35 7.3850000000000007
decision_type=9 2 2 2 2 2 2 2 2 2 2 2 2 2 2 2 2 2 2 2 2 2 9 2 2 2 2 2 2 2
left_child=-1 13 8 -4 23 -6 -7 -8 -3 10 11 12 -10 -2 -11 16 19 18 -18 24 21 -21 28 27 29 26 -25 -5 -19 -15
right_child=1 2 3 4 5 6 7 -9 9 14 -12 -13 -14 15 -16 -17 17 22 -20 20 -22 -23 -24 25 -26 -27 -28 -29 -30 -31
leaf_value=0.86599390049729219 -0.58930393742092313 0.051163287600359569 28.426710022125476 -0.17290463946234769 -0.36697885496678645 -0.71530676134689297 -63.877566695942896 -722.70103843891468 721.74354566098782 0.68256982002691091 0.014378508145637837 -0.12748463508472271 -0.41059139874815326 0.048714550292137684 0.01322609487343053 -0.32736488763055005 10.546025211854229 0.14675065817054053 -0.037580337861531907 -95.687265710224636 -1.1918732633682692 -9.2861054277359472 -0.10137712386694085 -2.6118886872930478 0.091839891356008591 -0.75592986531252804 -1.0280040195587794 0.02286430019163983 0.11759455788775974 0.0063492234536787311
leaf_weight=89.389899036258029 50.560133087613281 171.69182745583254 1.7899097759064648 6.7089566494395045 0.16454187421354266 0.19264398069316777 0.0078223303389700176 0.0054659874474012509 0.072258815169352369 27.315971007379552 5.8774665112364737 2.4778864467066315 0.20770685374736889 208.43194827575826 46.022780693889068 17.365663977394661 1.6345206166805848 296.79885913106716 18.881431524006224 0.0067955767118718638 0.19831954051213824 0.027071883901953697 28.142074408928409 0.078202953295504973 88.236629463965073 0.96367572964659276 0.15450271254527259 4.4264343668734911 174.91060847041842 45.030679998819949
leaf_count=2403 3182 569 529 657 25 20 57 641 323 128 149 52 70 18655 108 946 674 1891 1544 401 276 117 418 84 66 135 108 24 639 48255
internal_value=0.208684 0.151166 0.462252 3.04184 -0.535219 -12.5464 -22.2779 -334.877 0.314878 0.867218 6.00275 18.765 185.977 0.0631142 0.262532 0.100613 0.109232 0.14756 0.805623 0.0509026 -4.90128 -26.6227 0.12055 -0.174376 0.0542677 -0.912383 -1.56028 -0.0950844 0.133118 0.0411878
internal_weight=1287.77 1198.38 268.158 14.4922 12.7022 0.370474 0.205932 0.0132883 253.666 81.9741 8.63532 2.75785 0.279966 930.225 73.3388 879.665 862.299 520.367 20.516 341.931 0.232187 0.0338675 499.852 12.3318 341.699 1.19638 0.232706 11.1354 471.709 253.463
internal_count=83146 80743 3679 2280 1751 743 718 698 1399 830 594 445 393 77064 236 73882 72936 5166 2218 67770 794 518 2948 1008 66976 327 192 681 2530 66910
cat_boundaries=0 1 2
cat_threshold=128 516
is_linear=0
shrinkage=0.05


Tree=102
num_leaves=31
num_cat=1
split_feature=1 2 1 3 1 1 1 5 2 1 1 4 1 11 6 2 1 2 2 1 1 1 2 5 1 5 1 1 2 2
split_gain=289406 6.0952e+06 1.79441e+07 8379.98 3251.82 3.07983e+06 4.67648e+06 261810 2152.67 1351.01 9139.5 1424.47 5916.42 665.641 442.028 516.401 189.292 87.1012 169.125 75.9155 47.9228 58.4585 46.5595 76.7114 38.6745 34.0334 42.0275 25.3045 18.6704 7.65314
threshold=15.730650000000002 10.015000000000002 15.910550000000002 0 9.9039000000000019 7.5256000000000016 9.8073000000000015 1.0000000180025095e-35 10.095000000000001 12.576950000000002 12.415550000000001 1.0000000180025095e-35 15.350350000000002 1.0000000180025095e-35 1.0000000180025095e-35 6.7750000000000012 14.367050000000003 4.3250000000000011 4.5050000000000008 14.994250000000003 15.416350000000001 15.350350000000002 2.4050000000000007 1.0000000180025095e-35 14.163950000000002 1.0000000180025095e-35 11.813500000000003 15.154500000000002 10.225000000000003 0.21500000000000002
decision_type=2 2 2 9 2 2 2 2 2 2 2 2 2 2 2 2 2 2 2 2 2 2 2 2 2 2 2 2 2 2
left_child=3 2 -2 -1 5 7 -7 -5 13 10 25 12 -11 14 17 -16 24 22 -19 -18 21 27 23 -6 -13 -10 -27 -21 -9 -25
right_child=1 -3 -4 4 8 6 -8 28 9 11 -12 16 -14 -15 15 -17 19 18 -20 20 -22 -23 -24 29 -26 26 -28 -29 -30 -31
leaf_value=0.62648487255785712 52.523343023593945 -3.0608117198891596 1060.5704431375384 58.869384569647266 -0.01814267348765327 -44.591552547787515 1099.1146959650905 -0.0044171279545743838 0.042605982473212282 1.2505589085086788 1.765363413407945 0.08679430731740774 0.16586192244318415 -0.13814239169492756 -0.35675428206184995 0.019780381908027889 0.021847386411590314 0.049886171119438327 -0.14437686093481086 -0.47649821343688914 -0.089417963775725584 -0.11433605509239304 0.071590101022506444 0.066794546737807547 0.11717481365701257 -0.16828101270625206 0.031418517045118437 -1.063838946037168 0.049738732432215882 0.04527231445296135
leaf_weight=73.199114849381232 0.25406153603055992 4.1310797255359679 0.05343142650648014 0.18954819062856998 45.508584194614343 0.020206328356815122 0.016026932750113028 35.386658005822866 19.821642823886577 13.859757800905497 9.7237339019775373 265.00262365974282 135.2340833039261 60.382623189533092 14.912501136541698 23.384911912605808 28.467897177372222 35.06192751229058 16.465193858911405 0.46954741091082508 7.3548433062445353 0.91204745916411212 238.48873058785804 76.100006103515597 173.23420667239418 5.2779958323184646 5.2605433037957328 0.30089899338782522 28.922586441040039 90.33913683509121
leaf_count=2270 213 414 575 61216 102 7616 85 3179 88 413 16 270 72 1989 493 265 236 11 398 67 128 32 83 21 62 117 42 59 2545 69
internal_value=0.177523 12.9248 227.686 0.137204 0.104779 0.451774 461.3 0.192885 0.087913 0.149891 0.431284 0.13184 0.266695 0.0193021 0.036899 -0.126837 0.0895771 0.0493913 -0.0121895 -0.018233 -0.144487 -0.385218 0.0564357 0.0393837 0.0988037 0.00400566 -0.0685966 -0.705885 0.0199391 0.0551128
internal_weight=1407.74 4.43857 0.307493 1403.3 1330.1 64.535 0.0362333 64.4988 1265.56 664.92 40.0839 624.836 149.094 600.644 540.261 38.2974 475.742 501.964 51.5271 37.5052 9.03734 1.68249 450.436 211.948 438.237 30.3602 10.5385 0.770446 64.3092 166.439
internal_count=83146 1202 788 81944 79674 74641 7701 66940 5033 1602 263 1339 485 3431 1442 758 854 684 409 522 286 158 275 192 332 247 159 126 5724 90
cat_boundaries=0 1
cat_threshold=128
is_linear=0
shrinkage=0.05


Tree=103
num_leaves=31
num_cat=0
split_feature=1 0 0 2 2 0 2 2 1 1 1 2 1 0 4 1 1 1 1 0 1 0 1 1 1 1 2 2 1 1
split_gain=11548.3 7093.78 19396.3 6855.14 6709.24 2834.16 2364.19 4037.99 931.32 6470.67 15934.4 528.909 464.947 2174.1 1894.48 23022.6 1404.99 382.598 836.792 289.6 243.425 140.193 480.871 1273.5 6673.16 40404 115.802 96.989 238.558 94.4702
threshold=15.773200000000001 13.417300000000003 14.217000000000002 1.1050000000000002 2.0550000000000002 11.681300000000002 2.6050000000000004 2.4050000000000007 15.198500000000001 15.447300000000002 15.350350000000002 10.655000000000003 11.813500000000003 6.5633000000000008 1.0000000180025095e-35 9.8073000000000015 11.203800000000003 12.576950000000002 12.415550000000001 12.179000000000002 10.004750000000001 7.7974000000000006 14.880550000000001 14.578600000000002 14.536800000000001 13.649400000000002 7.535000000000001 10.565000000000003 15.477100000000002 7.4260500000000009
decision_type=2 2 2 2 2 2 2 2 2 2 2 2 2 2 2 2 2 2 2 2 2 2 2 2 2 2 2 2 2 2
left_child=1 3 -3 5 -5 -1 7 -6 12 10 -10 27 13 16 19 -16 29 18 -14 26 -17 -19 23 24 25 -23 -15 28 -11 -8
right_child=-2 2 -4 4 6 -7 8 -9 9 11 -12 -13 17 14 15 20 -18 21 -20 -21 -22 22 -24 -25 -26 -27 -28 -29 -30 -31
leaf_value=-0.44329016472564214 -0.59673374795665857 2.1201801630180142 -0.015710483814389303 0.7883545567180863 -0.0017668886674044302 0.045553857691856346 0.042195288443719788 0.58512182112359257 3.6174949664732923 0.049322374901908529 -0.02628304463427102 0.24780007952238733 0.041987609903511018 -0.52357109296967019 -57.299445903655311 -0.76325470844470744 -3.7108897861167587 0.082091852076695115 0.34328360979962785 -0.33933209996983327 -3.7987888059765105 -237.43953339855381 0.017817669623531988 -0.40271054890616204 -0.054471929175641837 -10.48790436969354 -2.6211584965938233 0.084087684363304827 -0.31444794939793208 -0.07346453654067793
leaf_weight=74.145225753873945 57.180591897668592 16.382628905449781 30.266411420448787 38.976560696959496 51.41891152411722 49.407480518864134 63.268163681106437 68.15844714641571 4.6637518643673088 22.819244071841243 8.4122494193988917 53.718041335741617 48.422755911005652 0.086378539525251152 0.020052147302875023 0.18098232150077831 0.2544459401764233 686.46890412172843 43.970493316650391 0.61419779488974857 0.10399388967297191 0.0021061879433888894 31.002946033125337 1.3245635737605685 0.12461460009217815 0.028467116675579038 0.27616815701629766 85.40911865234375 5.6161407306448714 24.488689084728357
leaf_count=2054 1125 259 318 1107 436 119 63155 270 209 31 154 164 159 485 999 28 75 1065 42 132 84 266 282 217 27 579 1079 3 255 7968
internal_value=0.0998501 0.128098 0.734391 0.107354 0.142746 -0.247806 0.121792 0.332756 0.0984613 0.202076 1.27333 0.118479 0.0776796 -0.0306109 -2.07501 -5.51478 -0.000836854 0.0895976 0.185376 -1.0008 -1.87099 0.077289 -0.0242115 -0.904785 -5.1901 -26.1226 -2.1214 0.0574588 -0.0225242 0.00992023
internal_weight=1467.21 1410.03 46.649 1363.38 1239.83 123.553 1200.85 119.577 1081.28 180.639 13.076 167.563 900.638 89.2931 1.28177 0.305028 88.0113 811.345 92.3932 0.976744 0.284976 718.952 32.4827 1.47975 0.155188 0.0305733 0.362547 113.845 28.4354 87.7569
internal_count=83146 82021 577 81444 79271 2173 78164 706 77458 816 363 453 76642 74005 2807 1111 71198 2637 201 1696 112 2436 1371 1089 872 845 1564 289 286 71123
is_linear=0
shrinkage=0.05


Tree=104
num_leaves=31
num_cat=2
split_feature=3 0 1 6 0 2 1 2 2 1 1 0 2 1 1 1 1 2 1 3 1 1 1 1 1 1 1 1 1 0
split_gain=20699 15824.4 37846.4 7411.16 55219.5 128447 205776 2.2985e+06 1755.68 5853.27 982.87 898.2 3696.8 17181.1 28424.9 595.039 417.837 242.493 359.954 207.058 561.403 242.556 245.25 176.727 501.505 229.172 186.428 125.993 118.72 148.686
threshold=0 13.149250000000002 15.238200000000001 1.0000000180025095e-35 5.1990000000000007 10.655000000000003 15.730650000000002 8.4450000000000021 2.4050000000000007 15.028300000000002 15.198500000000001 11.397250000000001 4.6250000000000009 14.752250000000002 14.880550000000001 15.696850000000001 15.070250000000003 10.655000000000003 15.581400000000002 1 14.919850000000002 12.822250000000002 12.694800000000003 12.576950000000002 12.415550000000001 10.167800000000002 9.9039000000000019 14.233800000000002 9.9039000000000019 12.018950000000002
decision_type=9 2 2 2 2 2 2 2 2 2 2 2 2 2 2 2 2 2 2 9 2 2 2 2 2 2 2 2 2 2
left_child=-1 3 -3 8 -5 6 7 -6 9 -2 -7 15 -13 28 -15 17 -11 -10 19 23 21 22 -21 24 25 26 -19 -23 29 -14
right_child=1 2 -4 4 5 10 -8 -9 11 16 -12 12 13 14 -16 -17 -18 18 -20 20 -22 27 -24 -25 -26 -27 -28 -29 -30 -31
leaf_value=1.0036899703851085 -0.90032795865287507 2.6124230125011403 -0.13406932507102251 -0.35867785875322705 -1914.8790260769556 -0.069876155413078594 -30.418296991167008 -28.115921905188788 0.059659923459828429 0.080144902273852445 -4.1764041697188921 -0.0084745132771393786 -0.72351767527674571 -0.99555248151585884 -42.01244820996267 -0.057081229166529392 -0.10467574006653682 -1.9827679221238601 0.22263695624552013 -1.5441332834457686 0.021589450382199924 -2.0438783857655638 0.0501620950808788 0.090283587859458767 0.25887298405802478 0.029824363311000843 -0.32856673368557487 -0.92860564306047133 -0.24301153817126164 -2.1431120804892441
leaf_weight=52.24887045883473 20.184693350457934 20.318309992832148 32.778402672938235 21.834531012179657 0.0017755570406097964 0.43386832880728476 0.22463342689018048 0.017759492785347337 460.6597313757519 84.911880493164062 0.21938763359953417 10.381035842644916 0.60021546263492509 0.10621302947402007 0.070127372568388899 76.604939221309223 47.792957305908516 0.24213160178625825 61.240132076901773 0.30586597967051909 27.840067221881938 0.34779172844039286 1.1412742137908936 441.1779317646168 55.217960357666016 30.123869807658249 0.57431461978306986 0.93142226950348928 0.59608209156634406 0.26628245690437924
leaf_count=2403 2496 534 230 593 468 351 256 122 68850 8 152 106 146 9 129 277 266 4526 22 355 81 87 3 164 3 79 55 80 108 187
internal_value=0.110876 0.0698044 0.91692 0.0368584 -0.858281 -13.0137 -43.9544 -199.605 0.0522584 -0.107073 -1.449 0.073107 -0.356884 -2.56374 -17.3072 0.0775764 0.0135827 0.0871295 0.107568 0.0949367 -0.034259 -0.730212 -0.286806 0.101157 0.168574 0.00742183 -0.819149 -1.23183 -0.786141 -1.15977
internal_weight=1449.39 1397.15 53.0967 1344.05 22.732 0.897424 0.244168 0.019535 1321.32 152.89 0.653256 1168.43 12.02 1.63892 0.17634 1156.41 132.705 1079.8 619.143 557.903 30.5664 2.72635 1.44714 527.336 86.1583 30.9403 0.816446 1.27921 1.46258 0.866498
internal_count=83146 80743 764 79979 1942 1349 846 590 78037 2770 503 75267 685 579 138 74582 274 74305 5455 5433 606 525 358 4827 4663 4660 4581 167 441 333
cat_boundaries=0 1 2
cat_threshold=128 516
is_linear=0
shrinkage=0.05


Tree=105
num_leaves=31
num_cat=1
split_feature=3 1 2 2 1 1 2 2 1 1 1 2 1 1 1 1 2 5 1 1 1 1 2 2 2 1 4 1 1 1
split_gain=37634.7 2.33057e+06 7.93861e+06 3.45213e+06 1.43979e+06 6584.08 2842.44 2029.45 1623.21 551.034 549.005 1893.6 13224.1 346.067 322.235 203.54 115.472 398.224 322.912 80.7509 413.473 309.208 66.5807 9806 58.4528 1728.74 806.313 166.403 42.7459 745.007
threshold=0 15.238200000000001 2.5050000000000003 1.1050000000000002 14.792150000000001 15.696850000000001 1.0000000180025095e-35 2.4050000000000007 15.381700000000002 12.415550000000001 14.367050000000003 10.565000000000003 13.444400000000002 12.576950000000002 15.581400000000002 15.620850000000003 7.9050000000000011 1.0000000180025095e-35 15.350350000000002 14.994250000000003 15.416350000000001 15.154500000000002 5.285000000000001 10.225000000000003 10.255000000000001 9.9039000000000019 1.0000000180025095e-35 7.4260500000000009 14.578600000000002 14.717500000000003
decision_type=9 2 2 2 2 2 2 2 2 2 2 2 2 2 2 2 2 2 2 2 2 2 2 2 2 2 2 2 2 2
left_child=1 2 3 -1 -5 6 -2 8 -8 22 11 12 -11 -13 16 -16 -12 18 28 -19 21 -21 -9 -24 -25 26 -26 -28 -18 -30
right_child=5 -3 -4 4 -6 -7 7 9 -10 10 14 13 -14 -15 15 -17 17 19 -20 20 -22 -23 23 24 25 -27 27 -29 29 -31
leaf_value=-444.28284218535219 0.38964495225586027 0.41145314726136856 786.75838314069324 196.82560812764882 -4.0372386770685269 -0.36359819336642424 -0.35560493610677207 0.044750429612418374 0.023114353594602479 0.077300807861608492 0.046360844337896695 0.21045242542204987 1.2547671517185028 0.085860156249139216 0.18872019246759383 0.072267313714571221 -1.1158324083369544 0.029930238389757377 -0.28845439660522348 -0.52632294970762217 -0.021664060208418892 -2.4172460981717574 -17.484276498739362 0.054232226909466934 -6.337922250002201 0.006410172346849697 -1.227488221492355 -3.2344225774048105 -0.27339204230945857 -4.6035966850271981
leaf_weight=0.032527954949975346 83.410301208495639 24.165033209091188 0.04020875917212835 0.17386597395308079 0.1832406148314476 78.699292210734484 41.820530720275599 77.309175842789074 87.468285757931937 124.54877928045798 148.78468893749604 64.01788330078125 29.492197065149554 430.69538377514914 68.67602215893568 82.714784568281615 0.21239741798254147 25.773060089544 1.1765994818858669 0.73974940226309716 8.0198373493583652 0.30546776909110285 0.080323804287778411 25.493286132812493 0.11868156419285369 30.229929587496017 0.38045879631551222 0.14177213609218592 0.25087672914401477 0.16443684121097457
leaf_count=620 283 233 1350 178 22 1137 2499 6525 112 246 757 16 625 507 53 114 26 345 37 119 106 174 60932 47 2680 239 2716 334 14 100
internal_value=0.121636 1.75191 117.867 48.8403 93.7577 0.0802261 0.107051 0.0881727 -0.0993884 0.109837 0.122761 0.14965 0.302735 0.101983 0.0709696 0.125094 0.0267799 -0.0527277 -0.777019 -0.0152157 -0.143571 -1.07895 0.0146074 -0.0266779 -0.00179933 -0.0480704 -2.61776 -1.77232 -1.6928 -1.98787
internal_weight=1435.32 24.5949 0.429843 0.389635 0.357107 1410.72 1332.02 1248.61 129.289 1119.33 985.572 648.754 154.041 494.713 336.818 151.391 185.427 36.6424 1.80431 34.8381 9.06505 1.04522 133.754 56.4445 56.3641 30.8708 0.640912 0.522231 0.627711 0.415314
internal_count=83146 2403 2170 820 200 80743 79606 79323 2611 76712 3239 1394 871 523 1845 167 1678 921 177 744 399 293 73473 66948 6016 5969 5730 3050 140 114
cat_boundaries=0 1
cat_threshold=128
is_linear=0
shrinkage=0.05


Tree=106
num_leaves=31
num_cat=0
split_feature=0 0 1 2 1 1 1 1 1 5 0 1 4 11 2 0 1 1 0 2 2 0 1 0 0 2 1 1 1 0
split_gain=27197.4 88967.9 666696 1.28961e+06 23620.1 3900.1 3291.98 11843.8 2967.69 61713.1 1.48824e+06 12082.6 520663 2598.39 4783.03 21523.5 1808.71 403.03 172.686 144.921 134.672 319.388 3681.89 3927.5 31640.5 72437.1 80.9482 80.842 127.508 62.5643
threshold=11.826750000000002 12.179000000000002 14.680450000000002 10.655000000000003 14.405750000000003 15.773200000000001 15.447300000000002 15.512300000000002 7.3479500000000009 1.0000000180025095e-35 11.506600000000001 10.361100000000002 1.0000000180025095e-35 1.0000000180025095e-35 2.6050000000000004 10.176900000000002 10.167800000000002 14.631350000000003 6.4496000000000011 10.565000000000003 4.5050000000000008 5.6553000000000013 11.203800000000003 6.7465500000000009 6.7921500000000004 7.2650000000000006 12.576950000000002 15.581400000000002 14.367050000000003 5.151250000000001
decision_type=2 2 2 2 2 2 2 2 2 2 2 2 2 2 2 2 2 2 2 2 2 2 2 2 2 2 2 2 2 2
left_child=5 2 3 -2 -3 8 -6 -8 9 10 -1 12 -10 14 15 -13 -14 -5 -11 20 -16 29 -23 -24 -25 -26 -21 28 -28 -22
right_child=1 4 -4 17 6 -7 7 -9 11 18 -12 13 16 -15 19 -17 -18 -19 -20 26 21 22 23 24 25 -27 27 -29 -30 -31
leaf_value=-331.52572450100035 145.96418986125906 1.3346445291894868 -0.35268168391244714 -3.3508371418946066 -0.0033994777054698923 -0.24370645142644826 -0.00046375012874255196 -4.0924596906808004 90.108852748794803 -0.13902759426056294 -0.30246145814884307 1.3117703080314778 -3.2241594038756483 -0.21368915100194086 0.066210980893190885 0.054766144575497833 -0.026737846357995448 -0.073293606965910738 0.038113003903954688 0.13434649761040823 -0.071597122433082305 0.012994372712141274 -1.1351114345740254 -0.36142709500392689 -23.853187607925594 -242.29854622600303 0.082219100086817876 0.11605680730089916 -0.013729089021180639 0.05481716060768136
leaf_weight=0.035285862185329808 0.24226406216612312 53.486308902327472 3.513416142153496 0.1651487509810578 35.741292938979107 86.313601590297594 6.8011097908020028 2.3896344847075968 0.16432518155624976 24.347738265991257 0.87197762727737638 44.943687438964844 0.49023318152586615 58.680631809187616 155.01586968406309 140.56305776536465 4.5228312019505097 0.2170895693852799 31.633043289803549 95.508774467427997 14.934248026597251 3.9912822973515119 0.23730330167052816 0.1192023977637291 0.023107188727110182 0.0045407952001056085 424.99060910156521 155.66446301036194 37.697423435663325 28.400749206542969
leaf_count=61736 92 799 117 95 278 827 23 358 7860 3959 31 395 699 2242 196 92 21 2 1606 122 187 13 42 4 187 244 343 63 493 20
internal_value=0.14255 0.926658 8.10878 55.7125 0.624691 0.0811249 -0.220425 -1.0644 0.104053 -0.248581 -13.1846 0.121258 2.53132 0.110509 0.127771 0.359307 -0.339417 -1.48938 -0.0389308 0.0809103 0.0436024 -0.029855 -0.436983 -5.11216 -11.5389 -59.7298 0.0915052 0.084888 0.0744017 0.0112519
internal_weight=1411.71 102.556 4.13792 0.624502 98.4183 1309.15 44.932 9.19074 1222.84 56.888 0.907263 1165.95 5.17739 1160.77 1102.09 185.507 5.01306 0.382238 55.9808 916.588 202.726 47.7104 4.37544 0.384154 0.14685 0.027648 713.861 618.352 462.688 43.335
internal_count=83146 1764 306 189 1458 81382 659 381 80555 67332 61767 13223 8580 4643 2401 487 720 97 5565 1914 893 697 490 477 435 431 1021 899 836 207
is_linear=0
shrinkage=0.05


Tree=107
num_leaves=25
num_cat=2
split_feature=3 1 1 0 1 1 6 1 5 0 11 1 3 0 0 1 1 4 1 5 1 0 0 1
split_gain=78436 5.28565e+06 7.88296e+06 7963.53 22040.7 2908.16 2117.55 837.448 15401.5 86947.9 882.854 460.658 122.961 79.2091 74.3133 165.357 30.4495 196.9 24.6109 21.9964 10.9488 15.9276 9.40186 0.102869
threshold=0 15.381700000000002 15.114450000000001 13.149250000000002 15.416350000000001 15.696850000000001 1.0000000180025095e-35 10.781950000000002 1.0000000180025095e-35 11.681300000000002 1.0000000180025095e-35 7.4260500000000009 1 0.072350000000000012 7.3795000000000011 11.203800000000003 13.079150000000002 1.0000000180025095e-35 14.959550000000002 1.0000000180025095e-35 15.477100000000002 7.5786000000000007 1.5717000000000001 14.320600000000001
decision_type=9 2 2 2 2 2 2 2 2 2 2 2 9 2 2 2 2 2 2 2 2 2 2 2
left_child=1 2 -1 5 -5 6 7 8 9 -2 12 22 14 19 15 -9 -15 -18 -19 -14 21 -16 -10 -21
right_child=3 -3 -4 4 -6 -7 -8 10 11 -11 -12 -13 13 16 20 -17 17 18 -20 23 -22 -23 -24 -25
leaf_value=505.01203670987388 -42.322509663233561 0.64637507668051419 -8.894330986252255 1.5127643995782429 -0.009900450125236682 -0.23261175544467211 0.49699314542384831 0.041264323046305305 0.041819012051785509 -0.66082547818092374 -0.11411524897360198 -0.49531087941604501 0.09442241080576802 0.073491509717767564 0.05299617177162716 -0.2155003000136976 0.057842207484112264 -0.27184467055631112 -0.11298093317605094 0.074247265258226045 0.056947812400566337 -0.013836013322911562 0.0015080696335323348 0.076440008124125103
leaf_weight=0.13034044961465902 0.14313325635054974 16.052650710251172 0.17455574870322771 35.396744481715345 72.32958035023718 89.133255330947577 27.511817934487226 17.433147430419915 27.369956970214989 1.0015040001744648 65.92939954915596 4.6769842798373196 518.44525961578506 93.913708329357149 18.899461746215817 9.7925548031920702 90.454466717177397 3.7987766242095278 6.8052538965714655 104.31099433216798 55.469302177429199 16.874874635326709 30.677045847532572 109.77615874980393
leaf_count=2143 68244 208 52 563 201 977 1430 7 2412 96 2105 779 80 89 2 119 159 139 108 49 17 89 3027 51
internal_value=0.129196 2.83209 210.796 0.0768426 0.490417 0.0429647 0.063378 0.0532319 -0.122835 -5.87049 0.0633453 -0.0179471 0.0745309 0.080449 0.0197404 -0.0510889 0.0529942 0.0339461 -0.169892 0.0888547 0.0430383 0.0214712 0.0205152 0.0753716
internal_weight=1416.5 16.3575 0.304896 1400.14 107.726 1292.42 1203.28 1175.77 63.8686 1.14464 1111.9 62.724 1045.97 927.505 118.469 27.2257 194.972 101.058 10.604 732.532 91.2436 35.7743 58.047 214.087
internal_count=83146 2403 2195 80743 764 79979 79002 77572 74558 68340 3014 6218 909 675 234 126 495 406 247 180 108 91 5439 100
cat_boundaries=0 1 2
cat_threshold=128 536
is_linear=0
shrinkage=0.05


Tree=108
num_leaves=26
num_cat=2
split_feature=0 1 0 1 3 5 1 6 1 5 0 11 1 0 3 0 0 1 1 1 5 8 0 0 1
split_gain=8768.67 96101.9 1.41525e+06 3.05343e+06 8509.91 909304 2638.12 3228.09 790.044 19790.2 81892.6 793.934 252.674 134.031 112.885 72.8892 66.9247 120.49 28.4819 21.6166 20.1916 11.5447 11.2821 9.68175 0.0805454
threshold=13.149250000000002 15.416350000000001 14.217000000000002 14.680450000000002 0 1.0000000180025095e-35 15.696850000000001 1.0000000180025095e-35 10.781950000000002 1.0000000180025095e-35 11.762650000000002 1.0000000180025095e-35 7.4260500000000009 11.960000000000003 1 0.072350000000000012 7.3795000000000011 11.203800000000003 13.079150000000002 14.880550000000001 1.0000000180025095e-35 1.0000000180025095e-35 7.5786000000000007 6.4496000000000011 14.320600000000001
decision_type=2 2 2 2 9 2 2 2 2 2 2 2 2 2 9 2 2 2 2 2 2 2 2 2 2
left_child=4 2 3 -2 5 -1 7 8 9 10 -6 14 23 -12 16 20 17 -10 -17 -20 -16 22 -18 -11 -22
right_child=1 -3 -4 -5 6 -7 -8 -9 11 12 13 -13 -14 -15 15 18 21 -19 19 -21 24 -23 -24 -25 -26
leaf_value=-0.33910707611606083 219.07131055824485 -0.028638776555218688 -0.11306261309019972 -1.3854909051126763 -42.018436378801432 96.924551982043255 -0.22082799112925311 0.7231783967360883 0.040720493302014361 -0.0023327961318605427 -0.16900873569152661 -0.10241301159762387 -0.28862690265786106 -1.5131230569897438 0.091224043410225553 0.071249471406419795 0.052841518243949587 -0.16706213299630668 -0.016302828639966068 0.043734186566134675 0.071816717614606521 0.05929002075300889 0.00027271204776174084 0.038967511452713835 0.073773082418469624
leaf_weight=8.6675618451403853 0.23836220957814069 72.636297534447252 8.8188520475015064 0.46051790509537249 0.1441923230887544 0.24714855008814574 89.183237936970045 18.132591611960379 16.798828124999993 26.431310653686715 0.37251318618655627 69.684490311527725 7.5125947358346954 0.36937629314525111 510.00460337771517 92.072283529627427 18.029010772705092 11.93340993520834 18.365304538297522 81.650873253700738 102.49541388268854 46.819309234619141 23.523127247198047 30.639657999670497 108.10001375950212
leaf_count=1732 271 234 288 55 68246 587 977 1430 7 3752 14 2105 779 80 80 89 2 119 202 204 49 6 100 1687 51
internal_value=0.0896347 0.590391 5.31463 73.8042 0.0575243 1.11107 0.0410861 0.0611771 0.050873 -0.117866 -7.53949 0.0609207 -0.0160419 -0.838224 0.0719733 0.0776991 0.0190824 -0.0455782 0.0511828 0.03271 0.0858457 0.0422649 0.0230817 0.0198401 0.0728209
internal_weight=1363.33 82.154 9.51773 0.69888 1281.18 8.91471 1272.26 1183.08 1164.95 65.4696 0.886082 1099.48 64.5836 0.741889 1029.79 912.688 117.104 28.7322 192.088 100.016 720.6 88.3714 41.5521 57.071 210.595
internal_count=83146 848 614 326 82298 2319 79979 79002 77572 74558 68340 3014 6218 94 909 675 234 126 495 406 180 108 102 5439 100
cat_boundaries=0 1 2
cat_threshold=128 536
is_linear=0
shrinkage=0.05


Tree=109
num_leaves=31
num_cat=2
split_feature=3 1 1 1 1 6 1 1 4 5 1 1 11 1 1 1 4 1 1 1 1 1 1 1 3 1 5 1 1 1
split_gain=5771.39 14263 540568 1.73743e+07 230353 10313.9 218517 273141 5111.25 3450.48 2616.86 25419.7 779.652 484.397 542.147 566.509 342.493 1204.45 2963 189.408 121.586 90.1085 83.8823 77.0497 61.21 51.6323 41.3682 2874.75 69.5005 22.0048
threshold=0 15.477100000000002 14.536800000000001 13.175050000000001 14.491350000000002 1.0000000180025095e-35 15.477100000000002 15.817350000000001 1.0000000180025095e-35 1.0000000180025095e-35 15.154500000000002 14.536800000000001 1.0000000180025095e-35 15.696850000000001 11.813500000000003 11.203800000000003 1.0000000180025095e-35 14.367050000000003 13.742700000000001 14.680450000000002 14.405750000000003 15.447300000000002 15.381700000000002 15.581400000000002 1 14.959550000000002 1.0000000180025095e-35 10.781950000000002 7.4260500000000009 10.781950000000002
decision_type=9 2 2 2 2 2 2 2 2 2 2 2 2 2 2 2 2 2 2 2 2 2 2 2 9 2 2 2 2 2
left_child=1 2 3 -1 -5 12 10 -8 -4 -3 11 -7 13 14 15 24 17 18 -16 -13 -18 -12 25 -19 26 -22 27 -2 -28 -30
right_child=5 9 8 4 -6 6 7 -9 -10 -11 21 19 -14 -15 16 -17 20 23 -20 -21 22 -23 -24 -25 -26 -27 28 -29 29 -31
leaf_value=1516.2397796101411 -3.3031928023680361 -0.60514543443702062 0.91191249253165008 -104.15297696461201 -1.5137722312718689 -46.587270190747802 -8.7161851577382965 -100.8282672807385 -1.5213743502689088 0.34844911155638453 -0.37433998987730388 -0.44770788649876725 -0.096898839562423941 -0.042602688032923781 0.0333465221514277 -1.7203079422701018 0.08168048258676941 0.04116998759181232 0.74406758942130335 -2.4219290653815304 -0.0050888215880629988 0.040290738149261929 0.049678570066435251 0.10383205284253361 -0.14613638352454475 -0.15447573000889153 0.028959688538263959 0.049433541875237609 -0.13610085863492025 0.0047594061758399839
leaf_weight=0.019422850170549621 0.66567982907139622 12.025024429174669 15.434453971331031 0.070053683593885918 0.24884705245494843 0.032233424726571203 0.2386735006117201 0.12142621133295983 2.5089654455321631 44.931012179470059 1.5323102383877305 0.42952136357780546 73.115906826938044 86.634818300666211 34.441656095850661 0.49838118807090737 608.9413291600199 71.730802462107988 25.538610406208917 0.16940969624292779 20.369867570010193 9.0453996658325195 101.13200589525012 155.19740299284967 0.18238316468429516 8.0778500911098323 56.168224360484928 16.192955572287246 9.8722901122535998 3.8552732062197128
leaf_count=2241 9522 207 144 270 16 529 299 423 145 140 263 60 2267 396 77 56 191 157 45 319 100 42 108 28 59776 98 4640 6 562 19
internal_value=0.0751705 0.47413 1.75227 64.3665 -24.0608 0.0477325 -1.43807 -39.7765 0.571675 0.147118 -0.206392 -3.33394 0.0616146 0.0712768 0.0801421 -0.0393714 0.0903327 0.136694 0.33596 -1.00612 0.0723219 -0.0197736 0.0283424 0.0840249 -0.0297351 -0.0475079 -0.0113386 -0.0829482 0.00431122 -0.0965414
internal_weight=1359.42 75.2378 18.2817 0.338324 0.318901 1284.18 11.569 0.3601 17.9434 56.956 11.2089 0.631164 1272.62 1199.5 1112.86 87.4352 1025.43 286.908 59.9803 0.598931 738.521 10.5777 129.58 226.928 86.9368 28.4477 86.7544 16.8586 69.8958 13.7276
internal_count=83146 3163 2816 2527 286 79983 1935 722 289 347 1213 908 78048 75781 75385 74581 804 307 122 379 497 305 306 185 74525 198 14749 9528 5221 581
cat_boundaries=0 1 2
cat_threshold=136 516
is_linear=0
shrinkage=0.05


Tree=110
num_leaves=31
num_cat=4
split_feature=0 2 6 5 0 2 2 0 3 0 2 3 3 5 2 2 3 5 0 0 2 0 0 5 0 0 0 0 0 2
split_gain=4760.24 3294.06 10080.5 35907.5 150164 11354.6 9376.35 8225.58 6243.9 64203.6 4614.36 3980.59 254.262 28393.3 16735.3 240.402 863.207 14397.8 11549.9 4175.7 20438.7 231.932 88.252 22.3934 77.0447 208.201 390.31 899.382 18.011 438.763
threshold=14.000600000000002 1.1050000000000002 1.0000000180025095e-35 1.0000000180025095e-35 11.960000000000003 7.8050000000000006 7.7950000000000008 11.397250000000001 0 0.072350000000000012 2.2650000000000001 1 2 1.0000000180025095e-35 7.1250000000000009 10.565000000000003 3 1.0000000180025095e-35 9.9408000000000012 10.027300000000002 8.4450000000000021 6.849800000000001 12.099050000000002 1.0000000180025095e-35 11.326000000000002 0.072350000000000012 11.219900000000001 10.027300000000002 13.570150000000002 2.8950000000000005
decision_type=2 2 2 2 2 2 2 2 9 2 2 9 9 2 2 2 9 2 2 2 2 2 2 2 2 2 2 2 2 2
left_child=1 11 8 4 -4 6 -5 -7 9 -3 -11 -1 15 21 -15 16 17 22 -19 -20 -21 -14 -10 -17 25 -25 27 -27 29 -18
right_child=-2 2 3 5 -6 7 -8 -9 12 10 -12 -13 13 14 -16 23 28 18 19 20 -22 -23 -24 24 -26 26 -28 -29 -30 -31
leaf_value=0.037518727238916298 1.1742123734465657 4.2999176938923318 -99.057365987654137 -3.6918418706302072 -2.8996683912348211 -17.515440373659981 0.051292927429651539 -1.9019441582934691 -0.30216421061278498 -0.046084198924687673 -1.5476218409484872 -0.5795730375610807 -0.00038092652758811791 -8.5176449390433255 -67.526291761528043 0.08556104878111731 -0.30270037909681408 -21.29321701392827 -0.29656613769092921 -47.452393555046939 -2.2494252953402638 -0.70864997280300646 0.035204797971851602 0.064114952565697769 0.10840741912557424 -0.42323902625578613 0.03909648823178026 -4.4572366528853662 0.068259517499578218 0.050948618283772597
leaf_weight=67.048690795898438 9.4115713406340529 9.7796414679832129 0.048482559627367056 2.0709991471109026 0.24975386054841872 0.17472049509545926 8.7062149047851562 0.16309607075329616 3.6858996132978197 20.625277651168972 6.8046146954903994 34.976620667498992 15.70992895960757 0.023622778378254529 0.024453498027112407 456.1589437531905 9.0400537792602886 0.13347315859554632 0.24962355196536437 0.030590179223306396 0.13700955363947287 1.2476516011260521 4.0887734219431877 212.34222968981302 85.91231928611046 3.4839359330765296 8.2474918365478516 0.14387577055373979 71.766212463378906 294.14716984853129
leaf_count=52 482 992 375 600 72 712 3 190 258 200 691 2333 61376 273 761 2851 908 568 11 257 38 248 11 1254 341 1024 18 207 18 6022
internal_value=0.0537245 0.0457186 0.0686293 -1.41033 -18.5315 -0.950941 -0.668005 -9.97733 0.0826515 0.647543 -0.418575 -0.227164 0.0585806 -0.101556 -38.5318 0.0618049 0.0300121 -0.30808 -8.49084 -4.39525 -10.4998 -0.0524917 -0.124739 0.0785134 0.0681472 0.0527208 -0.151017 -0.583224 0.0445474 0.040404
internal_weight=1326.63 1317.22 1215.2 11.4133 0.298236 11.115 10.7772 0.337817 1203.78 37.2095 27.4299 102.025 1166.57 17.0057 0.0480763 1149.57 383.279 8.32537 0.550696 0.417223 0.1676 16.9576 7.77467 766.289 310.13 224.218 11.8753 3.62781 374.953 303.187
internal_count=83146 82664 80279 1952 447 1505 603 902 78327 1883 891 2385 76444 62658 1034 13786 8091 1143 874 306 295 61624 269 5695 2844 2503 1249 1231 6948 6930
cat_boundaries=0 1 2 3 4
cat_threshold=136 2 276 256
is_linear=0
shrinkage=0.05


Tree=111
num_leaves=31
num_cat=4
split_feature=2 4 2 2 3 3 2 6 2 2 2 2 2 3 2 2 2 2 2 2 3 2 2 5 2 2 2 4 5 2
split_gain=3681.63 45111.6 51287.7 15695.5 8626.08 2542.43 1115.18 973.615 784.812 3352.33 3265.4 475.915 4676 810.356 33664 81942.8 187298 9859.17 254482 7348.13 376.878 217.786 731.202 151.743 92.4241 57.7335 45.1826 38.9796 21.2196 19.4079
threshold=1.1050000000000002 1.0000000180025095e-35 0.41500000000000004 0.91500000000000015 0 1 2.4050000000000007 1.0000000180025095e-35 5.1250000000000009 7.7950000000000008 6.4450000000000012 10.095000000000001 10.255000000000001 2 5.455000000000001 6.4050000000000011 8.5250000000000004 3.8750000000000004 3.3250000000000006 5.9650000000000007 3 4.5050000000000008 5.1250000000000009 1.0000000180025095e-35 3.5250000000000004 7.4050000000000011 5.5950000000000006 1.0000000180025095e-35 1.0000000180025095e-35 3.1350000000000002
decision_type=2 2 2 2 9 9 2 2 2 2 2 2 2 9 2 2 2 2 2 2 9 2 2 2 2 2 2 2 2 2
left_child=1 5 -3 -4 6 -1 -2 11 -9 10 -10 13 -13 14 17 19 -17 18 -6 26 -14 -19 -23 -22 -20 27 -16 28 -15 -29
right_child=4 2 3 -5 7 -7 -8 8 9 -11 -12 12 20 25 15 16 -18 21 24 -21 23 22 -24 -25 -26 -27 -28 29 -30 -31
leaf_value=0.20679857716746769 0.55254094480318627 -3.65385767471117 -34.15251585542584 -14.061272658822119 -293.77872915080451 -0.2247137759140172 1.0337209329909185 -0.05885245306319814 -3.1819671846662763 -0.36538708982548762 -16.029483234751488 0.76967742753113755 0.077682182626896759 0.027379361945832372 -3.4982227625015767 -68.044559807035427 -576.12167400784233 0.028763224854995828 -3.2283966788771998 -45.989386154885807 -0.038549300246662865 -6.686094755795768 -0.34465310498670332 -0.28770883923060792 -1.0181983807330741 -0.062871985763516783 -1.2022640725934028 0.028125299195272641 -0.060632057651236741 0.058227607386302518
leaf_weight=52.46908951836815 21.472138402232794 2.9695348708472649 0.17243022003117481 0.22282853713265949 0.0076575120086271866 65.802398682270521 27.414885715762296 54.357727871230608 0.30397242307662664 8.4384477407594574 0.059069141745567544 24.757558822631722 746.68287238519144 15.937509975583907 0.042247153818606914 0.019854830613617858 0.0019962797196059296 11.266370073253904 0.060940615676094545 0.010860135469466653 15.879164547450042 0.051936510653077472 0.36436590552330017 9.9333413262679677 0.21132078766867601 12.631310264024647 0.043482895940542221 69.59825937512818 12.009020077141429 232.14095944417585
leaf_count=220 389 475 414 155 1418 1185 1827 473 111 1066 160 203 5951 15540 27 1087 170 619 78 240 183 781 60 458 114 46780 101 448 1462 951
internal_value=0.0655171 -0.197209 -5.90599 -22.826 0.0908056 -0.0347956 0.682724 0.0608643 -0.129775 -0.567788 -5.27234 0.0718479 0.0932779 0.023639 -0.272221 -27.0229 -114.462 -0.234924 -9.50819 -7.24213 0.0716001 -0.0127347 -1.13579 -0.0968947 -1.51291 0.0408398 -2.3337 0.0460521 -0.0104404 0.0512843
internal_weight=1385.33 121.636 3.36479 0.395259 1263.7 118.271 48.887 1214.81 63.1592 8.80149 0.363042 1151.65 797.253 354.398 12.081 0.118441 0.0218511 11.9626 0.279919 0.0965902 772.495 11.6827 0.416302 25.8125 0.272261 342.317 0.08573 329.686 27.9465 301.739
internal_count=83146 2449 1044 569 80697 1405 2216 78481 1810 1337 271 76671 6795 69876 4695 1625 1257 3070 1610 368 6592 1460 841 641 192 65181 128 18401 17002 1399
cat_boundaries=0 1 2 3 4
cat_threshold=138 8 768 260
is_linear=0
shrinkage=0.05


Tree=112
num_leaves=31
num_cat=1
split_feature=1 5 0 0 3 0 2 1 0 4 2 0 1 0 0 2 0 1 0 1 0 0 1 1 1 1 1 1 1 2
split_gain=8816.41 153877 3.81837e+06 5062.77 5060.41 48091 4992.68 1633.6 1800.74 1419.21 1076.8 6270.4 279.696 131.955 41.289 96.86 303.21 680.689 41.8732 433.264 1436.57 8814.6 20118.5 27.063 84.184 40.9372 13.086 37.3184 11.3923 8.3799
threshold=7.3479500000000009 1.0000000180025095e-35 11.826750000000002 12.248250000000002 0 10.129600000000002 2.1450000000000005 15.696850000000001 14.000600000000002 1.0000000180025095e-35 2.8950000000000005 13.570150000000002 10.361100000000002 11.019700000000002 0.072350000000000012 7.9050000000000011 11.326000000000002 14.680450000000002 11.219900000000001 13.649400000000002 10.581100000000001 8.2948500000000021 15.620850000000003 12.415550000000001 12.576950000000002 15.581400000000002 14.367050000000003 15.070250000000003 14.163950000000002 3.1950000000000007
decision_type=2 2 2 2 9 2 2 2 2 2 2 2 2 2 2 2 2 2 2 2 2 2 2 2 2 2 2 2 2 2
left_child=1 2 -1 -4 5 -2 13 8 10 -3 11 -6 -12 -7 23 29 18 -18 19 -17 21 22 -21 -14 -25 26 28 -28 -26 -16
right_child=4 9 3 -5 7 6 -8 -9 -10 -11 12 -13 14 -15 15 16 17 -19 -20 20 -22 -23 -24 24 25 -27 27 -29 -30 -31
leaf_value=-782.04918677501064 3.602319844208731 -0.72395952588549539 -1.3365604631752612 -11.23847922703553 -1.1402269278198323 0.061572443450556819 1.0421832667670978 -0.1543885171862947 0.32190522945787059 -0.077735941542183204 -0.19821946343891181 0.067119173891953862 0.037053921311829427 -0.046602001628446493 0.069707172528888126 -0.027808757978872375 -0.25899540310375685 -4.1114254518611695 0.05108676801527319 -189.15124118201979 -0.071564105594898564 -0.96586350913758534 -13.801040859734867 0.12425344611716774 0.060905501715491389 0.094106726335406524 0.061408868367063212 -0.02181283440461472 0.078174485169754157 0.048662000675907889
leaf_weight=0.016240305771262231 10.73442779852803 12.509419390541966 0.38309090538039792 0.19469476395204355 12.750280856546395 73.030754089355469 13.274121268337465 88.63052884894023 66.026720476710807 26.48221209623561 9.8195877784903569 68.687339782714844 43.714452304217389 45.916124826199621 93.672352790835021 5.0587876492862121 0.50818902018967826 0.14807089358175474 7.3771967892529622 0.0021149846655636531 0.21052852273016381 0.054765048234020501 0.0072194831445813179 85.206214904785156 216.18923813111104 151.06038038816769 86.381142832858089 15.959512318018978 171.07896336509924 95.551838438091863
leaf_count=61767 1060 4550 38 165 998 38 167 895 106 1489 8390 9 109 188 62 231 187 170 27 242 123 273 11 13 262 29 202 136 51 1158
internal_value=0.0657332 -0.669832 -25.9262 -4.67318 0.0871268 0.358665 0.122454 0.0518887 0.0685349 -0.285059 0.0528037 -0.121909 0.0672926 0.0198147 0.0699745 0.0498913 -0.0801872 -1.12821 -0.0260768 -0.13281 -2.06698 -8.62072 -53.5315 0.0752613 0.0775623 0.0713525 0.0643321 0.0484309 0.0685342 0.0590801
internal_weight=1400.64 39.5857 0.594026 0.577786 1361.05 142.955 132.221 1218.1 1129.46 38.9916 1063.44 81.4376 982.001 118.947 972.181 202.591 13.3669 0.65626 12.7106 5.33342 0.274628 0.0640995 0.00933447 769.59 725.875 640.669 489.609 102.341 387.268 189.224
internal_count=83146 68009 61970 203 15137 1453 393 13684 12789 6039 12683 1007 11676 226 3286 2484 1264 357 907 880 649 526 253 802 693 680 651 338 313 1220
cat_boundaries=0 1
cat_threshold=138
is_linear=0
shrinkage=0.05


Tree=113
num_leaves=30
num_cat=2
split_feature=1 5 4 3 8 4 11 3 5 1 1 1 1 4 1 1 1 1 1 4 1 1 1 1 1 1 1 1 1
split_gain=6670.33 228929 3.46659e+06 5705.31 74052 1.23639e+06 1088.26 927.308 1713.27 827.245 593.705 733.641 4481.8 417.141 367.747 109.122 53.1279 42.5415 13.8583 11.357 6.76184 11.5979 12.3881 5.54991 3.72702 3.19503 0.363894 29.9936 0.221193
threshold=7.3479500000000009 1.0000000180025095e-35 1.0000000180025095e-35 0 1.0000000180025095e-35 1.0000000180025095e-35 1.0000000180025095e-35 1 1.0000000180025095e-35 16.151200000000003 15.620850000000003 14.320600000000001 14.752250000000002 1.0000000180025095e-35 11.813500000000003 15.581400000000002 15.416350000000001 12.576950000000002 13.262450000000001 1.0000000180025095e-35 15.028300000000002 15.070250000000003 15.381700000000002 10.781950000000002 13.079150000000002 13.742700000000001 13.175050000000001 11.203800000000003 14.959550000000002
decision_type=2 2 2 9 2 2 2 9 2 2 2 2 2 2 2 2 2 2 2 2 2 2 2 2 2 2 2 2 2
left_child=1 2 -1 4 5 -2 7 9 18 10 11 14 -13 -3 23 16 20 -16 26 25 28 -22 -23 -5 -21 -19 27 -9 -14
right_child=3 13 -4 6 -6 -7 -8 8 -10 -11 -12 12 15 -15 17 -17 -18 19 -20 24 21 22 -24 -25 -26 -27 -28 -29 -30
leaf_value=-23.774801895704314 103.19918915707996 -0.3531162537935566 -1507.5484290066127 -0.16408756471479621 0.019139467237964336 0.51201407711649105 -0.11432104611012701 0.049180464654234701 -0.58802511178947858 0.25098467958514337 -0.060909989992578399 0.46583998393624837 0.026034639786832514 -0.069106960978331439 0.09499205378436662 0.10812909022364592 -0.060274209746307719 0.016364545040004945 0.0064267764229643826 0.066934392856311073 0.067139868128140309 0.025140456693865883 0.058300689467774891 -0.23627143033472173 0.055287920400745511 0.04578288631903326 0.052248170890375326 -0.56293102327746813 0.015443721174906137
leaf_weight=0.35908613914080945 0.30973324746235675 23.838582414006726 0.0039801038203570718 11.819860469004372 47.194073420319626 5.4693887585939827 70.790331108142254 15.509950637817704 13.125122670241465 86.031851855435207 61.637365728734267 87.956901500338233 16.532865095950527 28.250144985868598 118.78095494886077 87.870803833007812 11.961533103150684 12.654403787575943 74.103894147801455 272.37688741088004 71.116389383906622 57.605860071873181 55.109354920918122 3.4371949457910711 91.859885420284286 34.101432382118873 14.59010791778563 0.20274375383310861 7.0246637434424768
leaf_count=58298 708 4550 3672 1495 81 515 2292 6820 581 198 434 255 138 1489 73 43 191 105 222 55 41 321 41 83 251 102 1 14 77
internal_value=0.0781792 -0.474864 -40.0406 0.100003 0.566398 6.01555 0.0756134 0.087395 -0.0457195 0.101266 0.0894198 0.0992749 0.151145 -0.199085 0.0616665 0.0610479 0.0421874 0.0686363 0.0180756 0.0610193 0.0480971 0.051329 0.0413533 -0.18035 0.0639972 0.0378209 0.0465621 0.0412823 0.0228765
internal_weight=1381.63 52.4518 0.363066 1329.17 52.9732 5.77912 1276.2 1205.41 117.532 1087.88 1001.85 940.209 395.178 52.0887 545.031 307.221 219.351 529.774 104.407 410.993 207.389 183.832 112.715 15.2571 364.237 46.7558 30.3028 15.7127 23.5575
internal_count=83146 68009 61970 15137 1304 1223 13833 11541 7638 3903 3705 3271 1107 6039 2164 852 809 586 7057 513 618 403 362 1578 306 207 6835 6834 215
cat_boundaries=0 1 2
cat_threshold=136 262
is_linear=0
shrinkage=0.05


Tree=114
num_leaves=29
num_cat=0
split_feature=11 8 5 1 1 1 1 1 1 1 1 2 1 1 2 2 2 1 1 1 2 1 1 1 4 1 1 2
split_gain=2616.48 1402.15 1239.46 22704.6 476246 9810.37 1910.82 1380.2 5821.57 852.709 4608.46 439.576 1896.85 6676.57 439.177 436.408 469.398 93.7052 95.5938 47.8434 44.3451 33.9417 29.8104 61.0883 52.6549 21.9364 15.6147 10.0085
threshold=1.0000000180025095e-35 1.0000000180025095e-35 1.0000000180025095e-35 15.773200000000001 16.577300000000005 11.203800000000003 10.167800000000002 15.773200000000001 15.447300000000002 14.717500000000003 15.477100000000002 10.655000000000003 14.367050000000003 14.959550000000002 5.5250000000000012 10.655000000000003 3.7450000000000006 14.163950000000002 10.361100000000002 12.576950000000002 10.655000000000003 12.934450000000002 13.262450000000001 15.028300000000002 1.0000000180025095e-35 15.114450000000001 15.416350000000001 10.565000000000003
decision_type=2 2 2 2 2 2 2 2 2 2 2 2 2 2 2 2 2 2 2 2 2 2 2 2 2 2 2 2
left_child=1 2 3 5 -5 -1 14 8 11 15 -11 21 17 -14 -4 16 -7 18 -13 -17 27 -8 -23 24 -24 -25 -15 -12
right_child=-2 -3 6 4 -6 9 7 -9 -10 10 20 12 13 26 -16 19 -18 -19 -20 -21 -22 22 23 25 -26 -27 -28 -29
leaf_value=1.4097595669014962 -0.19815829063620638 0.37623955405661119 -0.07866606553684044 -32.842604426308561 76.223698763252798 -0.33612534240834685 -0.032799450973365701 -0.10495468748486106 1.154857517999736 0.56384029874159747 0.037963615103812597 0.022977445202620198 1.382534493199421 -0.027252476699049545 -0.34531516353734704 0.10508298534557162 0.020312855009441785 0.070897338819306752 -0.22625296977200013 0.060479772393251099 0.095728569633539956 0.067940409598232832 0.010172286639672913 0.066550229910391806 -0.11787282284440914 0.024122155375846648 0.051321907800191857 0.065043499428666926
leaf_weight=14.830875640035059 74.324332382761213 46.578411786013703 29.896543527427269 0.24422909157829936 0.16959199891708904 13.908239929977325 16.3793736898823 88.775484487800554 12.962219142523223 59.160766323684271 74.43909150242456 13.744139364746058 12.900604465989799 8.8494146021641331 31.938219949155751 87.897652916481832 27.499039590848753 148.55406000030359 5.3430951823582591 190.25442083729297 88.677411121212941 74.246985761827318 32.892192840576271 68.965034485533153 10.621499545149389 54.57125881677085 22.14611791074276 62.995948791503906
leaf_count=69766 2707 151 1520 218 134 155 111 625 389 299 94 14 203 181 5235 26 90 57 354 127 44 16 161 47 168 243 10 1
internal_value=0.0903677 0.106871 0.096856 0.147095 11.8549 0.139276 0.0476262 0.0762198 0.109577 0.108123 0.170958 0.0807003 0.134113 0.426711 -0.216393 0.0520303 -0.0994107 0.0574978 -0.0467897 0.0745746 0.0681626 0.0368515 0.0415794 0.029863 -0.021083 0.0478079 0.0288884 0.0503762
internal_weight=1373.77 1299.44 1252.86 620.077 0.413821 619.663 632.786 570.951 482.176 604.833 285.273 469.214 211.537 43.8961 61.8348 319.559 41.4073 167.641 19.0872 278.152 226.112 257.676 241.297 167.05 43.5137 123.536 30.9955 137.435
internal_count=83146 80439 80288 70954 352 70602 9334 2579 1954 836 438 1565 819 394 6755 398 245 425 368 153 139 746 635 619 329 290 191 95
is_linear=0
shrinkage=0.05


Tree=115
num_leaves=31
num_cat=3
split_feature=3 2 3 3 2 6 1 0 2 1 1 2 1 1 0 1 2 1 2 0 0 1 0 1 2 1 1 2 1 0
split_gain=10150.3 4790.66 5190.39 3340.5 723336 8.90263e+06 1850.3 1488.54 545.074 308.987 8075.84 31327.2 72643.1 212.143 297.2 84.4209 178.28 70.8447 59.3661 112.045 334.98 48.3172 30.3677 25.5928 41.1471 22.0171 14.9645 2712.13 9.85414 19.2854
threshold=0 1.1050000000000002 1 2 3.0050000000000003 1.0000000180025095e-35 15.696850000000001 13.570150000000002 2.8950000000000005 14.717500000000003 14.994250000000003 10.655000000000003 14.792150000000001 14.405750000000003 11.326000000000002 12.415550000000001 3.7450000000000006 14.491350000000002 10.255000000000001 10.129600000000002 12.248250000000002 12.576950000000002 1.0000000180025095e-35 15.581400000000002 7.9050000000000011 15.620850000000003 7.5256000000000016 5.1250000000000009 15.070250000000003 13.277750000000003
decision_type=9 2 9 9 2 2 2 2 2 2 2 2 2 2 2 2 2 2 2 2 2 2 2 2 2 2 2 2 2 2
left_child=-1 2 -2 4 -3 -6 7 8 -5 13 11 12 -11 15 17 16 -10 -15 26 22 -21 -17 -20 24 28 -25 -18 -28 -12 -30
right_child=1 3 -4 6 5 -7 -8 -9 9 10 23 -13 -14 14 -16 21 18 -19 19 20 -22 -23 -24 25 -26 -27 27 -29 29 -31
leaf_value=0.81113849619400102 0.031436872784911501 10.949549632060465 -0.67425228343002264 -0.12790317469659837 -1316.2933426455031 -6.0295930940042224 -0.15015050902877744 0.31934737737220692 -1.3447862972784581 15.944093907894228 0.075690552608915523 0.023802694275315461 1.8479664130306773e-05 -1.7282990861774548 -0.13524618457925977 0.10312101581256734 0.054809884851816676 -3.8234612094109885 -0.0010189566055273361 -5.4985741715253882 -0.35670191346172531 0.062676061101038461 -0.1340109989733437 0.09823652822146639 -0.0070566644678925761 0.059160092835019468 0.048119972630173057 -6.6576618187075782 -0.014608571956077799 0.061206625600517074
leaf_weight=35.633815597530756 66.781707763671875 2.8288899251892872 35.663121084876821 32.677306132101876 0.01371327708560377 0.23728416709002431 88.340392044621694 65.240460643834808 0.23752059042661144 1.1146540641784766 79.444100750149147 10.761417871257024 1.989437937736513 0.084270206815266174 0.34644413082686287 88.46923828125 73.422466296161801 0.077409315177887877 17.553793163487839 0.036720226121639388 0.23053824587927441 446.67348776720769 5.6817613802996716 88.568153381347656 23.789642931549508 60.787299715739209 27.897668362487774 0.15160211246511934 9.9651475369713136 52.996788159485632
leaf_count=760 62 266 2045 1923 1354 45 901 412 2278 66 40 136 147 76 64 37 56997 194 3370 421 167 1291 1719 45 434 95 128 7374 296 3
internal_value=0.0777101 0.0506035 -0.276975 0.0794813 0.878727 -77.616 0.0693311 0.0877858 0.0730177 0.0796477 0.119207 1.30023 5.72541 0.059929 -0.961323 0.0607148 0.023756 -2.73143 0.026357 -0.0452477 -1.06317 0.0693624 -0.0335393 0.0673117 0.0538129 0.0823325 0.042942 0.0118762 0.0639815 0.0492072
internal_weight=1317.7 1282.06 102.445 1179.62 3.07989 0.250997 1176.54 1088.2 1022.96 990.28 329.417 13.8655 3.10409 660.863 0.508124 660.355 125.212 0.16168 124.975 23.5028 0.267258 535.143 23.2356 315.551 166.196 149.355 101.472 28.0493 142.406 62.9619
internal_count=83146 82386 2107 80279 1665 1399 78614 77713 77301 75378 1262 349 213 74116 334 73782 72454 270 70176 5677 588 1328 5089 913 773 140 64499 7502 339 299
cat_boundaries=0 1 2 3
cat_threshold=8 2 128
is_linear=0
shrinkage=0.05


Tree=116
num_leaves=31
num_cat=0
split_feature=1 8 1 1 1 1 1 0 0 0 11 1 1 1 1 1 0 0 0 4 1 0 0 0 1 1 1 1 1 0
split_gain=5429.56 4502.27 2224.01 17197.9 216783 401730 183044 1.58442e+06 8726.25 1925.92 2041.04 9025.34 18913.8 1709.04 4106.52 1093.58 1067.62 597.128 396.963 362.862 1205.29 513.774 104.555 518.802 28.5025 22.0391 15.9612 7.58272 7.15378 16.2314
threshold=15.773200000000001 1.0000000180025095e-35 14.367050000000003 14.994250000000003 14.752250000000002 14.449450000000002 14.578600000000002 11.546750000000001 13.149250000000002 10.129600000000002 1.0000000180025095e-35 15.477100000000002 15.447300000000002 7.3479500000000009 10.361100000000002 15.658300000000002 1.8578500000000002 11.069350000000002 6.4496000000000011 1.0000000180025095e-35 13.794700000000001 7.3795000000000011 0.14410000000000003 7.9489500000000008 15.416350000000001 13.175050000000001 12.576950000000002 14.163950000000002 15.070250000000003 15.069100000000002
decision_type=2 2 2 2 2 2 2 2 2 2 2 2 2 2 2 2 2 2 2 2 2 2 2 2 2 2 2 2 2 2
left_child=1 2 8 4 5 -4 16 -8 13 10 11 12 -5 18 -15 -13 -7 -6 -1 20 21 -16 26 -24 28 -23 -21 -28 -11 -30
right_child=-2 -3 3 9 17 6 7 -9 -10 24 -12 15 -14 14 19 -17 -18 -19 -20 22 -22 25 23 -25 -26 -27 27 -29 29 -31
leaf_value=-0.30574622780709665 -0.28510283444014839 0.91296874813670092 87.73674218029862 0.61656548265185762 -0.82091610187465358 -0.82030676049324613 293.11707646280433 -0.86303868825262198 1.4394962083450835 0.063219885571862755 0.025736500483043906 0.067573179137629058 4.2962586276633044 0.92135456469435972 -0.32260115145082752 0.34561121483053014 -4.4330480283154925 -0.039951610777397305 -0.066133401082863391 0.079007768191969405 -1.1207517738294817 -0.0519475879034502 0.029457116637527682 -0.57268975104387199 0.010090149971817288 0.044140972079032802 0.050443531716237333 0.065998979159284307 0.022185229257857104 0.060810176467806856
leaf_weight=39.925106048584013 86.475759700877234 17.864473745939904 0.1900657032472538 23.476659205616272 3.3371313472935382 0.63694834760087415 0.052944024607568752 0.34121613064993817 11.180375111017154 65.769146276744934 77.664601666231704 88.665507562359437 4.1023963987827328 13.476598534989874 12.162050385156219 58.831300485994404 0.30119332749363448 9.1826812014285402 30.481587754479136 115.74321799222287 2.6043340259409851 6.7106742572220872 70.497268946465951 3.7683566803406867 59.338325323045865 53.883123397827184 177.23190033356553 140.40860091459314 52.12719808728805 56.877460479736328
leaf_count=64830 1125 133 150 390 311 52 245 53 475 59 188 179 36 8597 402 99 171 136 2798 92 415 220 335 624 314 157 230 45 270 15
internal_value=0.0975071 0.125152 0.113215 0.193116 1.91822 19.734 10.0327 38.6247 0.0541914 0.143359 0.239071 0.333707 1.16392 0.030967 0.0584665 0.178473 -1.98019 -0.248116 -0.202009 0.0385204 -0.0638594 -0.0260273 0.0537186 -0.00109678 0.0400314 0.0334993 0.0631118 0.0573196 0.0501969 0.0423393
internal_weight=1283.31 1196.83 1178.97 500.895 14.0422 1.52237 1.3323 0.39416 678.073 486.853 252.74 175.076 27.5791 666.893 596.486 147.497 0.938142 12.5198 70.4067 583.01 75.3602 72.7558 507.649 74.2656 234.112 60.5938 433.384 317.641 174.774 109.005
internal_count=83146 82021 81888 2668 1118 671 521 298 79220 1550 892 704 426 78745 11117 278 223 447 67628 2520 1194 779 1326 959 658 377 367 275 344 285
is_linear=0
shrinkage=0.05


Tree=117
num_leaves=31
num_cat=0
split_feature=8 1 1 2 1 2 1 2 1 2 1 2 4 1 2 1 1 1 1 1 1 1 1 1 1 1 1 1 1 1
split_gain=11028.8 3965.42 2656.66 3601.57 1625.16 4717.96 2716.05 2161.64 1321.88 122.575 100.921 104.815 65.1042 106.638 2106.14 12409.1 33155.9 35602.2 21.5822 10.9933 123.309 8.46825 170.976 392.183 1376.03 2278.28 51.2547 11.5048 5.78692 3.76133
threshold=1.0000000180025095e-35 15.773200000000001 15.198500000000001 8.1250000000000018 7.4260500000000009 5.8250000000000011 10.781950000000002 1.9550000000000003 15.477100000000002 2.8950000000000005 11.813500000000003 6.3550000000000013 1.0000000180025095e-35 13.262450000000001 4.5650000000000004 15.070250000000003 14.839450000000001 14.449450000000002 12.576950000000002 15.620850000000003 15.581400000000002 14.367050000000003 14.959550000000002 14.839450000000001 14.578600000000002 14.631350000000003 14.405750000000003 14.449450000000002 15.070250000000003 13.175050000000001
decision_type=2 2 2 2 2 2 2 2 2 2 2 2 2 2 2 2 2 2 2 2 2 2 2 2 2 2 2 2 2 2
left_child=1 2 4 8 5 -1 -6 -8 -4 -9 11 -11 13 29 -15 16 17 -16 -14 20 -5 -20 23 24 26 -26 -23 -28 -24 -12
right_child=-2 -3 3 19 6 -7 7 9 -10 10 12 -13 18 14 15 -17 -18 -19 21 -21 -22 22 28 -25 25 -27 27 -29 -30 -31
leaf_value=0.7238822618681251 1.9618623734424248 -0.28121721818417839 0.60596513931219032 -0.073265627593018023 -1.0751901155074488 -0.054017299397356638 -0.25316497438444435 -0.041342291120717842 0.26637232037114628 0.027187240502327834 0.021762024144939256 -0.29863036754787531 0.081474272340530965 0.051144079869578286 -52.112063914893362 -0.48418372389974157 -6.931975815693054 -260.4594867078942 0.061069728732274231 0.03822052674709308 0.089066359693755315 0.047801432182037938 0.071253614840147431 0.025918574038952015 -0.43475993717520334 -7.6095986108421521 -0.58391979662487425 -0.25916148205019873 0.049894160814200339 0.052683646440078918
leaf_weight=32.146327066130823 7.6495433428717652 80.753436252793108 55.659251763962608 13.497064392392899 5.6411423947898802 49.513771301767349 63.860367937570345 34.85064315796069 59.065857973501316 6.3199240778744015 23.093034870922693 4.0503760395760802 110.03583621205257 7.7488547760786419 0.008643575469070526 0.49250023853894065 0.050698246146416548 0.002688062807707497 380.63715361892457 47.216411092390246 87.785867055615313 1.3413923643529675 83.975683587279377 9.3463795982125308 0.29727885141983212 0.17623516444187548 0.51934297475963831 0.57424605711246879 50.95074006767129 17.129522323608398
leaf_count=9860 163 1095 362 302 8430 58389 951 241 373 54 194 123 111 101 351 67 122 149 835 111 26 37 105 95 40 181 41 112 98 27
internal_value=0.0692319 0.0574301 0.0812933 0.220707 0.0397225 0.252211 0.0180626 0.0258155 0.431127 0.0501673 0.0547445 -0.100069 0.0570835 0.00125375 -0.161881 -3.13863 -24.2142 -101.536 0.0613309 0.0581453 0.0674338 0.0571316 0.0469467 -0.131869 -0.638915 -3.10513 -0.159326 -0.413388 0.0631879 0.0349306
internal_weight=1234.39 1226.74 1145.99 263.224 882.763 81.6601 801.103 795.462 114.725 731.601 696.751 10.3703 686.38 48.5259 8.30338 0.55453 0.0620299 0.0113316 637.854 148.499 101.283 527.818 147.181 12.2549 2.9085 0.473514 2.43498 1.09359 134.926 40.2226
internal_count=83146 82983 81888 1174 80714 68249 12465 4035 735 3084 2843 177 2666 1011 790 689 622 500 1655 439 328 1544 709 506 411 221 190 153 203 221
is_linear=0
shrinkage=0.05


Tree=118
num_leaves=31
num_cat=0
split_feature=8 1 5 1 1 1 1 2 0 1 2 2 2 1 2 1 1 0 2 2 1 2 0 0 1 1 1 2 0 1
split_gain=75950.7 4610.13 3263.51 35810.8 5324.38 3350.68 61895.2 1.42542e+06 3.52609e+06 634237 11549.9 2396.48 697.397 280.914 528.706 279.439 278.379 21428.3 243.384 170.768 76.2894 64.3536 29.0711 266.933 1558.93 11416.4 443.317 9.35893 4.10155 45.3819
threshold=1.0000000180025095e-35 15.773200000000001 1.0000000180025095e-35 11.203800000000003 15.416350000000001 13.649400000000002 15.238200000000001 8.0950000000000006 6.6820500000000012 14.994250000000003 4.4250000000000007 0.50500000000000012 1.9550000000000003 12.694800000000003 10.255000000000001 7.5256000000000016 11.813500000000003 1.0000000180025095e-35 10.655000000000003 3.7450000000000006 14.631350000000003 10.565000000000003 7.7974000000000006 12.933400000000001 14.959550000000002 14.491350000000002 14.405750000000003 10.225000000000003 7.7317000000000009 14.163950000000002
decision_type=2 2 2 2 2 2 2 2 2 2 2 2 2 2 2 2 2 2 2 2 2 2 2 2 2 2 2 2 2 2
left_child=1 2 3 -1 12 18 7 10 9 -9 -7 -8 -4 14 15 27 17 -16 19 -5 -10 -13 28 24 25 26 -24 -14 29 -15
right_child=-2 -3 4 5 -6 6 11 8 20 -11 -12 21 13 22 16 -17 -18 -19 -20 -21 -22 -23 23 -25 -26 -27 -28 -29 -30 -31
leaf_value=4.5011629190772391 13.129587741748836 -0.29687458115167548 -0.13681777778987184 -0.18925527889148017 1.0152361099693357 -4.0883210932950771 0.50019155814355709 325.85984743815038 -0.27752137380768344 155.77810572771645 -0.011323922869549776 0.0040595547970771603 0.015240950004383741 -0.027467656439223442 -0.14015848677658532 -0.30123421209170465 0.013369078278886363 -14.895135719877699 0.069015881229503209 0.028359398660319397 -1.5055133062281749 0.071084395948899426 -3.0016919756576068 0.050191703932950915 -0.034983098879369748 -29.292054926038006 -0.18111032106895558 0.057728607201643273 0.067081427019452342 0.059102071902359776
leaf_weight=4.8045341574465956 1.1174983157434315 72.849917297957973 71.894805910770003 16.335733413735831 13.45039964544844 2.2546844777730035 35.86843521951198 0.10749179291493122 0.25965239480220181 0.11184277156480776 7.5681542733125768 49.001193312350978 17.342618959202333 16.2731994815598 15.688639039773218 6.2887951438880512 6.6583842907895923 0.24998672934584476 253.39934272714589 20.11682218738499 0.24659451631004004 133.06528910327796 0.19545053241219984 87.434232112851674 7.5190349107554502 0.03760417193468768 0.48498229123651532 51.301055908203118 67.24981689453125 217.16211422477124
leaf_count=69822 163 1095 1368 180 542 369 47 73 60 16 107 148 2678 396 1305 728 72 1654 79 106 65 74 663 143 329 281 53 18 7 505
internal_value=0.100741 0.0883521 0.11381 0.204334 0.0320515 0.164506 0.307689 4.04829 71.6758 239.132 -0.947137 0.126638 0.00867805 0.0298578 -0.0461605 0.0177687 -0.258152 -0.37158 0.0516383 -0.0691618 -0.87568 0.0530454 0.0485633 0.0245571 -0.247547 -2.47344 -0.991307 0.0469942 0.0562015 0.0530671
internal_weight=1176.34 1175.22 1102.37 523.14 579.231 518.335 228.483 10.5484 0.725581 0.219335 9.82284 217.935 565.781 493.886 97.5295 74.9325 22.597 15.9386 289.852 36.4526 0.506247 182.066 396.356 95.6713 8.23707 0.718037 0.680433 68.6437 300.685 233.435
internal_count=83146 82983 81888 71146 10742 1324 959 690 214 89 476 269 10200 8832 6455 3424 3031 2959 365 286 125 222 2377 1469 1326 997 716 2696 908 901
is_linear=0
shrinkage=0.05


Tree=119
num_leaves=31
num_cat=2
split_feature=3 1 0 0 1 0 0 6 11 1 5 1 3 0 1 1 1 1 0 0 1 1 0 0 1 1 4 1 1 1
split_gain=44069.1 9.04133e+06 5.71484e+07 1.51509e+06 254458 189409 3286.4 1699.61 561.539 197.155 40909 24876.5 166.164 526.706 2245.21 486.905 65.202 59.1961 38.448 32.7041 24.0711 41.7303 294.907 171.174 501.67 50.4327 19.7365 12.2632 1.72389 3.30928
threshold=0 14.994250000000003 11.448250000000002 11.681300000000002 7.3479500000000009 1.0000000180025095e-35 14.000600000000002 1.0000000180025095e-35 1.0000000180025095e-35 11.813500000000003 1.0000000180025095e-35 11.203800000000003 1 10.969800000000001 13.262450000000001 16.151200000000003 7.4260500000000009 15.620850000000003 1.0000000180025095e-35 1.5717000000000001 15.581400000000002 14.367050000000003 12.099050000000002 11.069350000000002 14.959550000000002 15.283200000000003 1.0000000180025095e-35 12.576950000000002 14.163950000000002 12.822250000000002
decision_type=9 2 2 2 2 2 2 2 2 2 2 2 9 2 2 2 2 2 2 2 2 2 2 2 2 2 2 2 2 2
left_child=1 3 -3 4 -1 -6 7 8 9 10 11 -2 15 14 -14 17 19 20 -18 -12 21 27 23 24 -23 -26 -15 -11 29 -29
right_child=6 2 -4 -5 5 -7 -8 -9 -10 12 16 -13 13 26 -16 -17 18 -19 -20 -21 -22 22 -24 -25 25 -27 -28 28 -30 -31
leaf_value=-55.794013994234241 -37.369781209244707 4091.3967259048222 -90.32540712787889 267.54869219973386 6.0005211166093675 -60.191922338458724 0.62241400887469767 -0.26270759713076447 -0.092126988902763843 0.076531944050113487 0.05398110144294449 -251.39033844115534 0.045323103978440027 0.064072833737408658 -1.1149658466451255 0.20081820470305931 -0.01867876703098232 -0.00035630103870747364 -0.1494472802178235 -0.026235338962613763 0.084062373935844259 -0.11610426798809714 0.060309443831719989 0.01101362437604542 -0.80886566724991171 -1.3228822754412377 0.023358352121385012 0.059894114076135034 0.062584230733397847 0.048580288763357279
leaf_weight=0.2424871926643849 0.054783847236087188 0.009910609123776476 0.046525140348337352 0.051256203727740091 1.187532479537722 0.11889527960748858 23.861412604553152 47.681624321961408 73.186794414569022 113.38297721522611 49.391788482665945 0.0013922487549889026 19.34670361486404 75.999679206269064 5.3146461626303845 62.546223199202359 17.764313405950997 44.246621811295881 8.2227253722420439 17.107002275502637 85.919395446777344 6.9992331008124484 104.03154236079095 7.3192924264354113 1.1727016563196071 0.80461047406004937 48.928443496258154 174.66886720806363 135.76606195420175 102.59714957936259
leaf_count=1765 68085 369 131 184 394 320 406 1880 2246 36 2394 23 11 28 205 33 288 144 521 3061 16 101 36 32 75 72 73 20 36 161
internal_value=0.071029 3.13121 644.021 0.0959115 -8.75455 -0.0235158 0.041027 0.0298312 0.0419104 0.0509802 -0.0188079 -42.674 0.0575101 0.00603803 -0.204725 0.0658262 0.00710093 0.0558058 -0.0600561 0.0333452 0.0591975 0.0558942 0.0293291 -0.168447 -0.314776 -1.01803 0.0481269 0.0619664 0.057968 0.0557076
internal_weight=1227.97 1.65661 0.0564357 1.60017 1.54891 1.30643 1226.32 1202.45 1154.77 1081.59 92.542 0.0561761 989.044 149.589 24.6613 839.455 92.4858 776.908 25.987 66.4988 732.662 646.742 120.327 16.2958 8.97655 1.97731 124.928 526.415 413.032 277.266
internal_count=83146 3163 500 2663 2479 714 79983 79577 77697 75451 74372 68108 1079 317 216 762 6264 729 809 5455 585 569 316 280 248 147 101 253 217 181
cat_boundaries=0 1 2
cat_threshold=136 260
is_linear=0
shrinkage=0.05


Tree=120
num_leaves=26
num_cat=2
split_feature=6 0 3 0 1 0 1 1 1 3 1 1 0 0 1 1 0 0 0 1 5 1 1 1 1
split_gain=6052.56 6381.91 9891.85 44384.7 1652.23 18969.8 12060.6 320637 9336.28 1060.68 6191.8 2641.81 526.787 853.864 3559.37 8476.19 438.825 313.264 231.071 37.1033 20.8534 25.0757 14.8232 3.69837 1.22301
threshold=1.0000000180025095e-35 11.762650000000002 0 12.596050000000002 7.3479500000000009 6.5633000000000008 11.203800000000003 9.7701000000000011 10.781950000000002 1 15.070250000000003 15.028300000000002 11.326000000000002 7.8705000000000007 14.994250000000003 15.238200000000001 6.4496000000000011 11.069350000000002 1.0000000180025095e-35 14.919850000000002 1.0000000180025095e-35 14.163950000000002 14.200250000000002 12.822250000000002 14.578600000000002
decision_type=2 2 9 2 2 2 2 2 2 9 2 2 2 2 2 2 2 2 2 2 2 2 2 2 2
left_child=1 4 19 -4 5 16 7 -6 -9 12 11 -11 13 18 17 -16 -1 -15 20 24 23 -22 -23 -8 -3
right_child=-2 2 3 -5 6 -7 9 8 -10 10 -12 -13 -14 14 15 -17 -18 -19 -20 -21 21 22 -24 -25 -26
leaf_value=-0.242799336318306 -0.43796478518836923 0.042894864992311744 0.29493382193702555 3.4187080400226044 57.543155108080718 -18.664560263040418 0.067705898815045837 -0.1036298295451496 1.8270224719440731 -0.55716304629322477 -1.0741290690644436 0.071120405650821103 0.18411086066758159 -0.44072076041584674 -0.73586922783431408 -14.533694895397231 0.049896151009674428 0.049128156101292633 -0.042514375000001541 -0.00762481443171255 -0.017286795907727189 0.066052268191448202 0.032934001140865393 0.057491663286991207 0.056108449380686223
leaf_weight=47.630714416503665 56.382148852085493 35.69670265192218 66.380138462969441 13.722096894045732 0.24920125512130908 0.1388550903598248 256.7080187350532 17.904713209337206 9.6297493010742539 18.83579980837365 14.549453518706029 149.75367875376924 69.240582170898051 6.1023652926178817 0.45536931665264913 0.14731439623221465 17.514350891113281 7.016627527973422 63.766215663735238 48.174634753918937 15.802750800834188 66.703971862792969 68.466257022298237 135.34575096849272 34.375244140625
leaf_count=64830 2239 454 250 566 8144 2386 40 482 65 769 508 10 97 735 50 154 79 54 588 132 205 7 202 87 13
internal_value=0.0679762 0.0924766 0.350807 0.737935 0.0394314 -0.203457 0.0570367 1.08258 0.571586 0.0243943 -0.0801084 0.000924914 0.0525407 0.0387061 -0.35133 -4.10848 -0.164108 -0.178728 0.0475262 0.0241147 0.0580994 0.0423098 0.0492772 0.0641797 0.0493771
internal_weight=1220.69 1164.31 198.349 80.1022 965.962 65.2839 900.678 27.7837 27.5345 872.894 183.139 168.589 689.755 620.515 13.7217 0.602684 65.1451 13.119 606.793 118.247 543.027 150.973 135.17 392.054 70.0719
internal_count=83146 80907 1415 816 79492 67295 12197 8691 547 3506 1287 779 2219 2122 993 204 64909 789 1129 599 541 414 209 127 467
cat_boundaries=0 1 2
cat_threshold=20 260
is_linear=0
shrinkage=0.05


Tree=121
num_leaves=28
num_cat=0
split_feature=0 1 6 0 2 2 1 5 0 2 0 1 2 2 0 2 0 1 4 1 2 1 2 1 2 1 1
split_gain=66699.5 428117 4106.17 4756.66 19587.7 6110.02 2808.39 7.86639e+06 850.205 844.958 352.364 813.488 250.567 205.511 70.702 45.5128 42.1348 17.6488 85.3683 42.4236 268.495 19.3625 12.3887 4.82409 6.14429 2.34232 0.448345
threshold=14.000600000000002 14.491350000000002 1.0000000180025095e-35 11.762650000000002 1.3250000000000004 1.1050000000000002 11.203800000000003 1.0000000180025095e-35 6.5633000000000008 3.1350000000000002 11.326000000000002 15.620850000000003 10.255000000000001 4.2150000000000007 7.7974000000000006 10.225000000000003 11.219900000000001 15.581400000000002 1.0000000180025095e-35 12.822250000000002 6.1850000000000014 15.070250000000003 4.0750000000000011 12.576950000000002 7.5050000000000008 14.200250000000002 15.028300000000002
decision_type=2 2 2 2 2 2 2 2 2 2 2 2 2 2 2 2 2 2 2 2 2 2 2 2 2 2 2
left_child=2 -2 3 5 -5 -1 7 -7 12 -8 11 14 15 22 17 -9 -16 18 19 -11 -21 23 -6 -20 26 -26 -25
right_child=1 -3 -4 4 13 6 9 8 -10 10 -12 -13 -14 -15 16 -17 -18 -19 21 20 -22 -23 -24 24 25 -27 -28
leaf_value=-0.40458983858921443 71.840211115766166 -11.118936980618749 -0.3111400748264479 1.2268488080149169 0.022854894200168344 584.98516389297492 -0.21730955438115626 -0.034220424753694349 -1.167507471285675 0.014365064244499022 0.15655028186640418 -0.16985321469064985 -0.16235244664650925 -0.097186517466791952 -0.1127904668154408 0.059452203856645562 0.050964319354105891 0.079977410104716928 0.071666436214774282 0.043341240288924165 -0.56949716947966411 0.024306743323179253 0.060450743330190286 0.065104086574817463 0.057755261918498849 0.04682289109411613 0.07080820316699242
leaf_weight=72.195332774534791 0.22826507687566766 0.48795755642347083 71.019037331680465 44.467581097134058 34.77212024616702 0.057498111772359972 29.914621674190585 16.901063564372599 1.6013339258911674 15.762964945376371 74.952528864761462 42.389292243649265 19.966136201555855 33.8129984985531 9.7526822779404743 55.71196365356446 6.5774812700465395 83.434013366699219 102.39961688713413 6.6556698102587815 2.4433629026216162 36.582203490118445 59.248716115951538 64.818084622658432 210.77694330467764 63.834106878970971 73.525665283203125
leaf_count=2025 272 210 2170 159 133 68711 548 2567 1671 87 102 321 1733 704 764 17 26 6 100 76 187 84 6 250 128 87 2
internal_value=0.0668004 15.3207 0.0579439 0.0804908 0.322953 0.0383031 0.0731318 0.331695 -0.0252418 0.0435544 0.0533838 0.0426285 -0.0054841 0.00852806 0.0559413 0.0376494 -0.0468331 0.0584833 0.0553742 -0.0352581 -0.121224 0.0594567 0.0465465 0.0619518 0.0595429 0.055214 0.0681357
internal_weight=1234.29 0.716223 1233.57 1162.55 172.301 990.253 918.057 94.238 94.1805 823.819 793.905 718.952 92.5792 127.834 676.563 72.613 16.3302 660.233 576.799 24.862 9.09903 551.937 94.0208 515.354 412.955 274.611 138.344
internal_count=83146 482 82664 80494 1002 79492 77467 74699 5988 2768 2220 2118 4317 843 1797 2584 790 1007 1001 350 263 651 139 567 467 215 252
is_linear=0
shrinkage=0.05


Tree=122
num_leaves=31
num_cat=1
split_feature=0 0 2 2 3 0 2 2 2 5 0 0 2 0 0 0 2 2 0 5 2 2 2 0 2 2 0 0 5 2
split_gain=84789.7 6186.24 4449.85 3778.83 2043.72 14707.3 173394 435793 1619.54 26398.4 149.701 383.179 518.339 8608.7 6634.67 170.45 146.201 76.6039 233.131 6665.02 7385.32 2180.09 542.416 1614.95 20705.3 35.6118 25.387 24.4279 22.2771 18.44
threshold=14.000600000000002 13.417300000000003 0.74500000000000011 2.0550000000000002 0 7.5164500000000016 5.1750000000000007 6.9750000000000005 7.3750000000000009 1.0000000180025095e-35 11.326000000000002 7.7974000000000006 8.9050000000000029 10.371450000000001 10.129600000000002 11.397250000000001 7.3650000000000011 9.9750000000000032 6.4496000000000011 1.0000000180025095e-35 7.455000000000001 4.5050000000000008 7.0650000000000004 5.8358000000000008 5.455000000000001 5.3450000000000006 7.7317000000000009 11.219900000000001 1.0000000180025095e-35 5.8250000000000011
decision_type=2 2 2 2 9 2 2 2 2 2 2 2 2 2 2 2 2 2 2 2 2 2 2 2 2 2 2 2 2 2
left_child=1 2 -1 -4 10 8 -7 -8 16 -10 11 17 13 14 -13 -12 -6 18 19 -5 21 -21 23 24 25 -23 -20 -14 -19 -17
right_child=-2 -3 3 4 5 6 7 -9 9 -11 15 12 27 -15 -16 29 -18 28 26 20 -22 22 -24 -25 -26 -27 -28 -29 -30 -31
leaf_value=-0.33818072336240379 7.5064632969360332 0.98866684975959629 0.57997348067669352 -0.0055209688262660003 -0.054729856389887234 -0.81741954359252 -8.9817625454647665 -191.1871205778528 -12.596928118138353 -0.20975389640969558 0.14673117476235684 -16.400989037312922 -0.073798641384479072 -0.098391798678866049 -1.642928113671519 0.06654651818035616 0.069385767816698987 0.062675102610891251 -0.005193488462827401 -10.161623677759465 -29.854964212228751 -2.4134060929620862 -0.061376693654080633 -0.46281119527911652 -84.219606225652541 0.050006751494210203 0.063278836973988409 0.0509164013446462 0.042444686139370247 0.026351574883904522
leaf_weight=83.03984184024398 3.8020856852028819 16.538456185144241 31.617116114097598 22.573133003144196 35.550952911376669 3.7515867391901634 0.14572338992911699 0.042355400743739835 0.43543297106256673 35.145555662102225 79.265571594238935 0.146877949431789 10.525510279253954 5.0294251794758509 0.15816123783588409 135.439011825309 71.336814880371094 352.97234532127891 17.270699119293681 0.11871996056317791 0.030095522971315458 0.021165808662772165 0.15100075304508209 0.12257140688598156 0.0083165830088745146 0.047811105847358704 62.616313934326172 6.2624330522840888 221.45324989577159 36.149621525023463
leaf_count=1728 482 244 1834 2876 16031 320 91 785 46309 970 37 733 1223 328 114 163 480 2858 511 496 901 145 202 63 244 12 26 36 2286 618
internal_value=0.0512633 0.0281801 0.0150675 0.0410636 0.0255282 -0.142743 -3.16608 -50.0145 -0.0691588 -0.361346 0.0524019 0.0410696 -0.163705 -0.593058 -8.74901 0.0860911 0.0281048 0.0477572 0.00804171 -0.131957 -5.84371 -4.30484 -2.32313 -4.03191 -9.69176 -0.7059 0.0484759 -0.027276 0.0548758 0.0580784
internal_weight=1231.77 1227.97 1211.43 1128.39 1096.77 146.408 3.93967 0.188079 142.469 35.581 950.362 699.508 22.1224 5.33446 0.305039 250.854 106.888 677.385 102.96 23.0728 0.499681 0.469586 0.350866 0.199865 0.0772935 0.0689769 79.887 16.7879 574.426 171.589
internal_count=83146 82664 82420 80692 78858 64986 1196 876 63790 47279 13872 13054 2434 1175 847 818 16511 10620 5476 4939 2063 1162 666 464 401 157 537 1259 5144 781
cat_boundaries=0 1
cat_threshold=260
is_linear=0
shrinkage=0.05


Tree=123
num_leaves=31
num_cat=1
split_feature=11 3 1 1 1 1 1 1 2 2 1 1 1 1 1 2 1 1 1 1 1 1 1 2 1 1 1 2 1 1
split_gain=2662.08 2868.65 93314.1 2.21052e+07 6031.07 46248.4 347311 3.52148e+06 5117.96 3286.36 47031.3 97116.8 172609 5641.37 1488.37 1104.57 4092.58 3975 967.518 619.653 2952.13 593.006 421.836 522.491 716.683 672.608 106.994 60.3706 11.0418 13.6641
threshold=1.0000000180025095e-35 0 12.934450000000002 12.057050000000002 15.317600000000001 15.350350000000002 15.512300000000002 15.696850000000001 3.1350000000000002 7.5550000000000006 15.114450000000001 14.449450000000002 14.320600000000001 14.919850000000002 15.477100000000002 0.84500000000000008 15.238200000000001 15.512300000000002 16.151200000000003 14.578600000000002 14.631350000000003 14.034400000000002 11.813500000000003 10.325000000000001 7.3747500000000006 10.361100000000002 15.620850000000003 4.0750000000000011 14.200250000000002 14.367050000000003
decision_type=2 9 2 2 2 2 2 2 2 2 2 2 2 2 2 2 2 2 2 2 2 2 2 2 2 2 2 2 2 2
left_child=1 4 3 -3 8 -6 -7 -8 -1 15 11 12 21 19 -12 -4 27 -18 26 -13 -21 -11 23 24 -10 -25 -16 -17 -24 -30
right_child=-2 2 9 -5 5 6 7 -9 22 10 14 13 -14 -15 18 16 17 -19 -20 20 -22 -23 28 25 -26 -27 -28 -29 29 -31
leaf_value=-0.78052148939817712 -0.22111816610548388 5771.1470627234794 0.18383743191379501 -3.1396050985201818 -0.023097710892125842 -5.2923775070992667 258.9617098284358 -726.50684649030052 0.051013899526162976 -3.9458618016735891 0.44800040866242852 -0.46761836066264756 44.426218739162152 2.7102373015370929 0.069181877964709357 -0.0066444429872869817 -0.10246918955522813 -1.7407511332879406 0.25449212232780305 -0.0855347527940227 -9.9082319673671133 -0.05799656191276395 0.060482456591847755 -0.23530817621551742 -0.53313608104317078 -2.5027065253907916 -0.0265419852628507 0.065353241987392369 0.058341108943579814 0.019836998494564786
leaf_weight=19.593069855147746 69.169784537416717 0.0016662470002945509 104.24108673285969 0.31360555776762172 2.7215411663055349 0.29586428595575454 0.062632232875330499 0.010599378111588939 69.625968949400175 0.14975413826332362 41.908356506401162 0.51919787542794515 0.39027860423469418 6.52696165781082 80.720784807848872 37.077989180507473 8.5907135167817525 6.5070271819021235 82.723007202148438 0.24285878931005814 0.11166077730301291 0.28423309326407764 445.8964896285483 21.816868335077203 5.6789838186782324 0.33205217123875996 45.7291615720263 135.58510832862254 53.015607833862305 40.753293213237555
leaf_count=2183 2707 63816 209 72 11 68 65 209 4621 166 246 58 54 146 91 140 153 500 221 24 163 95 258 5296 972 51 266 160 23 102
internal_value=0.0805746 0.0978006 0.180639 27.3782 0.0254212 2.22936 18.8379 116.327 0.015436 0.168362 0.297906 4.01837 20.2983 2.20516 0.176031 0.0533235 -0.0191352 -0.808558 0.121541 -1.56792 -3.17933 -1.39957 0.0399138 -0.0558264 0.00696131 -0.269301 0.0345644 0.0498923 0.0572027 0.0416067
internal_weight=1280.6 1211.43 551.623 0.315272 659.803 3.09064 0.369096 0.0732316 656.712 551.308 259.306 8.22494 0.824266 7.40068 251.081 292.002 187.761 15.0977 209.173 0.873717 0.35452 0.433987 637.119 97.4539 75.305 22.1489 126.45 172.663 539.665 93.7689
internal_count=83146 80439 66580 63888 13859 353 342 274 13506 2692 1530 706 315 391 824 1162 953 653 578 245 187 261 11323 10940 5593 5347 357 300 383 125
cat_boundaries=0 1
cat_threshold=132
is_linear=0
shrinkage=0.05


Tree=124
num_leaves=31
num_cat=3
split_feature=3 5 0 2 2 2 0 0 2 2 2 3 11 2 4 2 2 2 0 0 0 0 2 3 5 2 0 2 2 2
split_gain=149184 7.7445e+06 1.68655e+07 469923 243748 53432.2 2935.3 2973.29 21838.6 687.556 1976.83 387.87 1262.47 245.388 12428.1 1.04507e+06 552.349 311.312 143.56 1527.31 826.518 109.713 38.5248 49.1455 32.3301 16.8628 8.43558 3.63637 24.0719 0.614116
threshold=0 1.0000000180025095e-35 13.838100000000003 0.84500000000000008 7.995000000000001 8.0150000000000023 14.217000000000002 11.681300000000002 7.5550000000000006 0.74500000000000011 3.1350000000000002 1 1.0000000180025095e-35 7.8050000000000006 1.0000000180025095e-35 7.0650000000000004 10.225000000000003 3.8050000000000002 11.326000000000002 0.64970000000000006 11.219900000000001 10.371450000000001 4.0750000000000011 2 1.0000000180025095e-35 10.385000000000003 13.277750000000003 3.1950000000000007 3.2850000000000006 10.655000000000003
decision_type=9 2 2 2 2 2 2 2 2 2 2 9 2 2 2 2 2 2 2 2 2 2 2 9 2 2 2 2 2 2
left_child=6 2 -2 -3 -5 -6 7 9 22 -1 -11 13 -13 14 15 -12 -15 27 19 24 -21 -19 23 -9 29 -26 -24 -16 -29 -18
right_child=1 3 -4 4 5 -7 -8 8 -10 10 11 12 -14 16 17 -17 18 21 -20 20 -22 -23 26 -25 25 -27 -28 28 -30 -31
leaf_value=0.17526120744080589 -1621.2635858004296 61.920457188864475 -48.729743465525459 -63.996887066912052 -0.15134096353519999 -19.733026709511428 -0.65057129878192033 0.040789314684199246 1.3986116289453678 -0.32963333315184962 -0.36149021706187578 -0.32929614842158894 0.056755083070106599 -0.26875830629915648 0.063144181403280666 160.67282232833526 0.055851775090106498 -0.21251156134058249 0.1064073119143429 -0.69678322073061616 0.042305375767631305 0.0025794967910493039 0.039970082634625162 -0.033582507634515632 0.060422587477146406 0.026824475411059541 0.065278548336219752 0.060547398952864984 -0.0093405051136949465 0.062054487184107145
leaf_weight=85.631088256835938 0.024056071708627447 0.19145739170586917 0.058549918234348297 0.27292428461197826 0.545848488807678 0.96294003603626699 14.060128140683217 38.96123659610749 34.49853817495665 37.265602431994466 6.0771525843143284 29.37062671789964 75.915657513905458 14.184089921609596 58.403430938720703 0.10244937217298833 46.161403656005803 16.599702537892206 86.966934204113272 10.707272740422002 5.8490295410156365 9.2223691996388144 58.026777321856528 31.3696504022273 50.576477050781364 142.75935089428901 76.110462555830495 61.769749760627747 15.390991210937498 294.42832708371014
leaf_count=782 63946 216 78 957 18 782 302 93 632 1850 1834 421 97 2211 13 884 177 1147 129 2304 31 141 120 201 48 1413 27 38 266 1988
internal_value=0.0167501 -5.52016 -506.675 -12.5156 -20.5143 -12.6488 0.0674342 0.0758064 0.234951 0.0394964 0.0274084 0.0418006 -0.0465193 0.0530718 0.107684 2.30824 0.0398427 0.0234235 0.0467095 0.0372782 -0.435677 -0.135692 0.0386149 0.00864199 0.0519439 0.0356137 0.0543303 0.0537316 0.0466071 0.0612138
internal_weight=1302.46 2.05578 0.082606 1.97317 1.78171 1.50879 1300.41 1286.35 238.967 1047.38 961.751 924.485 105.286 819.199 167.566 6.1796 651.633 161.386 637.449 550.482 16.5563 25.8221 204.468 70.3309 533.926 193.336 134.137 135.564 77.1607 340.59
internal_count=83146 65997 64024 1973 1757 800 17149 16847 1073 15774 14992 13142 518 12624 4323 2718 8301 1605 6090 5961 2335 1288 441 294 3626 1461 147 317 304 2165
cat_boundaries=0 1 2 3
cat_threshold=278 260 4
is_linear=0
shrinkage=0.05


Tree=125
num_leaves=30
num_cat=1
split_feature=1 0 3 1 4 0 0 1 0 0 0 1 1 1 11 1 0 1 1 1 1 4 1 1 1 1 0 1 0
split_gain=30672.1 335939 67870.3 101618 34775.5 28084.5 3332.14 1380.04 1152.89 1088.41 3128.92 860.09 780.665 21011.3 136.266 47.9137 781.626 354.085 259.195 26.9059 50.5636 68.3874 77.468 33.3217 20.3433 9.42909 56.3859 5.3362 0.259857
threshold=7.3479500000000009 0.25075000000000008 0 14.839450000000001 1.0000000180025095e-35 0.34005000000000007 14.000600000000002 11.813500000000003 1.0000000180025095e-35 8.5626500000000014 9.7256000000000018 15.620850000000003 15.114450000000001 14.959550000000002 1.0000000180025095e-35 16.151200000000003 13.277750000000003 15.477100000000002 15.317600000000001 13.262450000000001 15.581400000000002 1.0000000180025095e-35 14.367050000000003 14.367050000000003 15.350350000000002 14.880550000000001 12.933400000000001 14.320600000000001 6.0091500000000009
decision_type=2 2 9 2 2 2 2 2 2 2 2 2 2 2 2 2 2 2 2 2 2 2 2 2 2 2 2 2 2
left_child=1 -1 6 -4 -5 -3 7 8 -2 11 -11 14 13 25 19 16 17 18 -14 28 21 22 -21 27 -20 26 -12 -23 -9
right_child=2 5 3 4 -6 -7 -8 9 -10 10 12 -13 15 -15 -16 -17 -18 -19 24 20 -22 23 -24 -25 -26 -27 -28 -29 -30
leaf_value=-42.078106080548849 -0.083753605627924776 0.058782436069975977 4.178160323512019 0.16175469725909075 2.3377469268341464 -2.1662434400197763 0.63917608952782956 0.058743983447046157 -0.73357514458558715 0.74579024978990138 -0.080210965747922816 -0.18127894612517353 -2.7863814684909425 3.1853499477026199 -0.019589253176653904 0.072009197642588077 0.061233468360267357 -0.3370685784896561 -0.26873404010793506 -0.0074859665360312135 0.071948410662282775 0.036031649254649571 -0.2803193819689308 -0.0075323149945417034 -1.0301214923786464 0.055348321351750343 0.052164827140117644 0.058239440058909048 0.061326456703836234
leaf_weight=0.4914357663646588 26.150862846884817 48.588890075683594 25.185239817071036 82.583979222687162 23.610500765865638 20.027548983713857 24.85921022162529 242.04074615587467 9.2362939475028742 20.039383038878384 10.223317828157979 44.803755498827286 0.25794965376603973 5.6200540855859904 74.255282385658347 88.003628280825097 105.98998527353976 8.5084618992762167 0.15144014358520511 8.510873882442807 76.769050598144531 58.94272302033751 3.7473033363931441 39.203347751029625 0.20853735506536139 47.684844970703146 37.743468761444092 49.991416931152344 163.01548767089844
leaf_count=54253 595 302 8031 361 539 13454 157 83 1101 508 850 358 123 96 859 124 38 342 27 80 19 118 230 241 102 58 67 5 25
internal_value=0.1403 -0.885674 0.195809 1.22918 0.645549 -0.590651 0.0660336 0.0539138 -0.253362 0.063929 0.140616 0.0312477 0.100775 0.214176 0.0445377 0.044235 0.0230023 -0.420999 -1.57666 0.0519523 0.0385776 0.0226055 -0.0908907 0.0319972 -0.709811 0.0396035 0.0239511 0.0462231 0.0597833
internal_weight=1346.45 69.1079 1277.34 131.38 106.194 68.6164 1145.96 1121.1 35.3872 1085.71 324.431 761.28 304.392 101.272 716.476 203.12 115.116 9.12639 0.617927 642.221 237.165 160.396 12.2582 148.137 0.359977 95.6516 47.9668 108.934 405.056
internal_count=83146 68009 15137 8931 900 13756 6206 6049 1696 4353 2335 2018 1827 1071 1660 756 632 594 252 801 693 674 310 364 129 975 917 123 108
cat_boundaries=0 1
cat_threshold=276
is_linear=0
shrinkage=0.05


Tree=126
num_leaves=31
num_cat=1
split_feature=3 1 1 2 1 2 2 2 1 1 2 2 1 1 1 5 1 1 1 1 1 1 1 1 1 1 2 2 2 1
split_gain=20730.2 3.96406e+06 4.27718e+07 4711.88 4049.58 3864.64 3038.2 1503.63 828.98 677.842 681.062 15326.8 28624.7 48.541 17.8898 13.6189 20.5332 25.9773 81.1493 190.066 245.121 471.831 20.3962 27.5839 8.29285 9.7757 4.92177 6.39454 3.64891 3.23832
threshold=0 14.839450000000001 14.631350000000003 0.74500000000000011 10.167800000000002 0.74500000000000011 5.285000000000001 2.8950000000000005 13.794700000000001 15.696850000000001 10.385000000000003 7.5550000000000006 14.320600000000001 11.813500000000003 12.934450000000002 1.0000000180025095e-35 14.163950000000002 14.367050000000003 15.416350000000001 14.959550000000002 14.792150000000001 14.536800000000001 15.317600000000001 15.154500000000002 12.576950000000002 15.581400000000002 5.0550000000000006 4.1650000000000009 4.3250000000000011 11.203800000000003
decision_type=9 2 2 2 2 2 2 2 2 2 2 2 2 2 2 2 2 2 2 2 2 2 2 2 2 2 2 2 2 2
left_child=4 2 -2 -3 6 -6 -1 8 -7 10 11 14 -13 -12 29 24 -17 -18 19 20 21 -19 23 -21 -15 -26 27 -16 -29 -9
right_child=1 3 -4 -5 5 7 -8 9 -10 -11 13 12 -14 15 26 16 17 18 -20 22 -22 -23 -24 -25 25 -27 -28 28 -30 -31
leaf_value=-0.0393117810322118 38.424179075534354 -0.037573760557456856 2259.2045228734187 0.44660618857706241 0.89245447341620021 -0.0034214870465965174 -0.54496581857718218 0.03627783879691724 -0.36194359169532936 -0.054809433055094496 -0.013437916447913579 -0.0027430684503271206 3.2827474535292249 0.074304866484884227 0.058628587792751569 -0.025803589059471291 0.060450834631164276 -0.52308308990930175 0.041096134587979838 -0.043321502868018363 0.050061543092024298 -3.8425679447125578 0.023418062664177286 -0.55818873613550213 0.045657522513168985 0.065484142205910686 0.067736366931855738 0.047460154532091993 0.0045495285804075733 0.0046939136362898542
leaf_weight=81.465209960937116 0.45251752733122358 78.395675662141059 0.022772431373595914 139.95002384919513 14.20484355130702 34.429347991970623 46.755872365703382 18.098499298095703 30.323913453193903 89.108621233039116 28.030967076909803 17.139592676031945 10.811182568853903 77.988441467285043 204.87784994111598 10.360255048447469 105.44783061743007 0.33702785788978495 38.223583241531742 0.7726063022252676 0.43521239384308941 0.15687860176697843 3.6763192215003073 0.39219004847117112 123.75455188814573 124.93648279337503 147.19687791403805 11.631422996520982 8.6299803688717276 14.713582038879506
leaf_count=2863 65183 254 109 646 318 240 9337 43 599 602 92 225 302 15 472 346 60 49 104 76 48 91 43 57 192 12 409 44 162 153
internal_value=0.123849 0.561103 144.828 0.272764 0.0420797 0.0730019 -0.223699 0.0624341 -0.171317 0.0770341 0.089432 0.135633 1.26806 0.0505415 0.0575079 0.054228 0.0422667 0.0469858 0.0147117 -0.160066 -0.815098 -1.57744 -0.0343504 -0.216679 0.0600791 0.0556179 0.0606269 0.0559786 0.0291831 0.022115
internal_weight=1462.72 218.821 0.47529 218.346 1243.9 1115.68 128.221 1101.47 64.7533 1036.72 947.611 433.099 27.9508 514.512 405.148 486.481 159.802 149.442 43.9938 5.77023 0.929119 0.493906 4.84112 1.1648 326.679 248.691 372.336 225.139 20.2614 32.8121
internal_count=83146 66192 65292 900 16954 4754 12200 4436 839 3597 2995 1810 527 1185 1283 1093 874 528 468 364 188 140 176 133 219 204 1087 678 206 196
cat_boundaries=0 1
cat_threshold=276
is_linear=0
shrinkage=0.05


Tree=127
num_leaves=26
num_cat=0
split_feature=0 2 0 1 1 1 1 11 2 1 1 0 0 1 0 1 2 0 1 1 1 1 5 1 0
split_gain=23871.2 128434 22194 62687.5 3876.36 3045.85 1637.78 1421.99 2227.83 2216.35 159274 1.61535e+07 1403.86 782.059 419.227 557.569 140.682 193.295 494.323 121.877 234.65 29.1676 7.78049 5.24556 4.14337
threshold=11.681300000000002 0.84500000000000008 12.690450000000002 15.070250000000003 7.3479500000000009 14.320600000000001 15.238200000000001 1.0000000180025095e-35 1.2150000000000001 10.781950000000002 10.004750000000001 11.326000000000002 6.4496000000000011 15.696850000000001 7.7974000000000006 11.203800000000003 10.565000000000003 6.0091500000000009 12.934450000000002 14.839450000000001 14.880550000000001 15.581400000000002 1.0000000180025095e-35 14.320600000000001 7.3795000000000011
decision_type=2 2 2 2 2 2 2 2 2 2 2 2 2 2 2 2 2 2 2 2 2 2 2 2 2
left_child=4 -2 3 -3 12 -4 -7 8 -6 10 11 -10 -1 14 16 -16 17 18 -11 22 -21 -22 -18 -24 -19
right_child=1 2 5 -5 7 6 -8 -9 9 13 -12 -13 -14 -15 15 -17 19 24 -20 20 21 -23 23 -25 -26
leaf_value=-0.4133441256742183 7.3756624891058724 0.34814119863180104 -0.36774218876060449 4.4956280376846678 0.30280015651714359 0.30606129829403178 -0.093402612448074171 -0.18029682102943426 -4183.1829033767744 0.017932343176464131 -0.056313362227089284 -1.122546196292723 -0.10250979353777978 -0.1006597331104962 0.038483562611649882 -0.4212455117007492 0.056042812483986862 0.039453832218514381 -0.41001564111950861 0.13652731013017855 0.016119314534121246 0.064388993201450639 0.028674170061771278 0.051389812503382627 0.056637288510939326
leaf_weight=64.994974361746017 6.7251663707994842 44.258588956912853 36.243352303888969 11.472269493746415 79.376007080078693 70.335703148869555 40.395828065315783 72.848860886593002 0.0023307748055952917 31.828604598761359 28.367201942268046 0.24729526042938232 82.348609924316406 88.801991743121221 17.521038055419972 10.576534742727015 195.05438422383565 55.381047604135631 8.5634033540902958 164.48097229003909 42.23774923676055 120.81268037897826 55.766990028217798 46.694451128608115 95.705829620361328
leaf_count=64836 205 478 556 252 450 129 267 2317 8347 61 216 14 2462 683 11 949 100 91 283 6 148 22 149 73 41
internal_value=0.083459 0.577812 0.352279 1.20191 0.00139513 0.0301123 0.160333 0.0332657 0.0482048 0.0271987 -0.406233 -40.1707 -0.239622 0.0404868 0.0553266 -0.134568 0.0618611 0.0243638 -0.0727958 0.0733482 0.0943909 0.0518849 0.0501825 0.0390263 0.0503387
internal_weight=1471.04 209.431 202.706 55.7309 1261.61 146.975 110.732 1114.27 1041.42 962.043 28.6168 0.249626 147.344 933.426 844.624 28.0976 816.526 191.479 40.392 625.047 327.531 163.05 297.516 102.461 151.087
internal_count=83146 1887 1682 730 81259 952 396 13961 11644 11194 8577 8361 67298 2617 1934 960 974 476 344 498 176 170 322 222 132
is_linear=0
shrinkage=0.05


Tree=128
num_leaves=27
num_cat=2
split_feature=3 1 0 0 0 1 0 11 1 1 1 1 1 3 4 0 0 1 1 5 1 1 1 1 1 1
split_gain=24632.6 6778.52 3.66869e+06 1.52068e+08 2041.97 7621.47 1761.12 803.632 601.801 1903.04 218.626 205.995 162.149 97.2668 136.628 60.6237 169.62 29.2282 30.2931 122.833 22.051 166.873 131.092 94.8207 35.3673 3.17401
threshold=0 10.167800000000002 6.5032000000000005 6.6245000000000012 12.248250000000002 15.114450000000001 6.4496000000000011 1.0000000180025095e-35 15.864400000000002 15.658300000000002 15.198500000000001 11.813500000000003 10.361100000000002 1 1.0000000180025095e-35 7.8705000000000007 12.099050000000002 13.262450000000001 15.581400000000002 1.0000000180025095e-35 14.367050000000003 15.416350000000001 15.070250000000003 14.919850000000002 14.491350000000002 14.320600000000001
decision_type=9 2 2 2 2 2 2 2 2 2 2 2 2 9 2 2 2 2 2 2 2 2 2 2 2 2
left_child=-1 2 6 -4 7 -6 -2 8 9 11 -7 12 -3 14 -13 17 -17 -15 19 -19 25 22 23 24 -22 -21
right_child=1 4 3 -5 5 10 -8 -9 -10 -11 -12 13 -14 15 -16 16 -18 18 -20 20 21 -23 -24 -25 -26 -27
leaf_value=0.92626973991371431 -0.25175671017384155 0.019527825437098585 -2.2755060507681617 -12360.485475270838 0.75936247131258328 0.059469679001481916 0.078023370938769293 -0.11036746807395709 -0.070035819061447707 0.37911040662575202 -0.087899331540822245 0.032931048728339851 -0.17417849519661149 0.057741324488994564 0.11312090630289062 -0.14377749994911426 0.054538359451875275 -0.12571173928969184 0.061929105982311987 0.040653139848833779 -1.700587393746126 0.0440956560666457 -0.13799630320609474 -0.19539766582322646 -0.8868537406514001 0.05863825475905924
leaf_weight=70.804929553569011 77.794279190714548 29.602568984048332 0.10718300193548884 0.0025484333101168507 48.121617631017983 59.844845071434975 84.410293579101562 78.272036858171305 87.492549128903647 46.471903594784635 43.431177808088393 77.287162780761719 17.012286416386758 365.82110933602615 169.85567348215886 15.800774984282468 33.945979776549535 12.832645791691901 70.704725046423846 54.656490376956114 0.21501213643069028 36.598865448177094 4.5165832040135117 0.4074061832814202 0.35235077034688989 44.507720947265625
leaf_count=2598 71563 65 88 3081 296 24 45 2198 509 249 350 94 161 97 82 936 30 186 42 124 27 71 100 41 85 4
internal_value=0.0765224 0.0287734 -0.275657 -289.286 0.0670712 0.239655 -0.0801411 0.0442783 0.0556112 0.066822 -0.00250414 0.0512858 -0.0511661 0.0566669 0.0846198 0.0438722 -0.00845156 0.0490222 0.0348328 0.0223993 0.0358548 0.00553199 -0.251488 -0.77735 -1.19523 0.0487254
internal_weight=1530.87 1460.07 162.314 0.109731 1297.75 151.398 162.205 1146.35 1068.08 980.589 103.276 934.117 46.6149 887.503 247.143 640.36 49.7468 590.613 224.792 154.087 141.254 42.0902 5.49135 0.974769 0.567363 99.1642
internal_count=83146 80548 74777 3169 5771 670 71608 5101 2903 2394 374 2145 226 1919 176 1743 966 777 680 638 452 324 253 153 112 128
cat_boundaries=0 1 2
cat_threshold=130 8
is_linear=0
shrinkage=0.05


Tree=129
num_leaves=31
num_cat=0
split_feature=0 1 4 0 2 0 0 1 1 1 1 1 2 0 8 0 2 1 1 1 1 11 1 1 4 1 1 1 2 2
split_gain=26866.6 82299.2 1.55715e+06 11757.7 9488.5 3918.44 14125.8 3392.56 1617.68 672.023 3172.38 428084 1518.07 888.658 646.584 16663.5 4373.87 254.893 122.736 381.274 142.218 26.3296 58.5639 217.792 284.74 505.823 9.84794 4.64097 2.72575 2.15442
threshold=11.900850000000002 14.367050000000003 1.0000000180025095e-35 12.690450000000002 0.60500000000000009 8.5626500000000014 10.231600000000002 15.620850000000003 16.151200000000003 7.3479500000000009 10.361100000000002 10.167800000000002 3.1350000000000002 6.4496000000000011 1.0000000180025095e-35 10.409250000000002 10.655000000000003 15.238200000000001 14.839450000000001 12.415550000000001 14.880550000000001 1.0000000180025095e-35 15.581400000000002 15.416350000000001 1.0000000180025095e-35 15.070250000000003 13.175050000000001 12.576950000000002 10.655000000000003 3.6550000000000007
decision_type=2 2 2 2 2 2 2 2 2 2 2 2 2 2 2 2 2 2 2 2 2 2 2 2 2 2 2 2 2 2
left_child=4 2 -2 -3 -1 7 -7 9 14 13 11 -11 -12 -6 15 -8 -17 -5 19 -14 -20 22 23 24 -22 -26 27 -21 -28 -29
right_child=1 3 -4 17 5 6 8 -9 -10 10 12 -13 18 -15 -16 16 -18 -19 20 26 21 -23 -24 -25 25 -27 28 29 -30 -31
leaf_value=-0.71043656970393476 0.68734725518417106 1.0552704501637 60.217101426095567 0.042910878650934639 -0.1584396104001031 1.630360849169775 0.025327285420599734 -0.45103399731008703 0.30016229802343614 66.47994245634473 -0.25230841765846385 0.024007636139131552 -0.21402093790503632 0.072515280673338359 0.069647053910502563 -12.868058479516529 -4.7679368505289732 -0.11483082807792473 0.11741123509062951 0.069448136063086807 -0.13389414922148737 0.076481581384495179 0.06713294652637096 0.037158436663424714 0.050063808997269421 -2.2232163703742631 0.02052912030357304 0.060357887052371287 0.043990001338291451 0.050526863163923644
leaf_weight=40.172790527343523 25.128517890846641 33.099179025478378 1.148719906816466 57.783779504021759 83.732830510829785 17.487996519426844 19.766530990600579 35.184345780163312 86.587864443659782 0.24435934424397387 40.029888153097772 29.132402330653608 13.744226669676435 82.873641967773438 76.365692138671875 0.26233806269879778 0.45693612064262368 45.994437868316261 173.26646423339841 72.52324676513669 4.5740023038816551 80.868967618515384 68.711967468261719 35.56907432503499 0.49510703601425543 0.48381954968733076 14.203859241194122 100.52693176269531 96.442361974019917 125.05134523659947
leaf_count=1503 464 286 473 145 64138 1722 209 550 88 8310 509 55 270 1182 11 824 629 335 21 26 137 90 18 102 35 74 502 9 298 131
internal_value=0.121985 0.726741 3.28971 0.23471 0.046013 0.0701581 0.272571 0.031705 0.143128 0.0483165 0.0662011 0.576796 0.0480525 -0.0435577 0.00273464 -0.246697 -7.72226 -0.0270001 0.0633405 0.0450072 0.0846216 0.05483 0.0388882 -0.00830673 -0.299532 -1.07347 0.0537171 0.0584454 0.0409783 0.054908
internal_weight=1461.91 163.155 26.2772 136.877 1298.76 1258.59 200.927 1057.66 183.439 1022.47 855.868 29.3768 826.491 166.606 96.8515 20.4858 0.719274 103.778 786.461 422.492 363.969 190.703 109.834 41.122 5.55293 0.978927 408.748 298.102 110.646 225.578
internal_count=83146 1703 937 766 81443 79940 3483 76457 1761 75907 10587 8365 2222 65320 1673 1662 1453 480 1713 1236 477 456 366 348 246 109 966 166 800 140
is_linear=0
shrinkage=0.05


Tree=130
num_leaves=30
num_cat=3
split_feature=0 0 2 4 0 0 2 2 0 3 5 11 4 0 2 0 0 2 2 5 2 0 3 2 3 2 4 0 2
split_gain=33555.1 184740 5775.68 3750.51 3331.79 77498.8 3.18384e+06 2025.25 1385.2 794.754 3565.81 8988.23 4150.73 11144.8 1705.77 1296.39 675.908 563.56 43.6418 37.1582 25.4316 52.0565 18.7059 16.9481 5.421 28.9875 14.5082 3.05737 0.538569
threshold=11.900850000000002 12.690450000000002 0.60500000000000009 1.0000000180025095e-35 8.5626500000000014 10.231600000000002 5.9650000000000007 1.3250000000000004 11.681300000000002 0 1.0000000180025095e-35 1.0000000180025095e-35 1.0000000180025095e-35 2.5657000000000005 3.4350000000000005 6.2167500000000002 11.219900000000001 3.2450000000000006 10.565000000000003 1.0000000180025095e-35 10.225000000000003 6.0091500000000009 1 10.655000000000003 2 10.565000000000003 1.0000000180025095e-35 6.4496000000000011 10.655000000000003
decision_type=2 2 2 2 2 2 2 2 2 9 2 2 2 2 2 2 2 2 2 2 2 2 9 2 9 2 2 2 2
left_child=2 -2 -1 -3 9 6 -6 -5 16 17 12 -12 14 -14 -11 -15 -7 -4 -16 23 21 -21 -18 -19 -22 -26 -27 -23 -20
right_child=1 3 4 7 5 8 -8 -9 -10 10 11 -13 13 15 18 -17 22 19 28 20 24 27 -24 -25 25 26 -28 -29 -30
leaf_value=-0.42083770108696827 6.4777998242077324 1.0273771587317984 -0.11080176360762668 0.38886445247298307 269.465691143127 -0.24183079913104213 -0.68437767081965484 -0.049583042586697081 0.29686721070726557 0.39512972802357565 -0.90282583855565801 0.044120800050915419 -0.79065609487620048 -19.9899539396676 -0.03831102364948142 -10.309160175179066 0.086132432705916376 0.0014216603535092518 0.059736566897279381 -0.0292545578995216 0.098638176171016945 0.058276410060772478 0.020464562155066743 0.054335869399727676 0.086353010057035301 -0.038854110122831763 0.052037034859497081 0.073980709902445221 0.052805755457472708
leaf_weight=63.465423583984602 13.256083667722931 13.960443815203645 46.472773096853416 49.473451993371647 0.11240075206396039 19.492494804598067 3.6739335060132716 56.321922129735462 74.570516043169306 47.883369445800867 36.719140045870063 78.913475454545164 5.2234861555982208 0.042632940067050984 13.822773933410657 0.18313141039898717 88.573555025334798 16.610710144043026 48.338912963867173 15.371933058693797 175.71391648985445 50.096855163574219 39.469240892892685 170.0653470936083 86.368812561035156 4.5549633710060098 121.5686204314228 81.267719017341733 66.712833726041936
leaf_count=1503 611 449 1579 90 663 1133 1059 553 173 1378 2038 462 604 227 60649 133 178 2767 8 1446 38 120 277 2404 118 1294 538 406 248
internal_value=0.11922 0.877055 0.0448435 0.257094 0.0677218 0.242152 7.33527 0.15545 0.121232 0.0307566 -0.0381315 -0.256582 0.0984092 -1.26075 0.140311 -12.1373 0.0324591 0.0572205 0.0456324 0.0688342 0.0755367 0.0578044 0.0742154 0.0496275 0.0822392 0.0611585 0.0487545 0.0679918 0.0557177
internal_weight=1488.3 133.012 1355.29 119.756 1291.82 225.892 3.78633 105.795 222.106 1065.93 297.84 115.633 182.207 5.44925 176.758 0.225764 147.535 768.092 128.875 721.619 534.943 146.737 128.043 186.676 388.206 212.492 126.124 131.365 115.052
internal_count=83146 1703 81443 1092 79940 3483 1722 643 1761 76457 65747 2500 63247 964 62283 360 1588 10710 60905 9131 3960 1972 455 5171 1988 1950 1832 526 256
cat_boundaries=0 1 2 3
cat_threshold=12 256 8
is_linear=0
shrinkage=0.05


Tree=131
num_leaves=30
num_cat=2
split_feature=0 1 0 1 0 0 0 1 5 0 1 1 0 1 11 0 3 1 1 1 1 1 1 3 1 1 1 1 1
split_gain=44796.2 673694 9.19705e+06 5.88152e+07 6335.48 2908.76 29866.7 3079.52 2089.84 1630.42 1541.25 3069.61 1924.83 522.796 410.147 337.581 153.248 281.787 863.072 2731.85 800.391 1716.79 790.268 103.702 75.4889 27.4652 17.0739 5.50605 3.3862
threshold=11.900850000000002 15.114450000000001 12.690450000000002 13.356150000000001 12.933400000000001 8.5626500000000014 10.231600000000002 15.620850000000003 1.0000000180025095e-35 11.681300000000002 7.3479500000000009 10.361100000000002 6.4496000000000011 12.415550000000001 1.0000000180025095e-35 10.969800000000001 0 15.416350000000001 13.262450000000001 14.367050000000003 14.959550000000002 14.919850000000002 15.238200000000001 1 14.839450000000001 13.175050000000001 16.151200000000003 15.447300000000002 14.320600000000001
decision_type=2 2 2 2 2 2 2 2 2 2 2 2 2 2 2 2 9 2 2 2 2 2 2 9 2 2 2 2 2
left_child=5 2 3 -2 -4 7 -7 10 -3 15 12 -12 -1 -13 16 -8 24 18 -18 -20 21 -21 -22 26 25 -15 -17 -19 -27
right_child=1 8 4 -5 -6 6 9 -9 -10 -11 11 13 -14 14 -16 23 17 27 19 20 22 -23 -24 -25 -26 28 -28 -29 -30
leaf_value=-0.28292626056112929 -4.8688025727197495 0.43084477352228223 -0.94171590599814992 2448.1093675942238 6.2835010818643724 3.3766021898025045 -0.13732275148889792 -0.39271442545667767 -0.047897696957889126 0.32369404778723138 0.57056858649271125 -0.24500045135915741 0.059338763363505014 0.058274632018977646 -0.071268049978405065 0.062811446836952625 0.036100639668304228 0.062498451241615627 -0.095733698877263171 -2.9740880279795161 -5.3913975297518064 0.05016436369989901 -2.115777477588507 -0.016936839903063116 0.089913953361854496 0.017722352968261496 0.0950383434868671 0.041752475996935247 0.037295926056161152
leaf_weight=85.047254840266305 0.16647710591197018 37.47517071399497 0.3223736286163329 0.028640755013686459 5.155420505913062 7.1364020300602524 24.041798472404452 46.648024086780424 58.193465212204615 65.030816258509191 27.355653973237622 16.655415925799616 79.45391845703125 278.10675650835037 77.782351643769516 76.749919826183373 46.657288551446769 62.654293060302734 14.650348137592063 0.78939911520337802 0.24407412581231158 1.1571439504623413 0.74974038804837428 38.870566172716281 181.76216605513139 49.685556849352338 88.480194091796875 65.331621560288312 39.792129516601562
leaf_count=64836 258 175 79 158 653 1865 919 634 380 184 8388 362 1278 50 1076 270 43 22 167 190 134 12 103 509 93 115 16 119 58
internal_value=0.11785 1.13235 17.8737 355.196 5.85829 0.043069 0.180638 0.00462083 0.139635 0.102842 0.0226531 0.0493783 -0.117613 0.0323243 0.0379615 0.0398899 0.0494183 0.00857176 -0.0764235 -0.37488 -1.76573 -1.17629 -2.92025 0.0607645 0.0624195 0.0505223 0.0754995 0.0519085 0.026427
internal_weight=1476.17 101.342 5.67291 0.195118 5.47779 1374.83 300.31 1074.52 95.6686 293.173 1027.88 863.374 164.501 836.018 819.363 228.142 741.581 192.234 64.248 17.5907 2.94036 1.94654 0.993815 204.101 549.347 367.584 165.23 127.986 89.4777
internal_count=83146 1703 1148 416 732 81443 3763 77680 555 1898 77046 10932 66114 2544 2182 1714 1106 790 649 606 439 202 237 795 316 223 286 141 173
cat_boundaries=0 1 2
cat_threshold=12 258
is_linear=0
shrinkage=0.05


Tree=132
num_leaves=23
num_cat=2
split_feature=0 2 2 2 0 0 3 2 5 2 6 2 5 3 0 5 2 0 2 2 2 0
split_gain=10210.8 5059.4 12378 2375.39 1712.19 3292.17 1634.31 2719.06 415481 5040.36 1248.79 596.883 1999.1 188.484 41.5725 32.3739 23.6009 52.6757 17.7296 10.1747 7.82988 3.45141
threshold=13.417300000000003 0.60500000000000009 1.2150000000000001 3.1350000000000002 10.176900000000002 10.409250000000002 0 7.3650000000000011 1.0000000180025095e-35 4.5050000000000008 1.0000000180025095e-35 7.3750000000000009 1.0000000180025095e-35 1 6.5032000000000005 1.0000000180025095e-35 10.225000000000003 6.0091500000000009 10.615 10.655000000000003 10.565000000000003 6.4496000000000011
decision_type=2 2 2 2 2 2 9 2 2 2 2 2 2 9 2 2 2 2 2 2 2 2
left_child=1 -1 -3 -4 6 -6 14 8 9 -8 13 -9 18 -7 15 19 17 -17 -13 -5 -18 -19
right_child=-2 2 3 4 5 10 7 11 -10 -11 -12 12 -14 -15 -16 16 20 21 -20 -21 -22 -23
leaf_value=-0.35049207874114713 1.0356480894126576 0.81417758602797086 -0.36495743005741021 0.016948936119423278 0.69895364630996504 0.056551740857660432 0.023619368139969264 0.075860049200704216 -99.159027972042239 -11.422497002137007 0.29574058049148289 0.043423938524622806 -0.3186089638168304 -0.063479841585040983 0.020401160642425732 -0.031495218230466186 0.094249771575848712 0.056982844197302034 0.0067681910014892668 0.054289939111225198 0.077214222858388665 0.074219772696219322
leaf_weight=74.944480895996776 26.733988767487517 53.869227103961975 35.134156540423419 20.627166526320025 26.791650772114025 88.197239280939925 15.622774124145272 79.611282348632784 0.10645547452222004 0.096775936614256319 59.507399070156936 59.524673461914034 62.990974941160317 39.975968321786354 48.428693410811775 14.968245843671808 88.251472473144531 46.305656433105469 73.994990713178737 157.81519955758984 286.16301975040466 77.893714904785156
leaf_count=1583 726 909 2988 2883 225 382 2616 482 775 12185 539 45994 1927 1061 1717 1466 104 120 660 2229 1560 15
internal_value=0.0676094 0.0492658 0.0716927 0.0404939 0.0519187 0.180469 0.0252134 -0.0736452 -0.713537 -0.0468476 0.106455 -0.0396367 -0.0864273 0.0185745 0.0643176 0.0683204 0.0746949 0.0571142 0.0231098 0.0499735 0.0812296 0.0677933
internal_weight=1437.56 1410.82 1335.88 1282.01 1246.87 214.472 1032.4 291.948 15.826 15.7196 187.681 276.122 196.511 128.173 740.453 692.024 513.582 139.168 133.52 178.442 374.414 124.199
internal_count=83146 82420 80837 79928 76940 2207 74733 64639 15576 14801 1982 49063 48581 1443 10094 8377 3265 1601 46654 5112 1664 135
cat_boundaries=0 1 2
cat_threshold=12 256
is_linear=0
shrinkage=0.05


Tree=133
num_leaves=24
num_cat=2
split_feature=0 0 0 1 1 1 1 0 1 4 3 1 0 0 3 1 1 1 0 1 0 1 1
split_gain=25730.7 3829.93 12142.1 4004.85 2256.26 1481.41 5283.71 1673.24 503.693 458.652 1843.27 7782.84 268.775 159.874 75.0976 65.0447 56.4809 37.3802 110.465 17.1934 14.0854 13.9487 0.0373427
threshold=13.417300000000003 8.5626500000000014 10.409250000000002 15.620850000000003 15.620850000000003 7.3479500000000009 10.361100000000002 6.4496000000000011 15.028300000000002 1.0000000180025095e-35 0 12.822250000000002 1.0000000180025095e-35 7.7317000000000009 1 14.200250000000002 15.198500000000001 15.581400000000002 7.3795000000000011 14.880550000000001 11.069350000000002 12.822250000000002 12.694800000000003
decision_type=2 2 2 2 2 2 2 2 2 2 9 2 2 2 9 2 2 2 2 2 2 2 2
left_child=1 4 -3 8 5 7 -7 -1 -4 10 17 -12 14 -14 19 21 20 18 -8 -11 -10 22 -16
right_child=-2 2 3 -5 -6 6 9 -9 16 12 11 -13 13 -15 15 -17 -18 -19 -20 -21 -22 -23 -24
leaf_value=-0.26551473860731445 2.5172485550709518 1.6039727927311163 -0.14237905918742716 0.41595001901979567 -0.29888762902059413 0.96188762256138982 -0.10340591580145886 0.055341448257097275 0.078590416682847136 0.089732634725117763 -0.097339364538899548 -2.5561227514587306 -0.099723773062201038 0.032125916387878324 0.052635200069447823 -0.022784207799093976 -0.0099206284512465253 0.064299266953812648 0.049150082937751458 0.066665533401756544 0.044951241482593024 0.022845790478290259 0.054068646005132594
leaf_weight=87.553668342565288 10.636694713112091 14.745815666729071 41.807614145265831 87.860062730972601 58.219695604717231 15.520688901284187 16.021108428357081 75.8201904296875 83.694625854492188 176.84988720338839 15.364882669506921 4.0711372293014909 44.551856886949153 47.50717611005679 85.386732817212021 38.891090618641329 29.936489792815621 63.104022979736328 45.753231048583984 148.71109048730227 49.53693682395101 46.975162508655785 97.102003246545792
leaf_count=64836 726 2111 1815 416 634 8388 290 1278 24 59 210 578 550 140 93 298 284 8 71 38 90 192 17
internal_value=0.067515 0.0485642 0.204018 0.133523 0.00376893 0.0212292 0.0478534 -0.116609 0.012464 0.0307673 -0.0502534 -0.404332 0.0478123 -0.0316826 0.0601343 0.0356796 0.0521386 0.0344728 0.00958485 0.0768358 0.066083 0.0471434 0.0533979
internal_weight=1385.62 1374.99 307.582 292.836 1067.4 1009.18 845.81 163.374 204.976 830.289 144.314 19.436 685.975 92.059 593.916 268.355 163.168 124.878 61.7743 325.561 133.232 229.464 182.489
internal_count=83146 82420 4740 2629 77680 77046 10932 66114 2213 2544 1157 788 1387 690 697 600 398 369 361 97 114 302 110
cat_boundaries=0 1 2
cat_threshold=272 24
is_linear=0
shrinkage=0.05


Tree=134
num_leaves=31
num_cat=1
split_feature=0 1 2 2 2 0 1 3 1 5 1 1 1 0 1 1 1 1 1 2 1 1 2 1 1 1 2 1 5 1
split_gain=238153 1.56897e+06 4394.03 21939.8 1804.96 1783.21 30525.2 1494.47 25089.9 575636 1.24802e+06 1455.1 579.737 277.142 258.047 137.731 50.5944 42.9888 49.9307 136.601 42.2503 351.571 20.2022 6.68689 4.76741 2.2135 1.23882 0.62877 1.14402 0.211203
threshold=13.417300000000003 14.405750000000003 0.60500000000000009 1.2150000000000001 3.1350000000000002 10.176900000000002 11.203800000000003 0 14.200250000000002 1.0000000180025095e-35 13.444400000000002 16.151200000000003 15.620850000000003 13.277750000000003 12.822250000000002 14.994250000000003 14.839450000000001 10.004750000000001 12.415550000000001 4.5650000000000004 15.028300000000002 14.367050000000003 10.225000000000003 15.070250000000003 15.581400000000002 12.576950000000002 3.6550000000000007 14.163950000000002 1.0000000180025095e-35 14.200250000000002
decision_type=2 2 2 2 2 2 2 9 2 2 2 2 2 2 2 2 2 2 2 2 2 2 2 2 2 2 2 2 2 2
left_child=2 -2 -1 -4 -5 7 -7 15 9 14 -11 13 20 -8 -9 16 17 22 19 -19 21 -10 -6 -22 -25 -20 -27 28 -28 -29
right_child=1 -3 3 4 5 6 11 8 12 10 -12 -13 -14 -15 -16 -17 -18 18 25 -21 23 -23 -24 24 -26 26 27 29 -30 -31
leaf_value=-0.3071259175953549 134.29222266086217 -7.7457149453962435 1.4066036407819911 -0.27445814072642044 0.063189910956343895 5.0339088098266824 -0.11279836528946899 -0.13181311406558024 0.048990068861616637 -195.52648818312088 -0.72840227626140708 0.26404396540644126 -0.11285763946443737 0.058610216834025577 -2.1821645506147149 -0.026843183853935672 0.092009740557001229 0.050509314300454758 0.065083536335454842 -0.21603577408454153 0.071764786644989906 -0.71762117764201816 0.098562298584860708 0.044206967627079492 0.063331030891110265 0.059368197741047374 0.052057276755228948 0.057821748915374949 0.037811270699078331 0.05274637758297878
leaf_weight=82.044883728027344 0.24766806196210789 0.9043281411476658 30.000642284792548 44.433960963451909 74.19589996337902 3.2022116595960872 46.308407613359002 9.5503816604611202 16.899717066436946 0.12092045959498676 0.25692460517167426 80.320942074060454 68.28168807715781 48.050926309713155 0.15596114484496837 39.788007737473208 175.82633972167969 19.402200343217824 63.085914611816406 6.3898101426105489 75.740211486816889 1.6407559338041497 88.527847290039062 70.071993524317776 60.920711517333984 94.154579162597656 83.415858550704655 45.521377563476562 16.957252892899163 37.287803545594215
leaf_count=1583 416 310 909 2988 4537 854 1226 61542 74 1414 204 108 452 19 97 131 16 40 17 236 27 416 4598 386 27 78 55 7 269 110
internal_value=0.066697 22.7911 0.0477622 0.0701509 0.0385932 0.0499384 0.196313 0.025098 -0.067255 -2.52172 -63.069 0.107631 0.0147696 -0.0255114 -0.164758 0.0628204 0.0687738 0.0610499 0.0515482 -0.0155256 0.0534542 -0.0188519 0.0824338 0.0599388 0.053101 0.05663 0.0547071 0.0523113 0.0496505 0.0555364
internal_weight=1383.71 1.152 1382.55 1300.51 1270.51 1226.07 177.882 1048.19 303.639 10.0842 0.377845 174.68 293.555 94.3593 9.70634 744.553 704.765 528.939 366.215 25.792 225.273 18.5405 162.724 206.733 130.993 340.423 277.337 183.182 100.373 82.8092
internal_count=83146 726 82420 80837 79928 76940 2207 74733 64639 63257 1618 1353 1382 1245 61639 10094 9963 9947 812 276 930 490 9135 440 413 536 519 441 324 117
cat_boundaries=0 1
cat_threshold=12
is_linear=0
shrinkage=0.05


Tree=135
num_leaves=28
num_cat=0
split_feature=0 0 2 0 0 2 2 1 0 8 0 2 1 0 1 1 1 0 1 1 1 0 11 1 2 1 2
split_gain=8262.47 27342.8 611277 611128 631844 4001.02 3836.41 2538.1 4375.73 1805.62 1159.72 2452.41 1050.09 11525.8 19222.5 2090.3 1581.36 878.619 110.91 18.7335 39.5733 13.6627 5.1235 15.6965 0.508581 0.932582 0.319564
threshold=11.681300000000002 12.690450000000002 1.1050000000000002 11.900850000000002 12.596050000000002 1.2150000000000001 0.60500000000000009 15.864400000000002 8.5626500000000014 1.0000000180025095e-35 0.34005000000000007 3.8050000000000002 12.415550000000001 0.25075000000000008 10.361100000000002 13.444400000000002 12.694800000000003 6.4496000000000011 13.175050000000001 14.839450000000001 14.880550000000001 6.5032000000000005 1.0000000180025095e-35 15.416350000000001 10.655000000000003 14.200250000000002 10.655000000000003
decision_type=2 2 2 2 2 2 2 2 2 2 2 2 2 2 2 2 2 2 2 2 2 2 2 2 2 2 2
left_child=6 2 -2 -4 -5 -3 -1 8 10 -7 11 -8 13 14 -13 16 -14 -12 21 24 -21 -19 23 -22 -17 -26 -25
right_child=1 5 3 4 -6 9 7 -9 -10 -11 17 12 15 -15 -16 19 -18 18 -20 20 22 -23 -24 26 25 -27 -28
leaf_value=-0.26423669308687736 -0.037034528379800299 0.66942524486087907 166.18790519833442 -23.556719780681249 104.71608734005754 -0.12692993875482608 0.67097222648900345 -0.20693738001392867 0.55689515671069179 0.31071120248031114 -0.22155392533644733 -1.7220832554095964 0.062151652057618058 0.096457077201589123 -34.495734140896751 0.03693739238074252 0.38109413490373928 0.065822665144949666 -0.034714491779418467 0.088316930438447669 0.028127589885516183 0.030629928758831221 0.07019282417010296 0.063779897233977353 0.051529142979269964 0.040696024630748236 0.059608352664280433
leaf_weight=87.209846496582259 8.4943141937255273 44.30429597480375 0.10182318285142256 0.23480497679112022 0.16240139305591583 46.825084287707391 18.552648544379394 72.851643603343746 49.57280485149181 47.452533721924091 45.811552996917072 7.7260998095197539 61.040426462888718 88.527023315429688 0.045001112770788221 16.064897537232014 106.97141800114582 72.270454406738281 53.166767930027277 174.0621337890625 44.043415663659175 44.596449173991317 73.618385314941918 71.891183450818076 44.405301081115859 35.950163040278817 127.03270328970136
leaf_count=1492 94 169 159 487 55 914 3098 601 3074 9 11109 58692 33 304 124 192 98 49 473 13 118 1460 46 35 71 98 79
internal_value=0.0964158 0.450895 3.12253 56.9036 28.8888 0.277518 0.056033 0.0791505 0.0975079 0.093347 0.0765338 0.102274 0.0898809 -0.0656116 -1.91187 0.109711 0.265219 -0.0272064 0.025156 0.065207 0.0691665 0.0523931 0.0586373 0.0551361 0.0450589 0.0466825 0.061116
internal_weight=1442.99 147.575 8.99334 0.49903 0.397206 138.582 1295.41 1208.2 1135.35 94.2776 1085.78 869.931 851.378 96.2981 7.7711 755.08 168.012 215.845 170.034 587.068 490.648 116.867 316.586 242.967 96.4204 80.3555 198.924
internal_count=83146 1887 795 701 542 1092 81259 79767 79166 923 76092 63001 59903 59120 58816 783 131 13091 1982 652 291 1509 278 232 361 169 114
is_linear=0
shrinkage=0.05


Tree=136
num_leaves=23
num_cat=2
split_feature=0 5 2 2 2 8 3 2 0 4 2 3 2 2 2 2 0 5 2 4 0 5
split_gain=7000.03 11877.4 3445.37 24288 1425.64 1403.05 1078.79 2618.15 1424.07 1606.48 2571.95 729.397 26.9458 14.0141 35.8616 35.9817 4.20175 3.39375 1.83755 0.242074 0.183429 0.104067
threshold=12.248250000000002 1.0000000180025095e-35 0.60500000000000009 1.2150000000000001 3.1350000000000002 1.0000000180025095e-35 0 5.9050000000000011 1.0000000180025095e-35 1.0000000180025095e-35 9.6350000000000033 1 10.655000000000003 10.565000000000003 10.225000000000003 5.5950000000000006 0.88170000000000015 1.0000000180025095e-35 5.2250000000000005 1.0000000180025095e-35 7.7317000000000009 1.0000000180025095e-35
decision_type=2 2 2 2 2 2 9 2 2 2 2 9 2 2 2 2 2 2 2 2 2 2
left_child=2 -2 -1 -4 -5 -3 7 -6 9 12 -11 13 -9 14 15 17 19 -8 20 -15 -19 -21
right_child=1 5 3 4 6 -7 11 8 -10 10 -12 -13 -14 16 -16 -17 -18 18 -20 21 -22 -23
leaf_value=-0.24870467008523112 0.91428912975663623 -0.12405816882252152 2.6918208265267651 -0.19518199341435816 0.77081345613416274 0.23561789992667204 0.032117638521299681 0.05550865966101215 -0.075807308019727127 0.060360218954525792 0.47651353750135927 -0.057459068727376397 0.0092815442100899637 0.049745991295265746 0.093211029288185587 -0.031407249045714403 0.034400586807821924 0.05933641259453503 0.067989065908005034 0.055029973548131876 0.054960029153626667 0.052898486783703284
leaf_weight=88.576797485352017 66.69941915114444 51.043737609162299 8.7984704972272976 54.314865117341924 15.722344586010875 57.834712982178097 10.196673065424049 69.70905303955081 78.94285909363208 71.452445983886705 77.286556579819958 171.71397055370937 57.547871912611669 39.578891080270921 88.111289978027344 11.430998755442173 32.800998049569102 53.041969299316406 70.196258544921875 116.31761625113359 43.643191300332774 112.79541730607576
leaf_count=1523 428 950 871 2916 744 19 875 85 1536 87 261 63069 152 1317 316 3659 1877 388 83 1474 255 261
internal_value=0.0929252 0.388871 0.0520808 0.0745905 0.0549893 0.0669967 0.0671162 0.135761 0.111456 0.165019 0.276598 0.0309594 0.0346039 0.0577523 0.0668785 0.0545703 0.0512945 0.0601205 0.0618315 0.0533568 0.0573609 0.0539806
internal_weight=1447.76 175.578 1272.18 1183.6 1174.8 108.878 1120.49 370.661 354.939 275.996 148.739 749.827 127.257 578.113 276.62 188.509 301.493 177.078 166.881 268.692 96.6852 229.113
internal_count=83146 1397 81749 80226 79355 969 76439 2865 2121 585 348 73574 237 10505 5576 5260 4929 1601 726 3052 643 1735
cat_boundaries=0 1 2
cat_threshold=272 4
is_linear=0
shrinkage=0.05


Tree=137
num_leaves=27
num_cat=1
split_feature=1 0 5 2 3 2 8 0 0 1 1 1 1 0 2 2 0 2 1 1 4 1 2 1 2 1
split_gain=5337.03 6286.3 12396.5 2803.94 1944.76 28413.7 289116 713649 25703.3 2462.16 1503.2 1514.01 7668.23 1383.57 677.395 99799.2 361.922 247.358 32.9714 43.4172 37.7329 5.88275 5.34879 2.05439 1.66055 1.60225
threshold=15.864400000000002 8.5626500000000014 1.0000000180025095e-35 3.1350000000000002 0 9.1550000000000029 1.0000000180025095e-35 12.933400000000001 13.0342 14.367050000000003 12.415550000000001 13.444400000000002 13.079150000000002 0.25075000000000008 10.655000000000003 3.8750000000000004 0.34005000000000007 0.31500000000000006 15.070250000000003 14.839450000000001 1.0000000180025095e-35 15.581400000000002 10.655000000000003 12.576950000000002 3.6550000000000007 14.200250000000002
decision_type=2 2 2 2 9 2 2 2 2 2 2 2 2 2 2 2 2 2 2 2 2 2 2 2 2 2
left_child=1 3 -3 -1 9 6 7 -6 -9 -4 13 12 23 14 15 -5 -15 -11 19 22 21 -20 -13 -12 -25 -24
right_child=-2 2 4 10 5 -7 -8 8 -10 17 11 18 -14 16 -16 -17 -18 -19 20 -21 -22 -23 25 24 -26 -27
leaf_value=-0.27681004838752238 -0.30535870355950712 0.80926015743874302 0.43170128019463716 0.010305213543528769 -475.16979450719566 -0.056295793304727275 -0.66930479593223691 0.050003920966195985 -78.748836927596983 0.11387965497338537 0.061691322484116344 -0.0018230614824258436 0.75242256666213259 0.088220179273430593 -0.19106994080379447 -38.232397769524844 -0.065612488824826454 -0.021924233099931103 0.039111876501396532 0.080288587749632628 0.0064895680747654901 0.061409003299457067 0.048956824313345471 0.057950104188363105 0.045421411785959369 0.034216930519856824
leaf_weight=60.953807832178768 80.686222195877463 88.504492637439256 65.820035972908499 9.7211408615112589 0.01125795322435779 32.669136802760939 0.62552702426909901 0.027766525745393747 0.016497556382698612 87.069221496582045 56.882823944091797 7.5560970306399602 51.068253499594221 87.32674407958983 34.203166063565746 0.17364374247655412 68.013277980145929 54.530458635708172 38.804509705078743 244.75048396345412 50.060618327620716 124.46249997157136 40.987044593871957 41.940727233886719 71.592743720859289 33.509827650480219
leaf_count=4140 975 1318 553 1598 1105 1031 21 5 119 11 26 448 96 307 3431 55285 10904 762 153 132 279 51 121 7 116 152
internal_value=0.0896679 0.113255 0.30325 0.0520419 0.117247 -0.205421 -10.375 -119.722 -29.3189 0.170796 0.072899 0.104898 0.214987 -0.0493004 -0.296473 -0.660817 0.0208669 0.0615812 0.0597555 0.0697364 0.0444654 0.0561095 0.0382609 0.0539355 0.0500497 0.0423266
internal_weight=1431.97 1351.28 329.274 1022.01 240.77 33.3502 0.681049 0.055522 0.0442641 207.42 961.054 761.616 221.485 199.438 44.098 9.89478 155.34 141.6 540.131 326.803 213.328 163.267 82.053 170.416 113.533 74.4969
internal_count=83146 82171 4925 77246 3607 2281 1250 1229 124 1326 73106 1581 245 71525 60314 56883 11211 773 1336 853 483 204 721 149 123 273
cat_boundaries=0 1
cat_threshold=258
is_linear=0
shrinkage=0.05


Tree=138
num_leaves=25
num_cat=3
split_feature=0 3 2 4 0 0 2 6 2 2 0 3 4 2 2 0 0 2 0 4 2 3 2 5
split_gain=8105.26 33920 1.5196e+06 8.27317e+06 9445.4 9898.28 3884.43 1081.76 1586.98 4628.39 763.529 983.729 1969.28 4076.9 1415.03 876.843 154.308 123.31 51.0271 161.386 47.748 47.7138 21.4433 5.64882
threshold=8.5626500000000014 0 5.1750000000000007 1.0000000180025095e-35 11.397250000000001 12.798100000000002 3.1350000000000002 1.0000000180025095e-35 4.1650000000000009 10.655000000000003 0.34005000000000007 1 1.0000000180025095e-35 9.6350000000000033 9.9750000000000032 6.4496000000000011 6.5032000000000005 1.0000000180025095e-35 0.25075000000000008 1.0000000180025095e-35 10.135000000000003 2 10.655000000000003 1.0000000180025095e-35
decision_type=2 9 2 2 2 2 2 2 2 2 2 9 2 2 2 2 2 2 2 2 2 9 2 2
left_child=6 7 3 -3 -4 -6 -1 8 17 -10 11 12 22 -14 -13 -12 -17 -2 19 20 -16 -21 -8 -23
right_child=1 2 4 -5 5 -7 10 -9 9 -11 15 14 13 -15 18 16 -18 -19 -20 21 -22 23 -24 -25
leaf_value=-0.32515591765792423 0.10235298814814903 -4.3714637989335214 -0.022035127937780719 296.55279731950549 -22.042897887974476 -3.6490318618685351 0.046431297484413464 -0.069395382559666416 0.55416751354166649 0.025941562782038904 -0.29050470813607648 -0.56141861744182797 0.044807747072482279 0.62118756438483036 0.04726484295225445 0.062239411881254696 -0.060593802052583502 0.016825788977669866 0.085461556554392068 0.074656834069754055 -0.070271593362410484 0.042747172199018468 0.0051799737724414364 0.026678336117800485
leaf_weight=70.165107728095904 88.091903686523409 1.243884272876622 33.375222172297072 0.27977210283281273 0.081456118146897016 0.71638414654414873 73.441963195800838 55.261294825742198 79.629896088300114 86.53576967362622 29.238442561255141 9.6270522664494802 67.135928264176783 56.498412294771782 11.271887779235817 70.120216369628906 40.241387040696878 80.797295853271322 86.249778747558594 171.00563522963785 37.01669984760067 107.44596345921121 55.167814925768539 111.39583602137765
leaf_count=4319 14 666 1204 613 404 330 117 859 362 565 10014 56680 248 264 160 52 1666 449 11 54 1852 1726 155 362
internal_value=0.111595 0.29412 1.58402 50.8839 -0.150559 -5.52697 0.0335268 0.132181 0.169373 0.279078 0.0607092 0.0798416 0.159394 0.308202 0.0385578 -0.047049 0.0174505 0.0614364 0.0503079 0.0433877 -0.0428353 0.0540678 0.0287363 0.0330572
internal_weight=1422.04 426.013 35.6967 1.52366 34.1731 0.79784 996.022 390.316 335.055 166.166 925.857 786.257 252.244 123.634 534.013 139.6 110.362 168.889 524.386 438.136 48.2886 389.847 128.61 218.842
internal_count=83146 5466 3217 1279 1938 734 77680 2249 1390 927 73361 61629 784 512 60845 11732 1718 463 4165 4154 2012 2142 272 2088
cat_boundaries=0 1 2 3
cat_threshold=274 272 8
is_linear=0
shrinkage=0.05


Tree=139
num_leaves=26
num_cat=0
split_feature=1 0 5 0 2 1 1 1 2 0 2 0 2 1 2 1 4 1 1 2 1 1 1 2 1
split_gain=6043.23 4891.01 6968.43 5094.15 2766.44 1604.61 1768.49 11114.4 1030.04 848.915 349.796 155.609 111.199 126.27 1267.08 23.777 62.6365 39.8657 9.78354 8.67575 8.16374 2.41984 1.76336 2.11866 1.18665
threshold=15.696850000000001 10.176900000000002 1.0000000180025095e-35 11.019700000000002 3.1350000000000002 12.415550000000001 13.444400000000002 13.079150000000002 10.255000000000001 0.25075000000000008 10.135000000000003 0.34005000000000007 10.095000000000001 15.154500000000002 9.4550000000000018 15.070250000000003 1.0000000180025095e-35 14.839450000000001 14.880550000000001 10.655000000000003 15.581400000000002 14.200250000000002 12.576950000000002 3.6550000000000007 15.198500000000001
decision_type=2 2 2 2 2 2 2 2 2 2 2 2 2 2 2 2 2 2 2 2 2 2 2 2 2
left_child=1 4 -3 -4 -1 8 7 22 9 -6 12 -11 13 14 -5 17 20 19 -19 -8 -17 -21 -7 -24 -15
right_child=-2 2 3 10 5 6 15 -9 -10 11 -12 -13 -14 24 -16 16 -18 18 -20 21 -22 -23 23 -25 -26
leaf_value=-0.23732388595928439 -0.32384131591642173 0.66310906127784897 0.47885050366603488 -1.2469910771568282 -0.34281078631853951 0.060386447866607795 -0.017993098966643074 1.0170805172700348 -0.28395901805298823 0.08308907103834956 -0.10907864455897431 -0.018361556444314153 0.10701230725581412 0.062816542736857564 0.039187639471017444 0.035912900101059214 -0.021583243825195182 0.081819796181667959 0.059153113784627114 0.047907451694440453 0.062107131186503253 0.029321513872754126 0.057971150399995931 0.043528162800202622 0.052760073553960098
leaf_weight=79.613273621371491 86.381669944888472 81.556617655060165 88.5393460188061 2.0825044182114452 16.188949830316375 53.346237182617273 7.2402062416077788 36.786425324038731 38.856166420099498 84.911849975585938 33.922016863544911 68.121371289057464 88.200836181640625 57.543235778808601 23.790680633799639 39.716786015633858 31.591946494411815 168.41552734375 66.365160906260826 38.602633229080993 118.47607040405273 32.055533462953917 42.021224975585938 64.160536926239729 59.83726372691023
leaf_count=4482 1278 817 715 526 56607 33 646 127 5555 300 815 9786 3 12 41 199 303 26 154 162 33 189 13 148 176
internal_value=0.0822162 0.106884 0.246453 0.150439 0.0452716 0.0700808 0.106374 0.23363 -0.051802 0.00150504 0.0408685 0.0379292 0.0628447 0.0356509 -0.0643355 0.0566551 0.0426941 0.0651288 0.0754126 0.0341342 0.0555307 0.0394756 0.05297 0.0492439 0.05769
internal_weight=1508.32 1421.94 435.473 353.916 986.47 906.857 698.778 196.314 208.078 169.222 265.377 153.033 231.455 143.254 25.8732 502.464 189.785 312.679 234.781 77.8984 158.193 70.6582 159.528 106.182 117.38
internal_count=83146 81868 3105 2288 78763 74281 2033 321 72248 66693 1573 10086 758 755 567 1712 535 1177 180 997 232 351 194 161 188
is_linear=0
shrinkage=0.05


Tree=140
num_leaves=21
num_cat=1
split_feature=6 11 2 1 2 1 1 2 1 1 3 1 2 5 5 2 2 1 1 1
split_gain=7413.63 2900.69 3502.38 8003.14 9433.39 6455.54 686.182 1275.05 906.743 669.401 158.641 359.554 69.1455 118.05 44.9227 21.2479 20.8641 15.0862 1.29986 0.897637
threshold=1.0000000180025095e-35 1.0000000180025095e-35 9.7250000000000032 11.203800000000003 4.1650000000000009 14.405750000000003 12.415550000000001 10.255000000000001 13.356150000000001 15.546550000000002 0 15.350350000000002 2.8950000000000005 1.0000000180025095e-35 1.0000000180025095e-35 10.615 10.135000000000003 16.151200000000003 14.959550000000002 14.200250000000002
decision_type=2 2 2 2 2 2 2 2 2 2 9 2 2 2 2 2 2 2 2 2
left_child=1 2 3 -1 9 -6 7 -4 -8 12 14 18 13 -5 15 -10 -16 -18 19 -12
right_child=-2 -3 6 4 5 -7 8 -9 10 -11 11 -13 -14 -15 16 -17 17 -19 -20 -21
leaf_value=0.72724629755189552 -0.48589174397175533 -0.2272034082846226 0.072051846142432971 -0.035957722604002977 2.2593489867573804 0.57898686130056154 0.20859097896804882 -0.25215637139427005 0.063897884579091707 0.22792011428244741 0.045887421738890426 -0.14015660820207354 0.065674808956200051 0.054385563132452554 0.10122639615946841 0.020651047607486924 0.06422855351648131 0.089751174266557654 0.050180265645505068 0.034354710074519672
leaf_weight=68.720819665788895 55.496032258730565 63.435101787280246 83.35130272491358 59.760382979251148 7.3660759925842454 25.510020255078228 113.05739101085567 47.670613109546252 62.216423034668182 58.001856849592286 37.067562156522129 31.830101951560039 162.51036180205136 91.555265426635771 88.568191528320398 52.257751849008983 167.16951348993882 88.577369689941435 75.062446043848468 30.968866632089075
leaf_count=69586 2239 2601 749 170 84 241 68 6298 5 252 49 201 48 115 23 90 226 25 31 45
internal_value=0.0809984 0.103237 0.11875 0.228363 0.14365 0.955482 0.0596326 -0.0459071 0.0781495 0.0718694 0.0548783 0.0111952 0.0430279 0.0187055 0.0697693 0.0441556 0.0803114 0.0730683 0.0456434 0.040638
internal_weight=1470.15 1414.66 1351.22 473.425 404.704 32.8761 877.798 131.022 746.776 371.828 633.718 174.929 313.826 151.316 458.789 114.474 344.315 255.747 143.099 68.0364
internal_count=83146 80907 78306 70496 910 325 7810 7047 763 585 695 326 333 285 369 95 274 251 125 94
cat_boundaries=0 1
cat_threshold=264
is_linear=0
shrinkage=0.05


Tree=141
num_leaves=24
num_cat=3
split_feature=0 5 0 0 2 0 0 3 4 2 2 3 2 0 0 3 8 0 2 0 5 4 2
split_gain=4094.42 8551.22 196235 4892.29 4424.34 1683.74 1677.97 1169.38 2236.29 6835.3 611.57 562.308 1339.18 414.545 280.742 56.4752 39.4609 142.011 18.3466 16.1402 0.41944 0.233419 4.92024e-05
threshold=10.176900000000002 1.0000000180025095e-35 13.570150000000002 11.019700000000002 3.1350000000000002 0.34005000000000007 6.4496000000000011 0 1.0000000180025095e-35 9.6350000000000033 9.9750000000000032 1 9.4550000000000018 6.5032000000000005 11.287150000000002 2 1.0000000180025095e-35 11.397250000000001 10.655000000000003 0.25075000000000008 1.0000000180025095e-35 1.0000000180025095e-35 10.655000000000003
decision_type=2 2 2 2 2 2 2 9 2 2 2 9 2 2 2 9 2 2 2 2 2 2 2
left_child=4 2 -2 -3 -1 7 -7 8 18 -10 -9 16 -13 -8 -14 19 17 -5 -6 20 -12 22 -22
right_child=1 3 -4 11 5 6 13 10 9 -11 15 12 14 -15 -16 -17 -18 -19 -20 -21 21 -23 -24
leaf_value=-0.32919194406705765 11.090694454870613 0.45997542926336393 0.0024416019581069127 0.088885713750874396 0.041423079918150321 -0.63512875438420269 0.048510216592603794 -0.23143904906691593 0.048143375048870417 0.87265110154551506 0.049912876195977396 -0.78599178366233469 0.045107808085743349 -0.17560864713452418 -0.22117876144653878 0.017544635208286582 0.082897430367914388 -0.005840914049607693 0.0010189394021634954 0.078333994570950055 0.051260656240038741 0.055362117279525017 0.051127106654230939
leaf_weight=83.517959595224511 4.2703468399617526 83.541210445688932 60.815308843017526 88.347236989132412 60.841635227203255 14.696102153791541 44.473033905029304 20.71886760277107 71.15325284381926 38.867654896583645 84.904363182609387 6.6311073756785239 35.516307830810547 38.489108705458101 13.722329305834149 162.22363685347682 138.77168655395508 71.656354206674777 52.202178937255766 81.804794311523438 8.4996232986449893 122.20721301554545 36.57041738436385
leaf_count=4750 804 791 187 142 117 10014 52 56680 248 264 2178 531 55 3038 530 684 11 612 155 7 128 273 895
internal_value=0.0804953 0.195182 0.729955 0.11575 0.0178375 0.052438 -0.142697 0.0781903 0.17127 0.339421 0.0340529 0.034663 -0.100881 -0.0554665 -0.0291037 0.0458246 0.0613329 0.0464631 0.022765 0.0573191 0.0527751 0.0542279 0.0511523
internal_weight=1424.44 503.272 65.0857 438.186 921.17 837.652 97.6582 739.994 223.065 110.021 516.929 354.645 55.8697 82.9621 49.2386 496.21 298.775 160.004 113.044 333.986 252.182 167.277 45.07
internal_count=83146 3663 991 2672 79483 74733 13104 61629 784 512 60845 1881 1116 3090 585 4165 765 754 272 3481 3474 1296 1023
cat_boundaries=0 1 2 3
cat_threshold=272 264 4
is_linear=0
shrinkage=0.05


Tree=142
num_leaves=26
num_cat=1
split_feature=1 0 1 1 1 3 0 1 2 1 2 2 0 2 1 1 1 1 0 1 1 1 1 0 1
split_gain=5374.05 2889.03 61606 2907.21 2726.49 5896.92 953776 3.2354e+06 3357.36 2144.36 1653.11 191.267 71.4134 29.0103 16.0426 28.2272 21.6822 6.76688 4.52147 2.67319 3.89958 2.54161 1.98856 0.426176 1.1361
threshold=15.696850000000001 10.176900000000002 13.794700000000001 7.3479500000000009 13.356150000000001 0 1.0000000180025095e-35 12.822250000000002 10.385000000000003 15.546550000000002 10.225000000000003 10.135000000000003 12.798100000000002 10.095000000000001 14.839450000000001 14.880550000000001 15.581400000000002 13.079150000000002 13.417300000000003 12.415550000000001 10.781950000000002 15.350350000000002 14.200250000000002 7.7317000000000009 12.576950000000002
decision_type=2 2 2 2 2 9 2 2 2 2 2 2 2 2 2 2 2 2 2 2 2 2 2 2 2
left_child=1 3 -3 10 5 17 7 -7 -6 11 -1 12 -4 18 22 -16 21 19 -14 20 -5 -17 -10 24 -21
right_child=-2 2 9 4 8 6 -8 -9 14 -11 -12 -13 13 -15 15 16 -18 -19 -20 23 -22 -23 -24 -25 -26
leaf_value=-0.43281068802645051 -0.31068816633599111 3.4736369819468225 0.013053829997837605 0.050334203590269577 -0.31763805744587237 16.091290447121718 0.038715031758015127 301.01885983282614 0.042916073807606009 0.40221937811364072 -0.048270747295963812 -0.067847019434083167 0.063627881842440684 0.092611789429194319 0.077017788953731792 0.028958318365225451 0.060216271207345344 0.022848171101290147 0.045917987775542991 0.058231837983992542 0.026581517307209757 0.0056714785397152991 0.025193930922293179 0.058396301888059693 0.046964818331920878
leaf_weight=42.972798394740323 87.996531676059476 13.911628135583781 72.199273815864615 54.193726723654237 70.380399585251268 0.81142681837098862 88.027847770468838 0.11357764154672623 34.331947024741865 47.610837612766773 79.938987731933764 34.297340311860921 88.592381167999761 88.017448425292969 161.38726806640625 35.914217003701026 109.97991149785594 25.692889430116026 60.756529189606724 43.007827758789062 25.368124147843673 17.39142470446626 29.36949181870817 43.620330810546875 46.633850514888763
leaf_count=61861 1278 1695 705 1293 1897 7112 487 62 180 132 4948 414 58 2 9 147 32 95 99 23 194 89 192 53 89
internal_value=0.0675956 0.0929186 0.203924 0.0434213 0.0787735 0.188979 0.5119 51.0764 0.000106273 0.0877293 -0.182715 0.0441854 0.0565977 0.0698423 0.0576873 0.0621885 0.0475316 0.0451921 0.0564233 0.050013 0.0427607 0.0213608 0.0347453 0.0543429 0.0523705
internal_weight=1402.52 1314.52 405.385 909.136 786.224 327.47 88.9529 0.925004 458.755 391.474 122.912 343.863 309.566 237.366 388.374 324.673 163.286 238.517 149.349 212.824 79.5619 53.3056 63.7014 133.262 89.6417
internal_count=83146 81868 3105 78763 11954 9408 7661 7174 2546 1410 66809 1278 864 159 649 277 268 1747 157 1652 1487 236 372 165 112
cat_boundaries=0 1
cat_threshold=4
is_linear=0
shrinkage=0.05


Tree=143
num_leaves=22
num_cat=0
split_feature=6 0 1 1 1 2 0 1 1 1 1 2 1 1 4 1 1 1 1 1 2
split_gain=4930.79 4671.5 8100.64 1562.93 1998.27 1892.44 1403.55 709.462 301.934 186.778 96.5737 33.7139 18.522 38.034 19.3176 135.596 18.7176 9.26853 7.29144 1.33867 0.371989
threshold=1.0000000180025095e-35 10.176900000000002 14.405750000000003 7.3479500000000009 10.361100000000002 3.1350000000000002 6.4496000000000011 15.620850000000003 15.620850000000003 12.415550000000001 14.959550000000002 1.3250000000000004 14.839450000000001 15.070250000000003 1.0000000180025095e-35 12.822250000000002 15.581400000000002 13.175050000000001 15.350350000000002 14.200250000000002 7.5050000000000008
decision_type=2 2 2 2 2 2 2 2 2 2 2 2 2 2 2 2 2 2 2 2 2
left_child=1 3 -3 6 -5 -6 -1 10 9 -7 -4 -12 14 -14 15 -11 18 20 -15 -19 -16
right_child=-2 2 7 4 5 8 -8 -9 -10 12 11 -13 13 16 17 -17 -18 19 -20 -21 -22
leaf_value=-0.28618942524956537 -0.36661593742027249 0.6321403427508514 -0.080068871552972945 0.32789194162260643 -0.20931152843422993 -0.085030864881519508 0.037303306190587075 0.20675918198617041 -0.071644925146097549 0.044682775357761134 0.057727740594605427 0.0049242266223525726 0.073506672836216577 0.029369199058149949 0.056509470141591744 -0.55232975504971826 0.059031600506226391 0.037511153712872419 -0.010160788715111628 0.022779173315301996 0.0514311996005474
leaf_weight=81.116356029434996 69.883874088587845 87.665806976572014 15.849374830750603 52.486192778368377 87.726257324505241 24.802949041251395 57.157047271728516 88.268885190602987 56.747380462815954 7.7400126457214462 165.62134780552861 36.978139364467381 236.62806324875544 34.779738447614946 66.963451385497933 1.0843292546839096 49.357891082763672 33.254502518281441 17.552730800743788 28.753075237092673 78.142091786400954
leaf_count=64830 2239 1862 283 8492 1037 280 1963 327 259 42 70 229 93 99 44 312 10 299 88 234 54
internal_value=0.0425911 0.0644429 0.208278 0.00239897 0.0299939 0.00838395 -0.15247 0.0871303 0.0384208 0.0492072 0.0387917 0.0480901 0.0552143 0.0625166 0.0437735 -0.0286777 0.0369433 0.0468604 0.0161105 0.0306799 0.0537747
internal_weight=1378.56 1308.68 394.384 914.292 776.019 723.532 138.273 306.718 635.806 579.059 218.449 202.599 554.256 338.318 215.937 8.82434 101.69 207.113 52.3325 62.0076 145.106
internal_count=83146 80907 2771 78136 11343 2851 66793 909 1814 1555 582 299 1275 290 985 354 197 631 187 533 98
is_linear=0
shrinkage=0.05


Tree=144
num_leaves=26
num_cat=4
split_feature=0 3 2 2 3 0 2 0 0 2 2 0 2 3 0 3 0 8 2 0 2 4 2 4 0
split_gain=4149.29 4583.05 17817.5 2760.48 1984.65 591334 3.52077e+06 2.64326e+06 22569.5 4111.96 21503.9 1366.58 754.454 573.269 237.877 221.312 68.7379 71.8298 60.7894 31.9663 15.2799 101.583 26.4598 6.38361 3.71875
threshold=10.176900000000002 0 5.1750000000000007 3.1350000000000002 1 1.0000000180025095e-35 10.655000000000003 8.7428000000000008 3.6478000000000006 7.3650000000000011 4.5050000000000008 11.019700000000002 10.615 2 11.397250000000001 3 11.397250000000001 1.0000000180025095e-35 7.3750000000000009 6.5032000000000005 10.225000000000003 1.0000000180025095e-35 10.255000000000001 1.0000000180025095e-35 6.0091500000000009
decision_type=2 9 2 2 9 2 2 2 2 2 2 2 2 9 2 9 2 2 2 2 2 2 2 2 2
left_child=3 11 -3 -1 19 9 7 -7 -8 10 -6 -2 18 -14 -4 16 -13 -18 -11 20 21 -5 -22 -24 -23
right_child=1 2 14 4 5 6 8 -9 -10 12 -12 15 13 -15 -16 -17 17 -19 -20 -21 22 24 23 -25 -26
leaf_value=-0.28586859370358753 0.2795877147007983 1.4145416944843203 0.024493462167278976 -0.13767422347670155 -0.38937526527730304 -1897.8893499111568 -16.265741815061514 -341.40441262576968 -51.462389076110981 0.073261458107485453 -16.135366369302215 0.090132017380955609 -0.025359933195463959 -0.33955980553206083 -0.20172758797387297 -0.050879191422384576 0.0022513815423020503 0.070643052367397041 0.0057762501302526465 0.011465113453317605 0.086605123035641829 0.037501403302697051 0.035067190040001049 0.057946066302972027 0.059099092160987167
leaf_weight=88.577903747808705 69.103574975205731 34.189290363214816 36.033984242007129 7.4168908767509256 1.8196924924850457 0.0043997396119370702 0.091903626918792697 0.0071772984820430707 0.090298216332820008 76.781631469726435 0.24616116578727076 88.415275878157814 49.018969140624264 17.155294651580746 17.151779015727016 57.64970482263135 80.634552785148884 73.283561706542969 59.019844220157992 40.214126993184664 86.462196350097656 26.560465317694536 33.58859949842838 330.33833769258655 79.847410202026367
leaf_count=4750 441 760 480 3269 2426 8589 71 377 591 434 11023 152 325 558 734 419 673 4 40245 1717 43 980 1767 2274 44
internal_value=0.0415582 0.164287 0.47019 -0.0208789 0.0081471 -0.123109 -87.4317 -932.931 -33.709 -0.0462257 -2.26562 0.0770434 -0.0235252 -0.16196 -0.0484601 0.0329539 0.0528173 0.0348141 0.0439321 0.0536477 0.0576051 0.0412375 0.0617416 0.0558345 0.0537081
internal_weight=1353.7 456.462 87.3751 897.241 808.663 204.235 0.193779 0.011577 0.182202 204.042 2.06585 369.087 201.976 66.1743 53.1858 299.983 242.333 153.918 135.801 604.428 564.214 113.825 450.389 363.927 106.408
internal_count=83146 3663 1974 79483 74733 64639 9628 8966 662 55011 13449 1689 41562 883 1214 1248 829 677 40679 10094 8377 4293 4084 4041 1024
cat_boundaries=0 1 2 3 4
cat_threshold=274 12 256 256
is_linear=0
shrinkage=0.05


Tree=145
num_leaves=23
num_cat=3
split_feature=2 2 2 3 6 2 2 3 3 2 2 5 4 2 2 11 2 2 5 4 4 2
split_gain=5270.33 13550.1 8303.67 29975.3 974631 5.57044e+07 1.05039e+06 562.416 4379.05 489.718 1767.76 233.772 104.868 97.3646 63.2511 62.2685 32.1072 29.3762 21.045 10.4548 8.62575 3.32158
threshold=1.1050000000000002 1.0000000180025095e-35 10.095000000000001 0 1.0000000180025095e-35 5.8250000000000011 4.4650000000000007 1 2 5.0550000000000006 5.285000000000001 1.0000000180025095e-35 1.0000000180025095e-35 10.615 1.2150000000000001 1.0000000180025095e-35 10.255000000000001 9.9750000000000032 1.0000000180025095e-35 1.0000000180025095e-35 1.0000000180025095e-35 3.2450000000000006
decision_type=2 2 2 9 2 2 2 9 9 2 2 2 2 2 2 2 2 2 2 2 2 2
left_child=1 -1 3 9 5 6 -5 16 13 11 -11 12 -2 -9 -14 17 -4 -12 -18 -15 -20 -13
right_child=2 -3 7 4 -6 -7 -8 8 -10 10 15 21 14 19 -16 -17 18 -19 20 -21 -22 -23
leaf_value=-0.042365423751371083 0.11101426814712223 -2.0502577284862391 0.082394020445393401 106.92715577033913 0.18507654041798741 2300.053830666478 -0.47281121554167627 0.064241673911420827 -0.57757753740514373 0.38841008362720186 -0.059592978902852138 -0.049263484117807649 0.061650622419263848 -0.014682318702494566 -0.031650838965390823 0.059403598829611805 0.023963034201550496 0.051254074647405126 0.029733334288941232 0.014112904951227568 0.056838456818248562 -0.025327464043029019
leaf_weight=59.734004974364979 86.642570495605455 9.7777175160522614 85.156509399414176 0.24882133711300936 80.319973861022504 0.026766168895253517 2.6765969614528458 129.91366577166298 23.037618662370562 53.888336181640611 20.380178412605645 39.849298350512981 58.927097320556641 48.842038847418166 26.259575812717529 74.773675942851696 71.373395439873434 8.4574241638183612 32.749276559316229 88.891626629821474 282.92693357246804 22.778711671620215
leaf_count=727 804 1722 181 4541 782 57251 2805 74 1487 128 3518 848 12 437 473 249 2925 137 1733 758 877 677
internal_value=0.0988402 -0.324801 0.122625 0.286685 1.0911 29.4371 8.66209 0.0204263 -0.0339176 0.08576 0.156137 0.042141 0.0722829 0.0319948 0.0328896 0.0353319 0.0534659 -0.027084 0.0484827 0.00390177 0.0540265 -0.0405576
internal_weight=1307.63 69.5117 1238.12 475.229 83.2722 2.95218 2.92542 762.891 290.685 391.957 157.5 234.457 171.829 267.647 85.1867 103.611 472.206 28.8376 387.05 137.734 315.676 62.628
internal_count=83146 2449 80697 72225 65379 64597 7346 8472 2756 6846 4032 2814 1289 1269 485 3904 5716 3655 5535 1195 2610 1525
cat_boundaries=0 1 2 3
cat_threshold=20 12 256
is_linear=0
shrinkage=0.05


Tree=146
num_leaves=24
num_cat=2
split_feature=1 0 1 1 1 0 1 1 1 3 1 4 1 1 1 1 3 1 4 0 0 0 1
split_gain=4737.04 3994.84 9026.09 3891.16 1978.85 1876.68 1780.46 1065.35 1119.19 703.131 1333.26 1585.22 796.132 347.256 94.2078 134.619 65.887 63.431 44.686 33.2316 31.1913 0.584428 1.34752
threshold=15.696850000000001 10.176900000000002 14.367050000000003 7.3479500000000009 15.546550000000002 6.4496000000000011 10.361100000000002 15.447300000000002 15.620850000000003 0 14.367050000000003 1.0000000180025095e-35 14.320600000000001 14.959550000000002 13.175050000000001 14.320600000000001 1 12.415550000000001 1.0000000180025095e-35 13.277750000000003 11.019700000000002 6.0091500000000009 12.576950000000002
decision_type=2 2 2 2 2 2 2 2 2 9 2 2 2 2 2 2 9 2 2 2 2 2 2
left_child=1 3 -3 5 13 -1 -5 9 -9 16 11 12 -11 -4 17 -16 18 -13 -8 20 -15 22 -19
right_child=-2 2 4 6 -6 -7 7 8 -10 10 -12 14 -14 19 15 -17 -18 21 -20 -21 -22 -23 -24
leaf_value=-0.38649700059494352 -0.3135414756720083 0.71925950675111505 -0.16547833586473587 0.38239648344125904 0.36208263745521574 0.025176542825164613 0.10402071288445572 0.35416522851764981 0.028046003692534738 -0.85269558890420238 -0.35411999692846069 -0.032584300428398688 -0.0082174593786115049 0.043826291719462451 -0.10882159654131436 0.048146205967832881 0.023800162187421828 0.055457191882318561 0.056149488314648159 0.061101286846675373 -0.015680473761344661 0.0555665723141512 0.04154684389906823
leaf_weight=83.652477825533197 87.848804726838125 69.097206806956422 21.469601364223593 38.460606183774189 53.423466742271557 41.376724243164062 87.810905456542955 49.129643312683015 56.636017008306226 8.1316480579449983 32.672420824323154 26.43732407121891 4.2493929862976065 61.177097320557102 30.075256443791435 25.024488449096676 146.79930244485149 37.327041625976562 109.58533253945531 132.26718320686768 34.405811311328641 64.5347900390625 32.628420187499756
leaf_count=64836 1278 2032 432 8501 132 1973 34 222 88 791 1051 206 19 133 566 22 200 12 91 75 301 66 85
internal_value=0.0413256 0.0663379 0.203617 0.00796835 0.0859287 -0.250259 0.0510449 0.0331219 0.179533 0.00753814 -0.0533291 -0.0126377 -0.562856 0.0267552 0.0188967 -0.037532 0.0536968 0.0382172 0.0737107 0.0448688 0.0224064 0.0521349 0.0489692
internal_weight=1334.22 1246.37 371.84 874.532 302.743 125.029 749.503 711.042 105.766 605.276 261.081 228.408 12.381 249.32 216.027 55.0997 344.196 160.928 197.396 227.85 95.5829 134.49 69.9555
internal_count=83146 81868 3105 78763 1073 66809 11954 3453 310 3143 2818 1767 810 941 957 588 325 369 125 509 434 163 97
cat_boundaries=0 1 2
cat_threshold=24 16
is_linear=0
shrinkage=0.05


Tree=147
num_leaves=23
num_cat=0
split_feature=1 0 1 1 2 1 1 2 1 1 1 1 2 4 2 1 1 1 0 1 1 0
split_gain=4321.66 4198.84 14716 3439.38 5171.05 2485.22 2346.27 2721.37 1124.79 1837.2 286.897 236.795 54.3251 37.2808 236.604 22.588 24.1932 18.0711 14.8913 13.829 3.12382 0.587582
threshold=15.696850000000001 10.176900000000002 14.367050000000003 7.3479500000000009 10.225000000000003 15.546550000000002 10.361100000000002 3.1350000000000002 15.447300000000002 15.620850000000003 14.959550000000002 12.415550000000001 5.5950000000000006 1.0000000180025095e-35 9.9750000000000032 15.070250000000003 14.839450000000001 15.317600000000001 13.277750000000003 14.200250000000002 13.175050000000001 6.0091500000000009
decision_type=2 2 2 2 2 2 2 2 2 2 2 2 2 2 2 2 2 2 2 2 2 2
left_child=1 3 -3 4 -1 10 -5 -8 11 -10 -4 -9 18 14 -13 16 19 -16 -12 20 21 -15
right_child=-2 2 5 6 -6 -7 7 8 9 -11 12 13 -14 15 17 -17 -18 -19 -20 -21 -22 -23
leaf_value=-0.69693758526418714 -0.29618059614860631 1.0570850180183093 -0.13582456075782925 0.49541222944414448 -0.015380473988108878 0.44266788943392776 -0.22757725725869771 -0.10262652155492069 0.4952407776882819 0.045070361664605624 0.033624077580690755 -0.34624309667789066 -0.014225319130457693 0.049248565341839821 -0.0037097682751476534 0.015217455515844436 0.068258596844586211 0.056364432441099267 0.063766361267936 0.0087965333392013914 0.035062024530642236 0.056004596916312481
leaf_weight=40.62041767745896 88.316777957637896 45.075148476913796 24.751091925713382 28.403419013525081 88.384407043457685 41.755818574922159 88.428718566985594 27.390487887020527 38.221247753064176 55.683193702774588 60.189891553949963 4.2835979461671121 34.347931457002943 67.166074185492221 17.84259287680424 35.322385462752891 216.93084561081693 41.951761818294472 128.3545351198685 24.650374491603799 32.134581227002968 61.789760589599609
leaf_count=61861 1278 2032 432 8501 4948 132 1098 322 156 66 198 447 276 79 242 165 96 21 35 332 381 48
internal_value=0.0414164 0.0661867 0.216729 0.00825717 -0.229986 0.0858401 0.0497791 0.0319966 0.0688189 0.2283 0.0256745 0.0405336 0.0436081 0.0483437 0.0127225 0.0535551 0.056918 0.0384383 0.0541439 0.0436731 0.04901 0.0524857
internal_weight=1292 1203.68 334.474 869.204 129.005 289.399 740.199 711.796 623.367 93.9044 247.643 529.462 222.892 502.072 64.078 437.994 402.672 59.7944 188.544 185.741 161.09 128.956
internal_count=83146 81868 3105 78763 66809 1073 11954 3453 2355 222 941 2133 509 1811 710 1101 936 263 233 840 508 127
is_linear=0
shrinkage=0.05


Tree=148
num_leaves=23
num_cat=0
split_feature=1 0 1 1 1 1 2 2 1 1 1 1 2 4 2 1 1 1 0 1 1 0
split_gain=4103.17 4558.23 38264.7 3466.79 2716.73 3498.37 2535.09 2397.64 1309.17 3037.59 243.149 209.805 51.3682 36.0354 158.8 21.8491 22.0424 17.467 14.4526 13.5873 3.17146 0.577807
threshold=15.696850000000001 10.176900000000002 14.367050000000003 15.546550000000002 7.3479500000000009 10.361100000000002 3.1350000000000002 10.225000000000003 15.447300000000002 15.620850000000003 14.959550000000002 12.415550000000001 5.5950000000000006 1.0000000180025095e-35 9.9750000000000032 15.070250000000003 14.839450000000001 15.317600000000001 13.277750000000003 14.200250000000002 13.175050000000001 6.0091500000000009
decision_type=2 2 2 2 2 2 2 2 2 2 2 2 2 2 2 2 2 2 2 2 2 2
left_child=1 4 -3 10 7 -6 -7 -1 11 -10 -4 -8 18 14 -13 16 19 -16 -12 20 21 -15
right_child=-2 2 3 -5 5 6 8 -9 9 -11 12 13 -14 15 17 -17 -18 -19 -20 -21 -22 -23
leaf_value=-0.41727241920602237 -0.2930250425989252 2.3933328938633576 -0.11478005921546666 0.59705126500682659 0.72787685853434658 -0.22117781614270601 -0.089390840953803535 -0.014601466921798385 0.70328097821856073 0.044054815641114659 0.032588730117681534 -0.23269142328552805 -0.013361768620836207 0.048837274321171749 -0.0035124050646307345 0.014633042801423184 0.066899342867689809 0.055849726032868453 0.06263771112341536 0.0084192300591235236 0.034282085363549195 0.05568301742907579
leaf_weight=63.516841798677959 84.876270846217267 19.227908451902977 27.737630297683779 29.643820520373993 18.543098722607283 86.478630066024721 29.805212411426055 88.443283081055412 25.798303979494904 54.157504111804883 59.027018215973328 5.9950494766235414 34.729247247899025 64.414898578886266 17.90135070295127 34.907250795454729 210.43631058562642 40.26421204530925 124.23850501472987 24.471976524518851 31.245199360384646 59.107086181640625
leaf_count=61861 1278 2032 432 132 8501 1098 322 4948 156 66 198 447 276 79 242 165 96 21 35 332 381 48
internal_value=0.0424614 0.0672202 0.236845 0.0862701 0.00880642 0.050217 0.0318722 -0.182911 0.0684357 0.256759 0.0246523 0.0393979 0.0423936 0.0472518 0.0123264 0.0525296 0.0559243 0.0375801 0.0529594 0.0430391 0.0485133 0.0521131
internal_weight=1234.97 1150.09 294.604 275.376 855.486 703.526 684.983 151.96 598.504 79.9558 245.732 518.549 217.995 488.743 64.1606 424.583 389.675 58.1656 183.266 179.239 154.767 123.522
internal_count=83146 81868 3105 1073 78763 11954 3453 66809 2355 222 941 2133 509 1811 710 1101 936 263 233 840 508 127
is_linear=0
shrinkage=0.05


Tree=149
num_leaves=22
num_cat=3
split_feature=0 0 3 2 3 2 0 2 3 2 0 0 2 0 2 2 2 0 2 2 5
split_gain=14846.9 5548.41 4484.17 43967.6 2927.38 78969.9 1178.97 1349.89 997.787 2304.4 260.081 294.39 1957.57 131.183 73.9095 40.9387 32.8144 32.5139 5.95228 2.73992 0.156718
threshold=13.71635 10.176900000000002 0 5.5950000000000006 1 7.7950000000000008 11.397250000000001 5.8250000000000011 2 10.615 7.4536500000000006 7.3795000000000011 3.7450000000000006 13.570150000000002 10.565000000000003 10.225000000000003 7.455000000000001 12.798100000000002 5.2250000000000005 5.285000000000001 1.0000000180025095e-35
decision_type=2 2 9 2 9 2 2 2 9 2 2 2 2 2 2 2 2 2 2 2 2
left_child=1 4 6 -4 10 -6 7 -3 9 -7 11 12 -1 -8 15 16 18 -5 -14 -20 -16
right_child=-2 2 3 17 5 8 13 -9 -10 -11 -12 -13 14 -15 20 -17 -18 -19 19 -21 -22
leaf_value=-0.45108612669185588 -4.1673361041674104 0.021851573125565012 2.7894472192529118 -0.048180429568245683 -5.2214865600725675 0.32529773459791345 -0.05323494343922263 0.34103233185077653 -0.0739049378075647 -0.37679633336473928 -0.090936803640904312 0.1338874208335373 0.042833876165155986 0.052485815641396705 0.03097325415297781 0.096883614529153353 -0.008687350409490523 0.02242944412558202 0.073187574846635892 0.05933346097796665 0.027942452781822502
leaf_weight=20.126766204949888 2.0888604530277908 57.427986531155113 17.758444294217057 35.067285515367999 7.4979757610406628 52.673412323151069 70.002965389783924 78.278837288820341 136.74840544900445 15.019640619072673 36.617616518457567 82.602462768554688 31.810199417173806 50.517105102539062 62.022958396197708 88.489540100097685 17.890303346794127 30.468883980400363 76.692367553710938 66.748267843023314 136.56880095076073
leaf_count=2223 604 281 687 863 50934 397 676 361 15281 669 1611 39 552 29 2307 289 2231 162 26 1192 1732
internal_value=0.044259 0.0517715 0.222093 0.520181 -0.0177742 -0.173565 0.100949 0.205962 0.00308041 0.147699 0.0377106 0.0464383 0.0320014 -0.00892111 0.0522482 0.06872 0.0558165 -0.0153527 0.0624013 0.0667407 0.028889
internal_weight=1173.12 1171.03 339.522 83.2946 831.509 211.939 256.227 135.707 204.441 67.6931 619.569 582.952 500.349 120.52 480.222 281.631 193.141 65.5362 175.251 143.441 198.592
internal_count=83146 82542 3059 1712 79483 67281 1347 642 16347 1066 12202 10591 10552 705 8329 4290 4001 1025 1770 1218 4039
cat_boundaries=0 1 2 3
cat_threshold=274 20 256
is_linear=0
shrinkage=0.05


Tree=150
num_leaves=24
num_cat=3
split_feature=0 2 2 2 3 0 2 4 3 0 2 2 0 0 0 2 0 3 2 2 0 0 4
split_gain=7326.25 4436.31 123238 9192.16 3645.71 213252 2545.77 9181.79 1612.05 1481.23 280.361 270.453 198.89 109.948 104.37 68.4565 118.936 176.12 660.658 22.359 16.6654 7.9079 0.0173988
threshold=14.217000000000002 1.1050000000000002 1.0000000180025095e-35 1.2150000000000001 0 7.5164500000000016 7.8050000000000006 1.0000000180025095e-35 1 10.371450000000001 7.455000000000001 9.9750000000000032 6.0091500000000009 7.3795000000000011 6.5032000000000005 10.255000000000001 11.219900000000001 2 10.615 10.225000000000003 14.000600000000002 11.326000000000002 1.0000000180025095e-35
decision_type=2 2 2 2 9 2 2 2 9 2 2 2 2 2 2 2 2 9 2 2 2 2 2
left_child=1 2 -1 -3 6 8 7 -5 10 12 13 -8 -9 -6 -14 19 17 18 -17 20 -13 -18 -19
right_child=-2 3 -4 4 5 -7 11 9 -10 -11 -12 15 14 -15 -16 16 21 22 -20 -21 -22 -23 -24
leaf_value=-0.033364371222304991 -2.674189330691247 0.75023317594107175 -16.170632128143147 0.8000301120891069 0.038011444459435745 -32.694504244618734 -0.10525614428011904 -0.10432269908061009 -0.16389133650172233 0.28175599595431916 -0.072311007272184299 0.013993050582852763 0.062068369070655216 0.12443427438485144 -0.033836111157578744 0.053277329657858079 0.056550680676879253 0.044960118370317832 -0.29188656623738546 0.092554452918664654 0.067996061691027732 0.084401492843645731 0.043734578291521234
leaf_weight=56.683570861816413 2.4591295889838412 48.789646148681641 1.2083248295227722 55.899319727281295 64.805782061070232 0.50085731137278244 29.929149744900428 30.697654725520891 141.5105872240344 71.330198467509661 33.803173679575394 18.01950645446783 104.10666275024414 85.1656494140625 38.994632720947692 42.196411133024306 36.289608001735417 37.93308536389425 20.646521983739071 88.007949829101562 68.957496643066406 85.623864443410014 122.43212930173392
leaf_count=697 421 152 1692 3529 142 1440 1938 1188 63825 411 155 347 67 5 601 34 31 2286 818 48 1 574 2744
internal_value=0.052304 0.0575277 -0.370183 0.0777302 0.0498497 -0.0910997 0.103657 0.221769 -0.0436993 0.0899018 0.0547881 0.0409009 0.0111614 0.0870892 0.0359347 0.0493114 0.0363948 0.0147023 -0.0518696 0.0747865 0.056808 0.0761112 0.0414403
internal_weight=1285.99 1283.53 57.8919 1225.64 1176.85 325.786 851.064 301.028 325.285 245.129 183.775 550.036 173.799 149.971 143.101 520.107 345.122 223.208 62.8429 174.985 86.977 121.913 160.365
internal_count=83146 82725 2389 80336 80184 65567 14617 5796 64127 2267 302 8821 1856 147 668 6883 6487 5882 852 396 348 605 5030
cat_boundaries=0 1 2 3
cat_threshold=260 16 256
is_linear=0
shrinkage=0.05


Tree=151
num_leaves=27
num_cat=0
split_feature=1 1 2 2 1 1 1 2 2 2 1 4 2 5 1 1 1 1 1 1 1 2 1 2 2 8
split_gain=13389.3 5391.87 36276.1 2314.28 15696.9 3934.06 38233.5 4588.88 3444.36 2181.24 336.873 194.159 115.868 56.9303 109.67 101.466 27.2599 28.3398 16.419 60.1574 12.2546 16.1008 11.3259 7.47574 12.0009 5.65777
threshold=16.214600000000004 15.447300000000002 7.8150000000000004 5.9050000000000011 11.203800000000003 12.415550000000001 10.361100000000002 10.255000000000001 2.8950000000000005 1.0000000180025095e-35 16.151200000000003 1.0000000180025095e-35 10.615 1.0000000180025095e-35 12.576950000000002 14.163950000000002 15.070250000000003 15.416350000000001 14.839450000000001 14.367050000000003 14.880550000000001 7.4250000000000007 14.320600000000001 5.0550000000000006 3.2850000000000006 1.0000000180025095e-35
decision_type=2 2 2 2 2 2 2 2 2 2 2 2 2 2 2 2 2 2 2 2 2 2 2 2 2 2
left_child=1 3 -3 4 -1 6 7 -5 9 -6 12 22 -4 14 -7 -15 18 -18 19 25 -20 -22 -10 24 -13 -17
right_child=-2 2 10 5 8 13 -8 -9 11 -11 -12 23 -14 15 -16 16 17 -19 20 -21 21 -23 -24 -25 -26 -27
leaf_value=0.80909948426372136 -1.6395543403650454 2.0097846882564929 0.0083207492423983294 -0.14810082897826568 -0.085817803859975492 0.055409659629444809 -20.318558340609755 -1.3423297891151584 0.11227476021910228 -0.61145806544390968 0.10613455499071021 0.051927025870510159 -0.12828859747637475 -0.072113260007405158 -0.08252870831339576 0.044711109231681805 -0.010525626814201878 0.052126852312572858 0.07044103481685747 -0.01954359138928706 0.062901079097894302 0.020860781131404951 0.13827352938539347 0.06191043390676735 0.015335784395495718 0.066813072009315425
leaf_weight=72.701225280761662 11.293365478518806 27.652452485115788 40.58947442502722 87.170013150057272 57.819515228271463 31.215530395507848 0.23811489896559024 8.8617395758673876 86.945594787597713 29.964514831668417 86.803810119628906 68.050306320190401 25.132844700629988 18.084196239325479 26.76525392113799 51.151683330539058 36.701313187174549 35.515396125614643 151.47183227539062 32.572843956520003 63.487560272216783 35.515156328902961 80.835838317871094 62.046528235077858 33.408721980866488 66.726104736328125
leaf_count=10264 525 793 131 60137 245 7 279 6272 184 1136 25 74 336 587 372 126 305 35 29 345 16 146 83 100 592 2
internal_value=0.0747349 0.0894303 0.343558 0.0491678 0.130884 -0.0130897 -0.307921 -0.258303 0.0132259 -0.265242 0.0414772 0.0870139 -0.04392 0.0385909 -0.00826584 0.0441216 0.0485642 0.0202862 0.0536578 0.0406023 0.0614998 0.04782 0.124801 0.0482389 0.0398782 0.0572222
internal_weight=1328.72 1317.43 180.179 1137.25 491.772 645.477 96.2699 96.0318 419.071 87.784 152.526 331.287 65.7223 549.207 57.9808 491.226 473.142 72.2167 400.925 150.451 250.475 99.0027 167.781 163.506 101.459 117.878
internal_count=83146 82621 1285 81336 12678 68658 66688 66409 2414 1381 492 1033 467 1970 379 1591 1004 340 664 473 191 162 267 766 666 128
is_linear=0
shrinkage=0.05


Tree=152
num_leaves=22
num_cat=3
split_feature=11 2 3 4 6 2 3 2 2 2 4 2 3 2 6 2 2 2 5 2 2
split_gain=3450.7 4567.67 7521.93 1.23587e+06 6227.82 5651.79 4349.36 12699.8 208475 1516.89 942.387 1922.86 809.658 1910.71 612.237 213.875 165.726 127.491 53.4864 2.07693 0.041663
threshold=1.0000000180025095e-35 5.9050000000000011 0 1.0000000180025095e-35 1.0000000180025095e-35 5.0550000000000006 1 1.2150000000000001 0.74500000000000011 4.1650000000000009 1.0000000180025095e-35 10.015000000000002 2 10.655000000000003 1.0000000180025095e-35 10.655000000000003 10.655000000000003 3.1350000000000002 1.0000000180025095e-35 3.5750000000000006 3.2450000000000006
decision_type=2 2 9 2 2 2 9 2 2 2 2 2 9 2 2 2 2 2 2 2 2
left_child=1 4 10 -4 5 6 17 8 -8 -9 11 -3 13 -13 -5 -14 -12 -1 -18 20 -19
right_child=-2 2 3 14 -6 -7 7 9 -10 -11 16 12 15 -15 -16 -17 18 19 -20 -21 -22
leaf_value=-0.041280545765040456 -0.27989626796667261 0.64143293402102197 -115.13554790571334 -0.2753725424461862 -0.2538146028974097 0.81512967979757878 0.083046067164213644 0.026934648632022842 11.318926608634209 0.32412525822493166 -0.069667041087866102 0.094985079654348867 0.057329231723834299 0.52412977867271315 0.0054836259302223659 -0.0986406071215917 0.002569914918620699 0.057072936683108533 0.054127751506699233 0.040623690160514724 0.054507200181108967
leaf_weight=60.744549258187789 61.490124734712026 18.976403743919036 0.23423446119738756 34.095948073583394 59.854218863717733 45.869541168212891 47.217079617776903 88.008331298828281 4.523918703198432 83.838226338434296 33.072271938522704 88.334274291992188 104.83324813842773 36.719152992827162 45.031339668217562 27.810281716512577 58.762462521009638 38.469001770019531 349.42391902735346 32.964042663574219 26.876382827758789
leaf_count=1546 2707 2975 57057 727 838 2010 764 3445 210 1875 1103 417 57 2231 155 458 2245 242 1298 469 317
internal_value=0.0860151 0.103516 0.0297564 -0.404099 0.223934 0.290665 0.227795 0.362484 1.06544 0.171924 0.0821992 0.155689 0.119919 0.20463 -0.115537 0.0229018 0.0379834 0.0147411 0.0467055 0.0508559 0.0560177
internal_weight=1347.15 1285.66 797.294 79.3615 488.365 428.511 382.642 223.588 51.741 171.847 717.932 276.673 257.697 125.053 79.1273 132.644 441.259 159.054 408.186 98.3094 65.3454
internal_count=83146 80439 68723 57939 11716 10878 8868 6294 974 5320 10784 6138 3163 2648 882 515 4646 2574 3543 1028 559
cat_boundaries=0 1 2 3
cat_threshold=268 6 4
is_linear=0
shrinkage=0.05


Tree=153
num_leaves=26
num_cat=0
split_feature=0 1 1 1 2 5 1 1 1 2 1 0 1 0 1 2 4 1 2 1 1 1 1 1 2
split_gain=6453.42 20023 4461.64 4355.03 10474.3 3189.12 5811.49 2872.48 2555 1558.16 217.937 151.602 1038.84 287.413 82.4229 60.1288 60.2693 97.3353 43.6681 21.2897 12.9926 8.05845 12.1669 0.888753 0.412386
threshold=9.6184500000000011 14.367050000000003 15.620850000000003 7.3479500000000009 10.225000000000003 1.0000000180025095e-35 15.658300000000002 15.447300000000002 10.361100000000002 3.1350000000000002 12.415550000000001 11.397250000000001 15.198500000000001 11.219900000000001 15.154500000000002 6.0450000000000008 1.0000000180025095e-35 15.317600000000001 4.4650000000000007 14.839450000000001 12.822250000000002 14.880550000000001 15.070250000000003 14.200250000000002 3.2450000000000006
decision_type=2 2 2 2 2 2 2 2 2 2 2 2 2 2 2 2 2 2 2 2 2 2 2 2 2
left_child=2 -2 3 4 -1 6 -3 8 -5 -10 -11 13 14 -7 -13 18 17 -17 24 20 -18 -21 -23 -22 -12
right_child=1 5 -4 7 -6 11 -8 -9 9 10 15 12 -14 -15 -16 16 19 -19 -20 21 23 22 -24 -25 -26
leaf_value=-1.1930523670005162 1.0553469635346373 0.75848895567758523 -0.5324510960142671 0.50670199655222747 -0.019131302976402899 -0.043134662306209916 -0.047172293498789521 0.54038351175945831 -0.17461556938953415 -0.075986813202410131 0.056680567354325133 -0.028217678049095335 -0.37158261860559283 0.08915558371368193 0.066194754719584636 -0.14011501930729386 0.051061490723312647 0.041085178081666167 0.10792934890195108 0.069795523964409953 0.02192848584992706 0.064567543975128247 0.0307002386965846 0.0081361477289651121 0.048425932350377392
leaf_weight=24.25736931171906 62.559314046167515 44.681829373096896 38.675110334592659 28.245041974004153 87.695497556574935 62.148585144963647 44.851336822300134 30.021854771515109 88.18326607462518 31.953218360829283 36.839736938476491 34.933670084691485 18.609319712640783 120.98139572143555 68.340011596679688 10.709796848734809 58.57186473607117 24.063310981655377 88.103073120117188 143.98373413085938 26.486714055001698 71.362517080386667 42.201623836844831 20.893750304405849 25.675395965576186
leaf_count=61758 2519 252 738 8466 4820 581 196 205 925 307 17 233 470 80 15 442 46 52 197 6 218 42 94 180 287
internal_value=0.0719432 0.224292 -0.00737993 0.016817 -0.27349 0.0925201 0.354896 0.0615041 0.0408855 0.0212196 0.0509511 0.0155027 -0.027706 0.0442604 0.0342585 0.0583407 0.0481638 -0.0147228 0.085251 0.0541796 0.0353138 0.0619408 0.0519821 0.0158464 0.0532903
internal_weight=1335.03 457.105 877.923 839.248 111.953 394.546 89.5332 727.295 697.273 669.028 580.845 305.013 121.883 183.13 103.274 548.892 398.273 34.7731 150.618 363.5 105.952 257.548 113.564 47.3805 62.5151
internal_count=83146 4346 78800 78062 66578 1827 448 11484 11279 2813 1888 1379 718 661 248 1581 1080 494 501 586 444 142 136 398 304
is_linear=0
shrinkage=0.05


Tree=154
num_leaves=26
num_cat=0
split_feature=0 1 5 1 1 1 1 1 2 2 1 0 1 0 1 2 2 5 1 1 1 1 1 1 0
split_gain=6788.94 45619.9 3994.08 11935.8 2780.61 5016.08 2605.92 3804.4 2672.19 1434.46 198.163 134.12 672.885 263.801 77.1982 53.1979 34.4838 26.6303 36.782 22.2264 19.422 22.0661 18.1667 5.45597 0.402903
threshold=9.6184500000000011 14.367050000000003 1.0000000180025095e-35 15.658300000000002 15.620850000000003 15.447300000000002 7.3479500000000009 10.361100000000002 10.225000000000003 3.1350000000000002 12.415550000000001 11.397250000000001 15.198500000000001 11.219900000000001 15.154500000000002 6.0450000000000008 4.4650000000000007 1.0000000180025095e-35 12.576950000000002 14.839450000000001 15.070250000000003 15.416350000000001 14.163950000000002 14.200250000000002 7.7317000000000009
decision_type=2 2 2 2 2 2 2 2 2 2 2 2 2 2 2 2 2 2 2 2 2 2 2 2 2
left_child=4 -2 3 -3 5 6 8 -8 -1 -9 -11 13 14 -4 -13 16 24 18 -17 22 -21 -22 -19 -24 -12
right_child=1 2 11 -5 -6 -7 7 9 -10 10 15 12 -14 -15 -16 17 -18 19 -20 20 21 -23 23 -25 -26
leaf_value=-0.45442503516570687 2.114381197988505 1.3163330135124038 -0.040012048359705038 -0.043327045798481838 -0.34744447222531338 0.82170062839012914 0.75247288551906844 -0.16918355701606425 -0.018140762806665899 -0.067864837893198443 0.047979808611736494 -0.026211461986197893 -0.253349778425422 0.086115983164848517 0.065015432104104515 0.054850810501699092 0.10200265568640601 -0.02912736144473882 -0.026164201058926129 0.065782112811476293 -0.0043489681848785577 0.056473957765374887 0.054276309714621468 0.019815142669574685 0.056312441494478983
leaf_weight=58.444500340700017 30.091379456815332 24.765404960791088 63.609429706513993 46.349597475114209 55.671249730337649 18.949743518381069 18.247146835376952 86.501724705892684 87.855467484609164 33.933434437088977 24.644575119018555 35.70636222441756 25.681479594517825 119.038330078125 66.156074523925781 28.564044952392617 88.547050476074219 12.448184886190985 27.497122025284757 208.80080360196933 23.413514163068612 41.066775559447706 25.716989517211914 20.755003859565292 35.266319274902344
leaf_count=61758 2519 252 581 196 738 205 8466 925 4820 307 227 233 470 80 15 5 197 335 233 88 157 20 10 232 77
internal_value=0.0719531 0.24011 0.0921991 0.430167 -0.00522821 0.0174347 -0.00111295 0.0403284 -0.192429 0.0205544 0.0493155 0.0147161 -0.024628 0.0421903 0.0330372 0.0567241 0.0821809 0.0469903 0.0151142 0.0523696 0.0583748 0.0343885 0.0245163 0.0388855 0.0528848
internal_weight=1307.72 411.398 381.307 71.115 896.324 840.652 821.703 675.403 146.3 657.156 570.654 310.192 127.544 182.648 101.862 536.72 148.458 388.262 56.0612 332.201 273.281 64.4803 58.9202 46.472 59.9109
internal_count=83146 4346 1827 448 78800 78062 77857 11279 66578 2813 1888 1379 718 661 248 1581 501 1080 238 842 265 177 577 242 304
is_linear=0
shrinkage=0.05


Tree=155
num_leaves=24
num_cat=0
split_feature=0 1 5 0 2 1 0 1 1 2 0 0 6 0 1 0 1 2 2 1 1 11 2
split_gain=7221.2 347180 5144 46953.5 2369.55 1839.09 28198.5 1058.67 2893.6 2200.23 300.778 121.302 198.723 196.155 68.2193 58.7655 38.3438 40.4211 13.0325 17.5125 4.3916 1.30832 0.283384
threshold=9.6184500000000011 14.367050000000003 1.0000000180025095e-35 12.248250000000002 3.1350000000000002 11.813500000000003 0.25075000000000008 15.477100000000002 15.416350000000001 10.615 0.34005000000000007 11.826750000000002 1.0000000180025095e-35 11.219900000000001 15.070250000000003 11.397250000000001 14.320600000000001 6.3550000000000013 3.8750000000000004 12.822250000000002 12.694800000000003 1.0000000180025095e-35 3.7450000000000006
decision_type=2 2 2 2 2 2 2 2 2 2 2 2 2 2 2 2 2 2 2 2 2 2 2
left_child=4 -2 3 -3 -1 6 -6 8 14 -9 -8 13 -13 -4 16 -15 18 -18 22 20 -20 -19 -7
right_child=1 2 11 -5 5 7 10 9 -10 -11 -12 12 -14 15 -16 -17 17 21 19 -21 -22 -23 -24
leaf_value=-0.25741873895704503 14.306649619431136 -0.034021694632728958 -0.037202441477895108 4.2499799739559689 -2.8303251105946647 0.050750074210986408 0.091325897046080462 -0.015930623215012197 0.4981497569486627 -0.85179117571224983 -0.045726633455837384 -0.12457102685170481 0.021720052407976781 0.083316614984950896 -0.029457660188007825 0.0065016304028432991 0.096959807226422723 0.054498222759534448 0.024378517181388781 -0.0088641964704417597 0.050293146261649317 0.062879820957491506 0.056421551030585763
leaf_weight=83.707016539237884 4.3463461079446679 48.024448483705669 64.956418411832431 7.3787257871410921 9.1093234535224763 57.404750823974489 87.992507934570312 67.407079778574683 39.389490919704258 8.9141376292403987 73.447697115702596 36.434188436716894 63.977808644748691 116.93932342529295 23.554267320414112 31.633687973922534 88.494110107421903 155.84837304551542 27.532095840639244 25.469344421961765 40.245944199045837 66.393211364746804 35.737277984619148
leaf_count=4593 2519 241 581 207 60271 93 307 287 60 293 11328 336 209 80 251 173 156 269 154 585 40 90 23
internal_value=0.0731977 0.257674 0.0923491 0.536532 -0.00420328 0.0220638 -0.123746 0.0611402 0.0849463 -0.113557 0.0289734 0.0139615 -0.0313612 0.0352744 0.0536874 0.0669614 0.0576269 0.0683817 0.0396974 0.0264835 0.0397664 0.0570022 0.0529261
internal_weight=1264.34 373.691 369.345 55.4032 890.647 806.94 170.55 636.39 560.069 76.3212 161.44 313.941 100.412 213.529 520.679 148.573 497.125 310.736 186.389 93.2474 67.778 222.242 93.142
internal_count=83146 4346 1827 448 78800 74207 71906 2301 1721 580 11635 1379 545 834 1661 253 1410 515 895 779 194 359 116
is_linear=0
shrinkage=0.05


Tree=156
num_leaves=25
num_cat=2
split_feature=0 6 3 0 0 0 1 0 0 5 1 3 5 1 1 0 1 5 1 1 1 1 0 4
split_gain=5722.71 11713.2 3402.07 3237.8 2822.87 14702.3 12115.9 714.166 3578.21 338.123 202.82 99.4776 503.017 95.0442 61.3568 40.6915 104.405 36.463 25.6929 18.0346 10.7538 27.079 6.53206 9.1759
threshold=12.248250000000002 1.0000000180025095e-35 0 10.969800000000001 10.176900000000002 7.7974000000000006 14.994250000000003 5.151250000000001 6.0706500000000014 1.0000000180025095e-35 10.004750000000001 1 1.0000000180025095e-35 12.822250000000002 15.070250000000003 11.019700000000002 16.577300000000005 1.0000000180025095e-35 14.405750000000003 12.415550000000001 14.367050000000003 14.320600000000001 0.25075000000000008 1.0000000180025095e-35
decision_type=2 2 9 2 2 2 2 2 2 2 2 9 2 2 2 2 2 2 2 2 2 2 2 2
left_child=2 -2 4 -4 5 7 -6 11 -9 -10 -11 12 18 17 -14 -5 -17 19 -1 -13 21 -15 23 -19
right_child=1 -3 3 15 6 -7 -8 8 9 10 -12 13 14 20 -16 16 -18 22 -20 -21 -22 -23 -24 -25
leaf_value=0.072170205095365175 1.0853194695183115 -0.0067883406393002875 -0.30562266191973841 0.065037878857726605 1.2392736849826687 -3.9476470686000029 0.025136211032703439 0.72778542919044975 0.14137204483585764 0.049636363562165928 -0.10009897006098137 0.0049034534624121922 -0.065008933684978884 -0.026180379086400193 -0.15478726745058766 -0.058933580105833938 0.057844257386630682 0.022103794179284455 0.033885486009816841 0.051376636149975334 -0.033616163023701504 0.053011536611836968 0.082445989373244655 0.069468290045924905
leaf_weight=88.018860006420823 40.129809586329934 63.247042482835873 131.68032534720373 66.19927978515625 26.788937762062091 2.3011651675626572 88.193019802516261 22.646801263716213 77.631343072542222 74.781974792480469 32.419489521986463 34.202526093237168 65.533746801253869 25.021356936875875 26.819133539486018 31.469091415405273 48.853366851806641 11.792038555646284 87.276150116611859 53.576197944581509 24.010585683831309 18.985345840454102 87.159629821780825 76.969914436340375
leaf_count=346 1094 303 65447 15 1266 1972 535 682 386 825 364 5305 495 261 278 264 6 1691 129 15 127 4 975 361
internal_value=0.0601728 0.417156 0.0294792 -0.121331 0.0753766 0.0432502 0.308011 0.0546325 0.134585 0.0619027 0.00435393 0.0269556 0.00323501 0.0446512 -0.0910804 0.0360135 0.0120925 0.0595898 0.053109 0.0332686 -0.0067008 0.00798455 0.0727232 0.0631759
internal_weight=1305.71 103.377 1202.33 278.202 924.128 809.146 114.982 806.845 207.48 184.833 107.201 599.365 267.648 331.718 92.3529 146.522 80.3225 263.7 175.295 87.7787 68.0173 44.0067 175.922 88.762
internal_count=83146 1397 81749 65732 16017 14216 1801 12244 2257 1575 1189 9987 1248 8739 773 285 270 8347 475 5320 392 265 3027 2052
cat_boundaries=0 1 2
cat_threshold=276 272
is_linear=0
shrinkage=0.05


Tree=157
num_leaves=27
num_cat=3
split_feature=0 3 2 3 2 1 3 1 1 2 1 1 1 2 5 1 1 0 1 1 1 0 1 1 1 1
split_gain=7269.25 17774.9 6450.92 8143.39 2547.15 12412.9 2924.21 2.00858e+06 2.26933e+07 1777.84 1021.73 376.703 152.044 35.5234 48.3902 112.596 57.5002 20.078 89.989 22.5123 14.7152 37.7415 11.4391 4.64176 0.635526 0.494125
threshold=12.248250000000002 0 1.1050000000000002 1 5.9050000000000011 11.203800000000003 2 15.028300000000002 13.262450000000001 10.015000000000002 13.262450000000001 15.447300000000002 13.175050000000001 10.615 1.0000000180025095e-35 12.822250000000002 14.839450000000001 11.326000000000002 14.959550000000002 15.028300000000002 12.576950000000002 9.6184500000000011 7.5507500000000016 12.934450000000002 14.200250000000002 12.694800000000003
decision_type=2 9 2 9 2 2 9 2 2 2 2 2 2 2 2 2 2 2 2 2 2 2 2 2 2 2
left_child=2 -2 3 -1 5 -4 9 8 -8 -6 12 -9 23 22 15 25 20 18 -18 -20 21 -16 -11 -7 -22 -15
right_child=1 -3 4 -5 6 10 7 11 -10 13 -12 -13 -14 14 16 -17 17 -19 19 -21 24 -23 -24 -25 -26 -27
leaf_value=0.035040838693165946 0.00059691374627644138 1.5906636127539986 0.7548692522021867 -0.874974249126516 0.67600611999359939 0.026620923595207565 -2317.096055392753 0.057398470647654777 -8.6656452346928869 0.08394717380400768 -0.12279552934493938 -0.11522313988274005 0.13749090165310635 0.039450053491536255 0.012456720848203224 -0.098604918115228146 0.072126469859175174 0.084707542390545218 0.051284239458643369 -0.042288596236648698 0.0089313616320611782 0.064070077357753483 0.056375956805976415 0.050871163177368464 -0.0032155401808215581 0.049276078955610134
leaf_weight=64.020011901855469 63.510907353412314 16.183183444491213 73.293312072753935 32.983708188468881 11.5585385665222 34.101112798560905 0.01150121927682507 96.586135864257841 0.14324801311420016 86.110481262207017 87.573229315161399 46.975679713469731 81.202827453613281 25.858064785599851 74.91263240775595 18.859575665944917 151.59193181991574 88.025321960450015 8.6506786346438229 25.014204649774953 25.605431524665331 67.1832275390625 66.806594848872706 46.833551406860352 18.583200114934474 25.325241907530753
leaf_count=46 415 982 8861 2210 4080 242 57325 67 238 523 1639 285 27 2692 1969 220 24 59 22 243 261 307 161 65 176 7
internal_value=0.0600708 0.523157 0.0307299 -0.360975 0.063463 0.182748 0.0174744 -0.180589 -180.232 0.0602194 0.0148225 0.00091397 0.0891523 0.0506734 0.044544 0.00583048 0.0504444 0.0650464 0.0557044 -0.0182437 0.029023 0.0368596 0.0719018 0.0406535 0.00382307 0.0443119
internal_weight=1337.5 79.6941 1257.81 97.0037 1160.81 323.004 837.802 143.717 0.154749 694.085 249.711 143.562 162.137 682.527 529.61 70.0429 459.567 273.282 185.257 33.6649 186.284 142.096 152.917 80.9347 44.1886 51.1833
internal_count=83146 1397 81749 2256 79493 10834 68659 57915 57563 10744 1973 352 334 6664 5980 2919 3061 348 289 265 2713 2276 684 307 437 2699
cat_boundaries=0 1 2 3
cat_threshold=256 2 268
is_linear=0
shrinkage=0.05


Tree=158
num_leaves=25
num_cat=2
split_feature=0 6 11 1 1 1 3 5 1 1 1 1 3 0 5 1 1 1 1 1 0 1 0 1
split_gain=7852.06 180595 2501.13 2516.32 11994.6 1572.93 1566.52 8111.43 42438 787996 3387.88 1205.08 1025.81 711.555 509.359 1183.42 86.6537 51.5645 19.3432 37.4493 105.841 33.9977 14.1544 0.745749
threshold=12.248250000000002 1.0000000180025095e-35 1.0000000180025095e-35 7.3479500000000009 11.203800000000003 15.696850000000001 0 1.0000000180025095e-35 15.283200000000003 13.529600000000002 14.919850000000002 14.233800000000002 1 6.4496000000000011 1.0000000180025095e-35 12.576950000000002 14.405750000000003 15.658300000000002 14.839450000000001 15.070250000000003 11.762650000000002 13.175050000000001 9.6184500000000011 14.200250000000002
decision_type=2 2 2 2 2 2 9 2 2 2 2 2 9 2 2 2 2 2 2 2 2 2 2 2
left_child=2 -2 3 13 -5 6 7 16 9 -9 11 -11 -7 -1 15 -8 -6 -18 21 -20 -21 22 -16 -23
right_child=1 -3 -4 4 5 12 14 8 -10 10 -12 -13 -14 -15 18 -17 17 -19 19 20 -22 23 -24 -25
leaf_value=-0.21918867657420857 11.503065745642694 -0.0064588493676253789 -0.24628665526934684 0.71022163124683102 0.10564222613927764 0.013224320844316044 0.034479767459313262 128.67966929130387 0.58303794585475444 -5.1487144153189988 -2.1107153834753927 -10.851629842190537 -0.25815383277776827 0.021356353437808853 0.026962392434100885 -0.38037927203622707 -0.024929701652387674 0.065929883529853781 0.065077518785995672 -0.059096277162276639 0.062245891512245279 0.00043790332380898989 0.062145894049902319 -0.012821271110312771
leaf_weight=84.76706024242435 3.6017023955794647 63.454181056483506 64.741998964399272 74.533554018634845 172.46884805564386 87.323653596668336 58.142648697585493 0.12529115591307682 28.989588748997413 0.17670210672193395 0.62609705550148953 0.1947003622428907 50.743820191502678 48.239295959472656 50.995810539039923 24.405593592530828 20.560076916530448 64.926693099689146 217.73284149169922 25.597021375491749 60.31854248046875 25.289056916168562 65.050483703613281 18.26327171176672
leaf_count=64792 1094 303 2496 8664 77 314 57 92 361 140 219 244 570 2594 96 403 157 8 44 140 15 142 33 91
internal_value=0.0846987 0.61174 0.0562942 0.0729031 0.0989396 0.0520628 0.0779452 0.169989 0.952443 10.4902 -4.35501 -8.13835 -0.104255 -0.131947 0.025778 -0.0881743 0.0852396 0.0440776 0.0466402 0.0540474 0.0260941 0.0325473 0.0466847 -0.00512221
internal_weight=1311.27 67.0559 1244.21 1179.47 1046.46 971.931 833.863 288.068 30.1124 1.12279 0.9975 0.371402 138.067 133.006 545.795 82.5482 257.956 85.4868 463.247 303.648 85.9156 159.599 116.046 43.5523
internal_count=83146 1397 81749 79253 11867 3203 2319 1298 1056 695 603 384 884 67386 1021 460 242 165 561 199 155 362 129 233
cat_boundaries=0 1 2
cat_threshold=272 256
is_linear=0
shrinkage=0.05


Tree=159
num_leaves=26
num_cat=2
split_feature=0 5 1 0 1 3 3 0 11 0 1 0 0 0 1 4 1 1 4 1 0 0 1 1 1
split_gain=6400.37 61127.6 2217.11 6021.53 2930.82 2755.2 1979.02 23102.5 122651 2.58092e+06 989.515 684.151 318.091 931.001 630.652 907.123 120.414 77.9014 47.0542 37.3815 1.55347 1.89466 1.22822 0.493484 0.0383958
threshold=12.248250000000002 1.0000000180025095e-35 13.262450000000001 9.6184500000000011 7.3479500000000009 0 1 1.0000000180025095e-35 1.0000000180025095e-35 12.179000000000002 15.350350000000002 6.4496000000000011 5.1990000000000007 11.326000000000002 15.477100000000002 1.0000000180025095e-35 15.028300000000002 16.151200000000003 1.0000000180025095e-35 15.620850000000003 0.88170000000000015 7.7317000000000009 14.200250000000002 12.057050000000002 10.781950000000002
decision_type=2 2 2 2 2 9 9 2 2 2 2 2 2 2 2 2 2 2 2 2 2 2 2 2 2
left_child=2 -2 3 4 11 18 12 10 -9 -10 16 -1 14 -14 15 -4 22 -15 -6 -16 23 -22 -8 24 -20
right_child=1 -3 6 -5 5 -7 7 8 9 -11 -12 -13 13 17 19 -17 -18 -19 20 -21 21 -23 -24 -25 -26
leaf_value=-0.20338015755965838 3.7219172139087031 -0.10034665446520932 0.24945997679127474 0.595278726803669 -0.092732671515210877 0.38072414964894574 -0.041079817156184785 -1.7504914466707822 -804.29597670298972 -0.6672580016474513 -0.37836547199864318 0.032159841301997567 -0.16594942918040886 0.0080735999838792566 0.020048252837630374 0.046381271927076188 0.051341714372664007 0.076444654005751053 0.056343673696914225 -0.057018283539493314 0.024206762602068353 0.048222980202157532 -0.058051585174264099 0.04950419678468565 0.054141504355931416
leaf_weight=87.684258243231625 12.516290592261376 63.672399949903372 87.673723718198403 62.95574951171875 5.9193740874523249 85.942231347195161 25.2051001738173 7.742968474968662 0.010506742524100221 0.20349352061748505 17.401690274906855 47.546100616455078 60.692997960277523 58.201782005285452 21.001497927071931 147.50411773528231 99.418858870863943 146.60494613647461 50.711234033107743 62.74640568984703 10.933221049810326 32.997837066650391 18.472938179969788 58.952556126482492 32.465282440185604
leaf_count=64836 428 969 216 1203 891 7603 197 745 953 10 229 1742 1272 241 50 324 54 24 196 239 388 105 153 52 26
internal_value=0.0828762 0.527575 0.055308 0.139758 0.0703463 0.16324 0.00190332 -0.14417 -2.78251 -40.1229 -0.0223533 -0.120566 0.0456928 0.00604556 0.0801311 0.122089 0.0209406 0.057015 0.0437686 -0.0376923 0.0504637 0.042246 -0.0482578 0.0530038 0.0554841
internal_weight=1305.18 76.1887 1228.99 476.108 413.152 277.922 752.881 168.456 7.95697 0.214 160.499 135.23 584.425 265.5 318.926 235.178 143.097 204.807 191.98 83.7479 186.06 43.9311 43.678 142.129 83.1765
internal_count=83146 1397 81749 77042 75839 9261 4707 2341 1708 963 633 66578 2366 1537 829 540 404 265 1658 289 767 493 350 274 222
cat_boundaries=0 1 2
cat_threshold=4 266
is_linear=0
shrinkage=0.05


Tree=160
num_leaves=26
num_cat=3
split_feature=1 1 1 2 2 3 3 2 2 0 3 1 1 1 2 1 1 1 1 1 1 2 1 0 1
split_gain=3389.78 11539.6 2882.39 22274.6 3206.03 2657.07 1487.39 937.736 4869.75 545.585 507.214 4806.3 3696.46 1529.58 57.4484 31.1683 12.0878 10.2975 13.8704 8.73905 2.92269 2.18559 1.21888 1.02246 0.223456
threshold=15.864400000000002 15.620850000000003 11.203800000000003 5.9050000000000011 2.8950000000000005 0 1 9.7250000000000032 7.3650000000000011 0.25075000000000008 2 15.416350000000001 14.959550000000002 15.381700000000002 4.5050000000000008 13.175050000000001 13.356150000000001 14.959550000000002 14.839450000000001 15.447300000000002 12.822250000000002 4.4650000000000007 12.934450000000002 9.6184500000000011 14.320600000000001
decision_type=2 2 2 2 2 9 9 2 2 2 9 2 2 2 2 2 2 2 2 2 2 2 2 2 2
left_child=1 2 3 -1 5 -4 -2 8 14 -5 17 12 -12 -14 15 22 -17 18 20 -13 23 -18 -6 -9 -22
right_child=6 -3 4 9 7 -7 -8 10 -10 -11 11 19 13 -15 -16 16 21 -19 -20 -21 24 -23 -24 -25 -26
leaf_value=1.2141061965701498 0.01295753246727805 0.77238188420035681 0.052581845493532169 -0.18596643671536031 0.039157483705270502 -0.39564490288371545 -0.30685335952923343 0.047134677237477829 0.516483654640988 0.022177605600967439 -1.344839156014187 0.053982946041748726 -11.442354029574702 -1.6800336697857938 0.024679389325942627 0.098533848888313041 0.070045582543019083 0.034711784712269732 0.068493463153343287 0.009700110050772516 0.033070102454869507 0.081432912071379163 0.052183047542174926 0.057128068660364198 0.040151044451804924
leaf_weight=46.510276794433821 86.168263972208976 64.673527523649682 66.225669860839844 48.841977270498305 31.135564345866555 58.166182648769222 56.964682625962908 62.792179557445806 70.935387747337302 88.581154987091864 4.662285876806985 24.213790893554688 0.13175908292835892 0.057693131268024445 67.275483356345944 88.56158447265625 84.574619881341164 62.180022422441027 139.67593383789062 20.63648437857114 26.277985237701117 83.976196289062386 42.442322731018066 43.207666400847074 19.342905044555664
leaf_count=10264 246 455 12 54823 108 1484 729 77 507 11686 743 18 258 18 632 23 575 67 9 105 181 11 33 32 50
internal_value=0.0955839 0.122075 0.0864451 0.268303 0.0528768 -0.18459 -0.134855 0.0867487 0.134826 -0.0517995 0.0308342 -0.106651 -1.62304 -8.46947 0.0667974 0.0753659 0.0835775 0.0517199 0.057126 0.0336076 0.046654 0.075719 0.0466711 0.0512082 0.0360724
internal_weight=1388.21 1245.08 1180.41 183.933 996.472 124.392 143.133 872.08 468.901 137.423 403.179 49.702 4.85174 0.189452 397.966 330.69 257.112 353.477 291.297 44.8503 151.621 168.551 73.5779 106 45.6209
internal_count=83146 82171 81716 76773 4943 1496 975 3447 1889 66509 1558 1142 1019 276 1382 750 609 416 349 123 340 586 141 109 231
cat_boundaries=0 1 2 3
cat_threshold=2 256 12
is_linear=0
shrinkage=0.05


Tree=161
num_leaves=26
num_cat=2
split_feature=1 1 1 2 2 1 3 2 2 0 3 1 5 6 2 2 1 5 1 1 1 1 1 1 1
split_gain=3227.2 19496.5 3347.81 63008.9 2842.27 2698.55 1108.45 940.003 6533.32 426.429 409.316 1052.26 55.7788 41.5644 163.289 16.1871 14.0809 10.17 8.58964 5.37036 4.57592 8.42941 1.68038 0.868077 0.587941
threshold=15.864400000000002 15.620850000000003 11.203800000000003 5.9050000000000011 2.8950000000000005 15.546550000000002 0 9.7250000000000032 7.3650000000000011 0.25075000000000008 1 15.416350000000001 1.0000000180025095e-35 1.0000000180025095e-35 3.2450000000000006 3.0050000000000003 14.320600000000001 1.0000000180025095e-35 15.447300000000002 12.576950000000002 14.959550000000002 14.839450000000001 14.405750000000003 12.576950000000002 14.320600000000001
decision_type=2 2 2 2 2 2 9 2 2 2 9 2 2 2 2 2 2 2 2 2 2 2 2 2 2
left_child=1 2 3 -1 5 -4 -2 8 12 -5 17 -12 15 14 -14 -6 -17 19 -13 -9 21 23 -18 -19 -25
right_child=6 -3 4 9 7 -7 -8 10 -10 -11 11 18 13 -15 -16 16 22 20 -20 -21 -22 -23 -24 24 -26
leaf_value=3.1382213762353532 0.012401848964815288 1.2175101074873715 -0.39460099956893879 -0.15608825250394695 0.09397966888667475 0.051672172808677433 -0.25343234037462176 0.051331269443184703 0.65311171607663721 0.021071019329396992 -0.43468095230567294 0.053773637516867513 0.051960850643284678 0.058244880260469034 -0.17936771792790632 0.036767008061437789 0.078974680996838145 0.053001332776867263 0.0092958495898137084 0.019267293409710257 0.043851763085548681 0.067269190327633885 0.068906400733069237 0.039093790528295848 0.050276072945750497
leaf_weight=17.408897399902401 85.980673483563862 39.387544333594178 64.686675479130145 55.096535494314608 88.217689514160327 71.114395141601562 67.316670579911431 22.14268684387206 53.630032444165749 88.571679304142137 16.62196753441043 23.120256423950195 30.4471435546875 66.209476917185967 10.178769258959262 30.167856689542589 82.302772521972642 41.4604335859934 20.461797762514607 31.832777152068342 60.47522190361633 135.22006225585938 83.471612196033348 31.745224667276858 18.666696548461914
leaf_count=10264 246 455 1445 54823 4 51 729 23 507 11686 1019 18 60 240 797 146 9 49 105 94 44 7 126 170 29
internal_value=0.0957927 0.123772 0.0860899 0.297369 0.0514399 -0.160903 -0.120056 0.0855105 0.135598 -0.0468693 0.0300767 -0.0824993 0.0646148 0.0338154 -0.00599822 0.0761945 0.0681872 0.0508473 0.0328913 0.0324211 0.056074 0.0593288 0.073905 0.0476421 0.0432344
internal_weight=1335.94 1182.64 1143.25 161.077 982.174 135.801 153.297 846.372 444.625 143.668 401.747 60.204 390.995 106.835 40.6259 284.16 195.942 341.543 43.5821 53.9755 287.568 227.092 165.774 91.8724 50.4119
internal_count=83146 82171 81716 76773 4943 1496 975 3447 1889 66509 1558 1142 1382 1097 857 285 281 416 123 117 299 255 135 248 199
cat_boundaries=0 1 2
cat_threshold=256 12
is_linear=0
shrinkage=0.05


Tree=162
num_leaves=26
num_cat=1
split_feature=1 2 3 2 2 0 2 6 0 5 1 2 0 1 0 1 1 2 0 5 2 1 1 1 0
split_gain=3258.44 1.37739e+06 3891.99 39221.9 1529.48 1010.3 1926.93 684.863 344.374 316.13 168.192 1025.78 261.404 194.811 50.4384 26.9594 25.8804 12.5719 25.7168 145.577 12.3017 20.3859 19.5955 0.96136 0.239129
threshold=11.203800000000003 5.9050000000000011 0 9.6350000000000033 0.74500000000000011 12.596050000000002 3.1350000000000002 1.0000000180025095e-35 0.25075000000000008 1.0000000180025095e-35 14.994250000000003 10.655000000000003 11.326000000000002 15.350350000000002 9.8318500000000011 13.649400000000002 14.163950000000002 3.9250000000000003 9.6184500000000011 1.0000000180025095e-35 6.3550000000000013 14.839450000000001 14.200250000000002 12.694800000000003 6.0091500000000009
decision_type=2 2 9 2 2 2 2 2 2 2 2 2 2 2 2 2 2 2 2 2 2 2 2 2 2
left_child=1 -1 3 9 -4 6 -6 10 -3 15 14 -12 13 -13 16 -2 17 24 19 23 -18 22 -22 -19 -8
right_child=2 8 4 -5 5 -7 7 -9 -10 -11 11 12 -14 -15 -16 -17 20 18 -20 -21 21 -23 -24 -25 -26
leaf_value=64.330091580214074 0.089951231107803842 -0.13477244335604549 -0.19280053899450422 2.2622267577348771 -0.22646654523377674 0.23071520787682345 0.048146073006485469 0.19192047410839708 0.020024213575163416 -0.097139064676462994 -0.42090699694108391 0.026997176794044037 0.079691046201855242 -0.18254743220140013 -0.011815684144598028 0.050029161705498149 0.076774442304589227 0.021669076036650997 0.054913456599725269 -0.22754453242280159 0.051983527474518079 0.061990180505593073 -0.016813101240541035 0.035443018469280926 0.054058445246610999
leaf_weight=0.83564066886964283 87.547198228538036 60.464933427927463 76.846260090770784 22.071719972795393 69.620123596389817 64.298630273606705 29.228696823120089 75.184404123673175 88.54251215317737 33.642097486004161 14.057516162565518 24.088620034956776 85.794876098632812 20.557632968258773 34.523499754638124 81.802437134112893 80.474563598632841 21.402477368712599 39.875331878662109 6.137551220141602 24.449687957763665 154.81009483337402 17.949123004834838 31.041244950296342 41.221139907836914
leaf_count=10264 11 54823 756 210 1040 436 57 1337 11686 303 289 63 44 173 509 111 149 79 18 417 12 34 180 88 57
internal_value=0.0970408 0.316203 0.0681483 0.249425 0.0204309 0.0403063 0.0244149 0.0493385 -0.0427899 0.0428565 0.0322034 -0.0151022 0.028631 -0.0694889 0.0464112 0.0706673 0.0509125 0.0354794 0.0239404 0.00285759 0.0602999 0.0535772 0.0228591 0.0298218 0.0516055
internal_weight=1286.47 149.843 1136.62 225.063 911.561 834.715 770.417 700.796 149.007 202.992 625.612 144.499 130.441 44.6463 481.113 169.35 446.59 168.906 98.4566 58.5813 277.683 197.209 42.3988 52.4437 70.4498
internal_count=83146 76773 6373 635 5738 4982 4546 3506 66509 425 2169 569 280 236 1600 122 1091 716 602 584 375 226 192 167 114
cat_boundaries=0 1
cat_threshold=16
is_linear=0
shrinkage=0.05


Tree=163
num_leaves=22
num_cat=2
split_feature=0 2 11 2 2 0 3 3 0 5 0 2 2 5 2 4 0 0 5 4 5
split_gain=2883.36 5633.48 5726.31 3120.48 12027.8 1686.97 822.754 775.762 956.497 1549.47 106.913 67.991 62.3162 24.4996 14.5363 7.02618 7.0198 37.4253 13.1172 8.04651 3.94497
threshold=12.596050000000002 0.74500000000000011 1.0000000180025095e-35 9.7250000000000032 4.4650000000000007 1.0000000180025095e-35 0 1 11.326000000000002 1.0000000180025095e-35 7.7317000000000009 10.615 10.255000000000001 1.0000000180025095e-35 10.225000000000003 1.0000000180025095e-35 11.219900000000001 0.072350000000000012 1.0000000180025095e-35 1.0000000180025095e-35 1.0000000180025095e-35
decision_type=2 2 2 2 2 2 9 9 2 2 2 2 2 2 2 2 2 2 2 2 2
left_child=1 -1 3 4 5 -3 13 12 9 11 -8 -9 14 15 -5 -7 17 18 -14 -20 -18
right_child=-2 2 -4 7 -6 6 10 8 -10 -11 -12 -13 16 -15 -16 -17 20 -19 19 -21 -22
leaf_value=-0.31986317361950101 0.4464987303918137 0.43263853162777482 0.72402652197173722 0.024115254222025925 0.75568109950948681 0.084277501953303219 -0.33272786148237904 0.033789554475789886 0.038453114775070268 -0.52159279640681699 -0.15126444703554814 -0.090312130950554709 0.026198103232197879 0.040191799879798956 0.097002213730231143 0.063757887435448649 0.065269580688009074 -0.0030722543363729551 0.025994964517557478 0.056750470246065748 0.044591883518407434
leaf_weight=81.755950927734602 56.448952291694241 28.093885423498591 36.729833951072351 7.4136877059935946 78.522703626096359 86.456954956054688 11.444728851318304 20.514335632324343 84.461518335006645 25.567697753606851 27.915054321373784 23.888559739264171 51.030050543250866 76.372352614267271 88.496597290039062 80.618022922426462 69.24737548828125 38.271472154724165 23.396564104696552 233.62412560754461 34.587512969970703
leaf_count=1679 1153 4243 2168 512 63350 20 1552 196 259 1127 533 682 2047 148 45 136 68 1826 970 288 144
internal_value=0.0972154 0.0808992 0.109981 0.0892876 0.202756 0.0631066 0.0263976 0.0262079 -0.0702562 -0.21152 -0.162694 -0.0329766 0.0537902 0.0611407 0.0913682 0.0743763 0.0469788 0.04356 0.0493534 0.0539508 0.0583818
internal_weight=1264.86 1208.41 1126.65 1089.92 389.424 310.901 282.807 700.499 154.432 69.9706 39.3598 44.4029 546.067 243.447 95.9103 167.075 450.157 346.322 308.051 257.021 103.835
internal_count=83146 81993 80314 78146 69982 6632 2389 8164 2264 2005 2085 878 5900 304 557 156 5343 5131 3305 1258 212
cat_boundaries=0 1 2
cat_threshold=24 14
is_linear=0
shrinkage=0.05


Tree=164
num_leaves=26
num_cat=1
split_feature=11 0 1 0 0 1 1 1 0 3 2 1 1 2 0 0 0 4 2 2 2 1 2 4 1
split_gain=4157.54 479340 3.33294e+06 65311.6 4523.53 3168.1 14197.6 1467.6 11420.5 1078.91 4013.61 3447.03 21713.3 429.199 49.841 35.1728 30.0071 18.3103 7.16296 22.9046 66.8831 4.72383 4.03606 1.61291 0.665051
threshold=1.0000000180025095e-35 4.9593500000000006 15.730650000000002 12.018950000000002 12.596050000000002 7.3479500000000009 11.203800000000003 15.620850000000003 11.326000000000002 0 7.7950000000000008 15.477100000000002 15.416350000000001 3.1350000000000002 7.3795000000000011 9.6712000000000007 11.397250000000001 1.0000000180025095e-35 10.655000000000003 3.2850000000000006 4.1650000000000009 14.839450000000001 0.31500000000000006 1.0000000180025095e-35 14.163950000000002
decision_type=2 2 2 2 2 2 2 2 2 9 2 2 2 2 2 2 2 2 2 2 2 2 2 2 2
left_child=4 -2 3 -3 5 -1 -7 9 -9 10 14 12 -12 -11 -8 18 -10 22 19 -15 -21 23 -16 -20 -25
right_child=1 2 -4 -5 -6 6 7 8 16 13 11 -13 -14 15 17 -17 -18 -19 21 20 -22 -23 -24 24 -26
leaf_value=-0.22145871370363424 -0.42940211387373922 -41.328381842774647 279.06226750873776 -0.71244711553755324 0.59569070033085603 0.81775692735990479 0.018285616934042601 -1.2135027979396069 0.079848854495550556 -0.090178315305760287 0.37571712570573462 0.042648566958691854 4.1251450093706685 0.05235086882457704 0.087783507323710444 -0.0084874728230967585 0.034974646877276618 0.051148838933259846 0.050529158380464102 0.042770857224185513 -0.13528390528185949 0.055114375330720847 0.072481694893001089 0.034444634502723524 0.043118585833915118
leaf_weight=88.024873188127003 19.893192291259776 0.20359299593858304 0.12013626372255848 0.19262138241901994 41.900276659204792 63.149366212091536 54.351948318322201 19.934631025369811 83.734527587890611 75.215179444490559 35.285651248350277 25.716403815818929 4.3357867207087173 47.127993583679185 87.20865631103517 33.397686007269613 67.112365736267932 78.959365844726562 38.360115051269872 19.391817092895508 7.2444224357606286 145.75923174560765 85.188850402832159 50.016686675919544 39.590208254754543
leaf_count=67467 931 1475 99 202 985 8669 160 869 8 369 723 69 36 7 3 190 158 202 74 25 137 62 102 86 38
internal_value=0.0975186 0.80511 48.3665 -21.5828 0.0853931 0.0667859 0.090698 0.0446896 -0.0887531 0.0722414 0.134111 0.493434 0.786018 0.0185622 0.0617014 0.0405229 0.0598841 0.0710893 0.0452333 0.0314047 -0.0056558 0.0489599 0.0802222 0.0419498 0.038277
internal_weight=1211.42 20.4095 0.516351 0.396214 1191.01 1149.11 1061.08 997.932 170.782 827.15 371.047 65.3378 39.6214 456.103 305.709 380.888 150.847 251.357 347.49 73.7642 26.6362 273.726 172.398 127.967 89.6069
internal_count=83146 2707 1776 1677 80439 79454 11987 3318 1035 2283 1295 828 759 988 467 619 166 307 429 169 162 260 105 198 124
cat_boundaries=0 1
cat_threshold=274
is_linear=0
shrinkage=0.05


Tree=165
num_leaves=19
num_cat=1
split_feature=0 2 1 1 2 11 2 2 5 0 6 3 2 1 0 1 1 1
split_gain=6802.14 4752.26 3771.35 22166.9 2632.9 1948.58 13741.1 1162.84 5034.27 24778.9 113.428 62.6986 41.5633 29.2954 10.2434 4.19359 7.26775 6.00994
threshold=12.596050000000002 0.74500000000000011 11.203800000000003 7.3479500000000009 2.8950000000000005 1.0000000180025095e-35 10.655000000000003 9.7250000000000032 1.0000000180025095e-35 6.5633000000000008 1.0000000180025095e-35 0 4.2750000000000012 16.151200000000003 9.7256000000000018 15.581400000000002 12.822250000000002 14.320600000000001
decision_type=2 2 2 2 2 2 2 2 2 2 2 9 2 2 2 2 2 2
left_child=1 -1 3 -3 -4 7 -7 8 12 -10 11 13 -6 14 15 16 -9 -18
right_child=-2 2 4 -5 5 6 -8 10 9 -11 -12 -13 -14 -15 -16 -17 17 -19
leaf_value=-0.29239533960270675 0.87942560780012569 -0.076440850402713575 -0.2191058836514797 1.3862061485981796 0.070471771806164082 -0.050280952444266586 2.3533171913990878 0.047639510490183085 2.310626063150953 -0.18428518196448945 -0.034405947325482335 0.0016802480897011888 0.020367128117706149 0.072567789529408053 0.01278462607275609 0.05197281321754256 0.0047765623630105373 0.035162564620318013
leaf_weight=86.098936978029087 26.219099163856072 88.494393486421586 77.760719300554456 36.62457667291676 180.14864540100115 29.026363170472905 7.4781203269958487 93.4483736474225 14.826159477235093 30.272249238487845 65.952012427413763 119.04845968629786 53.735983474619786 82.062141418457031 33.636384637885442 76.102895196112115 21.733820078200168 64.762993307260544
leaf_count=1679 1153 66560 1090 8706 79 1270 217 40 190 574 814 253 141 13 138 34 84 111
internal_value=0.083018 0.0650359 0.0936603 0.351702 0.0596749 0.0845285 0.442108 0.0689095 0.152227 0.63592 0.0271595 0.0354325 0.05896 0.044986 0.0387256 0.0421333 0.037972 0.0275276
internal_weight=1187.43 1161.21 1075.11 125.119 949.995 872.235 36.5045 835.73 278.983 45.0984 556.747 490.795 233.885 371.747 289.684 256.048 179.945 86.4968
internal_count=83146 81993 80314 75266 5048 3958 1487 2471 984 764 1487 673 220 420 407 269 235 195
cat_boundaries=0 1
cat_threshold=260
is_linear=0
shrinkage=0.05


Tree=166
num_leaves=25
num_cat=2
split_feature=0 2 2 2 2 2 4 2 0 0 3 0 0 3 0 5 2 0 0 2 4 0 2 5
split_gain=15192.3 4360.99 1513.31 34150.1 3.53291e+06 1.88291e+06 1281.16 2203.37 23452.1 1333.51 679.101 1032.86 1630.87 192.773 281.376 1363.9 147.711 146.243 97.3151 74.3028 26.9654 19.4466 19.3004 2.89328
threshold=12.596050000000002 0.74500000000000011 9.7250000000000032 5.0550000000000006 7.535000000000001 5.9050000000000011 1.0000000180025095e-35 3.7450000000000006 7.7317000000000009 0.69060000000000021 0 4.9593500000000006 10.804450000000001 1 11.326000000000002 1.0000000180025095e-35 10.565000000000003 12.248250000000002 11.762650000000002 10.615 1.0000000180025095e-35 11.681300000000002 10.225000000000003 1.0000000180025095e-35
decision_type=2 2 2 2 2 2 2 2 2 2 9 2 2 9 2 2 2 2 2 2 2 2 2 2
left_child=1 -1 3 6 5 -5 9 8 -8 -3 11 16 -13 21 15 19 22 -9 -11 -15 -18 -12 -4 -22
right_child=-2 2 10 4 -6 -7 7 17 -10 18 13 12 -14 14 -16 -17 20 -19 -20 -21 23 -23 -24 -25
leaf_value=-0.26987763908883095 1.8563435099106842 0.32759305984380133 0.025776376762767214 139.07392995654044 325.27299161428249 -0.2458669092584061 -6.3490818467777173 -0.089706262811674889 -0.14774830832624056 0.0009114356661929111 0.027369687439511382 0.51342388860049015 0.029285903865235732 0.052110878409570273 0.034347597779270066 -0.40830920332959314 -0.034085615999613066 0.070340845999829427 0.077596976848657795 -0.055340898348036405 0.037290425473560505 0.061038977431317788 0.10746017285992247 0.019841978418356297
leaf_weight=88.536192018422526 11.987494898783323 52.991218566894673 7.877844810485839 0.24450141191481733 0.084168811688210776 29.900879543682311 1.5939221397553556 17.594490003332012 35.047248856532896 82.436759948730469 118.86251233090297 35.5906872997599 34.023951053619392 49.720241546630938 80.36504672773242 25.296597451848839 21.159408727995782 75.610794069552455 83.048477172851562 23.785015111648597 46.226501906224897 67.093574523925781 88.154281616210938 48.881080330446665
leaf_count=1679 1153 5044 447 2172 37921 22390 1104 732 612 1759 189 1452 354 202 256 1149 1502 13 67 660 1625 14 261 389
internal_value=0.0858554 0.0668058 0.0958707 0.175276 1.78732 0.88412 0.0353726 -0.0890122 -0.417512 0.109298 0.0494143 0.105915 0.276803 0.00281174 -0.0332712 -0.0916395 0.0548688 0.0401285 0.0393959 0.0173414 0.016965 0.037501 0.100759 0.0283227
internal_weight=1126.11 1114.13 1025.59 378.552 30.2295 30.1454 348.323 129.846 36.6412 218.476 647.037 281.914 69.6146 365.123 179.167 98.8019 212.299 93.2053 165.485 73.5053 116.267 185.956 96.0321 95.1076
internal_count=83146 81993 80314 71814 62483 24562 9331 2461 1716 6870 8500 6030 1806 2470 2267 2011 4224 745 1826 862 3516 203 708 2014
cat_boundaries=0 1 2
cat_threshold=20 10
is_linear=0
shrinkage=0.05


Tree=167
num_leaves=24
num_cat=0
split_feature=1 1 11 2 2 2 2 1 1 2 1 2 1 2 1 1 1 1 1 2 1 1 1
split_gain=3023.47 95449.3 3806.23 3226.12 255809 1.30322e+07 1.70364e+08 6211.68 1199.94 633.228 353.478 224.798 4275.08 169.503 130.545 66.7637 83.7182 146.809 52.5146 30.2135 23.4116 10.8764 15.9365
threshold=15.864400000000002 15.730650000000002 1.0000000180025095e-35 9.7250000000000032 5.0550000000000006 5.8250000000000011 6.7950000000000008 12.057050000000002 15.546550000000002 2.8950000000000005 16.214600000000004 10.615 11.813500000000003 10.225000000000003 13.175050000000001 14.994250000000003 14.839450000000001 12.822250000000002 15.581400000000002 10.255000000000001 14.200250000000002 13.356150000000001 15.477100000000002
decision_type=2 2 2 2 2 2 2 2 2 2 2 2 2 2 2 2 2 2 2 2 2 2 2
left_child=1 2 3 4 7 -6 -7 -1 9 -9 -2 13 -13 -5 -11 16 17 -14 -17 -15 -19 -16 -23
right_child=10 -3 -4 11 5 6 -8 8 -10 14 -12 12 15 19 21 18 -18 20 -20 -21 -22 22 -24
leaf_value=1.0125069319043687 -0.06888581299115068 17.670672384302915 -0.41094651071919897 -0.15702885351122353 -0.37753380828177924 372.22526583671066 20538.970503564433 -0.06290546487315056 0.26668017947913453 0.13308368391931535 -0.22603900352529879 -0.98318915961208853 0.045516439382824979 0.10160568730096581 0.079126671502559198 -0.081962450873969084 0.057827450298828735 -0.043797362173837923 0.023698515914784571 0.052350871849091409 -0.12413735278397856 0.030962223220522157 0.069448243962537667
leaf_weight=19.048086646944512 79.507533359127109 0.77274654852658287 36.374135799647775 7.6862745285044971 1.9868292067612348 0.040336150819982541 0.0010751508301680692 87.477724505827666 81.339332638326198 110.35245513916036 65.061111451380413 10.775139038542873 68.048080480220847 88.559074401855455 82.416961669921875 22.453416170343644 184.49277910880483 21.18360697670839 24.69102657246458 48.015312194824403 15.854787872567796 42.41576920023968 73.525817873781989
leaf_count=8265 450 227 2571 795 1922 3490 56493 492 135 36 525 5971 80 56 4 314 75 317 70 393 284 165 16
internal_value=0.0744814 0.104604 0.0913831 0.109833 0.199454 17.9202 895.809 0.127074 0.0917554 0.0558426 -0.13961 0.0189639 -0.00281756 0.0714317 0.0894915 0.0285543 0.0375376 0.00191603 -0.0266245 0.0842892 -0.078188 0.06524 0.0553686
internal_weight=1172.08 1027.51 1026.74 990.364 498.604 2.02824 0.0414113 496.576 477.528 396.189 144.569 491.759 347.499 144.261 308.711 336.724 289.579 105.086 47.1444 136.574 37.0384 198.359 115.942
internal_count=83146 82171 81944 79373 71018 61905 59983 9113 848 713 975 8355 7111 1244 221 1140 756 681 384 449 601 185 181
is_linear=0
shrinkage=0.05


Tree=168
num_leaves=31
num_cat=3
split_feature=3 1 1 2 2 2 1 1 2 4 2 2 0 1 1 6 1 0 1 1 1 11 1 0 3 3 2 2 2 1
split_gain=9.65548e+07 5.05907e+09 3.33495e+08 5.00116e+07 1.06305e+08 249480 152164 57820.7 1.53764e+07 2.20423e+08 1.27734e+08 5.24853e+07 1.24365e+06 48589.8 84410.5 7678.63 174540 3.59368e+06 2496.17 1238.85 8390.8 1739.82 537.849 780.19 375.858 388.886 292.242 166.377 152.832 508.854
threshold=0 6.0884000000000009 6.6392500000000014 7.8450000000000006 7.8250000000000011 7.8550000000000013 6.2647000000000004 9.8073000000000015 10.225000000000003 1.0000000180025095e-35 8.3150000000000031 8.4450000000000021 3.2175000000000002 6.4591000000000003 6.2713500000000009 1.0000000180025095e-35 16.577300000000005 13.277750000000003 10.361100000000002 15.864400000000002 15.620850000000003 1.0000000180025095e-35 12.415550000000001 9.6184500000000011 1 2 10.655000000000003 3.6550000000000007 7.8050000000000006 6.2848500000000014
decision_type=9 2 2 2 2 2 2 2 2 2 2 2 2 2 2 2 2 2 2 2 2 2 2 2 9 9 2 2 2 2
left_child=1 -1 5 4 -4 28 -7 8 9 10 -2 -12 -11 14 -8 18 17 -17 -9 20 21 22 23 -20 27 -26 -27 -24 29 -3
right_child=7 2 3 -5 -6 6 13 15 -10 12 11 -13 -14 -15 -16 16 -18 -19 19 -21 -22 -23 24 -25 25 26 -28 -29 -30 -31
leaf_value=-7931.1658303826407 -12416.367712713676 -0.59619473700490155 -3166.5755032130783 -4425.0859419485341 -191.84029765282386 -177.86270402447715 -16.034364093208577 0.54091157392727796 0.0022405326524267857 -199.98141979752523 -346.21814655837329 -6930.8913113869348 16.816597470566997 -17.366284586470506 -145.89661218620125 -272.628751878233 0.025154602004967413 -0.7993307386001679 -0.60859301252461218 -0.14225591010382743 0.71708336494398717 -0.26333420296770566 0.10456814282236482 -0.017525062905377226 0.046369530437059089 -0.17965822899906889 -0.005899598160210363 0.046188253354559117 -0.061384466823274864 -8.0428410346203503
leaf_weight=0.21027993496992081 0.0051370915982894552 0.27529170862224217 0.075082325636309011 0.025028052753066632 0.05005501371083021 0.02502651885151852 0.025026518851518631 26.028420269497246 88.472785949707031 0.091233089566235881 0.0073663669172674417 0.0051364617560050174 0.24060083552387312 0.075079556554555893 0.025026518851518631 0.12693983994219449 72.389480590820312 2.8832203218865127 7.4277587275624901 81.192773676399042 46.330286686438626 48.893176523735747 278.00920867919922 22.479070751323892 187.23752593994141 41.477437981632676 58.087994754735092 217.53637272511338 6.1016837358474731 0.025026519161560068
leaf_count=46799 7631 1743 6215 2504 248 188 24 266 6211 1206 55 1343 1293 55 160 1988 106 107 161 505 220 2383 69 52 109 337 291 192 189 496
internal_value=-1.79537 -120.408 -55.0041 -2384.76 -1976.68 -1.6098 -65.3154 -0.0778812 -1.30525 -332.31 -5778.63 -3051.36 -42.789 -42.806 -80.9655 0.0214115 -0.465402 -12.2625 0.0575853 0.0448609 0.0616024 0.0263372 0.0437737 -0.164325 0.0517287 0.00455303 -0.0711398 0.0773788 -0.115583 -1.21675
internal_weight=1185.83 6.91261 6.70233 0.150165 0.125137 6.55216 0.150159 1178.92 88.8223 0.349474 0.0176399 0.0125028 0.331834 0.125133 0.050053 1090.1 75.3996 3.01016 1014.7 988.672 907.479 861.149 812.255 29.9068 782.349 286.803 99.5654 495.546 6.402 0.300318
internal_count=83146 58621 11822 8967 6463 2855 427 24525 17739 11528 9029 1398 2499 239 184 6786 2201 2095 4585 4319 3814 3594 1211 213 998 737 628 261 2428 2239
cat_boundaries=0 1 2 3
cat_threshold=1024 22 8
is_linear=0
shrinkage=0.05


Tree=169
num_leaves=31
num_cat=0
split_feature=1 1 1 2 1 2 2 2 0 0 2 1 1 2 1 1 0 2 1 1 1 1 0 1 1 1 0 1 2 2
split_gain=673551 3.29827e+08 2.59333e+10 1.55298e+06 1.51528e+07 130031 590964 9.52304e+07 9051.83 2753.68 14196.3 3411.86 5727.26 3647.4 2907.36 1981.11 1043.31 1016.58 961.392 936.858 808.031 350.983 699.793 134.207 62.2187 72.2886 58.4416 23.0567 23.76 100.674
threshold=9.8073000000000015 6.589900000000001 6.6392500000000014 7.8050000000000006 6.2321500000000007 10.225000000000003 7.8450000000000006 7.8550000000000013 12.690450000000002 4.9593500000000006 4.4650000000000007 15.620850000000003 16.214600000000004 5.9050000000000011 13.079150000000002 12.415550000000001 11.219900000000001 7.8250000000000011 6.1351000000000004 6.2836500000000006 15.620850000000003 13.175050000000001 10.969800000000001 6.1757500000000016 15.070250000000003 15.581400000000002 11.019700000000002 14.839450000000001 6.745000000000001 10.655000000000003
decision_type=2 2 2 2 2 2 2 2 2 2 2 2 2 2 2 2 2 2 2 2 2 2 2 2 2 2 2 2 2 2
left_child=1 3 17 4 -1 6 18 23 9 10 -2 13 -13 14 -11 -12 -15 -3 -5 -6 24 -16 -23 -8 27 -26 -24 28 -17 -30
right_child=8 2 -4 5 19 -7 7 -9 -10 11 15 12 -14 16 21 20 -18 -19 -20 -21 -22 22 26 -25 25 -27 -28 -29 29 -31
leaf_value=-1720.9653678671734 -1.6672988398824284 -0.051239693123120239 -191046.08597126065 -1.7202616633358474 -0.49364659361243873 0.0049546366781738349 -1.9335129942390434 -5759.7968308289464 -1.8572421490110997 0.54770959676048803 -0.5430279397446176 0.59325513005138786 -0.014239414289869618 -0.60095261217762319 0.1510798059983243 0.059369336333057014 -0.15216371778164853 -8.522715847967298 -0.066354721525965152 -10.677625232682493 -0.24545305098518788 -0.097081610020441605 0.10830761168550818 -0.051239693123120725 -0.077651217173382581 0.045778735485008507 0.056470275823673602 0.057441306316071895 -0.14773182796514914 0.032933109157844864
leaf_weight=0.014110961389918963 13.173886117087646 0.070825908333066345 0.0017989578191756053 1.172325626015535 0.11288709970788798 88.465736389160156 0.10657505691051472 0.007231221071974935 6.2889000450436461 32.655887603759709 16.204323470599149 84.676750673467666 71.605911254882812 22.838682555890266 78.119606018066406 47.092964172363153 29.909064799471487 0.070825909089758832 3.5075634345412254 0.028230247844362719 26.674741691837198 77.942578639097292 87.84710693359375 0.84991089999675751 23.159390020078547 24.318052291870117 142.68724845963879 201.17267990112305 8.5427474975587483 79.197531213696749
leaf_count=45895 927 54 10396 1989 1176 5718 449 9688 624 284 344 548 203 1202 37 117 359 26 135 699 248 966 18 37 178 12 327 61 172 257
internal_value=-0.321767 -4.37086 -2400.06 -0.725116 -158.744 -0.464472 -7.82291 -43.4775 0.0341248 0.045264 -0.0507331 0.112422 0.314912 0.0453761 0.094677 -0.000783881 -0.34648 -4.28698 -0.480663 -2.53093 0.0206388 0.0564092 0.0324345 -0.260969 0.0391479 -0.0144301 0.0762233 0.0467185 0.0307199 0.0153428
internal_weight=1168.52 94.408 0.143451 94.2646 0.155228 94.1093 5.64361 0.963717 1074.11 1067.82 439.536 628.283 156.283 472 419.252 426.362 52.7477 0.141652 4.67989 0.141117 410.158 386.597 308.477 0.956486 383.483 47.4774 230.534 336.006 134.833 87.7403
internal_count=83146 76262 10476 65786 47770 18016 12298 10174 6884 6260 2316 3944 751 3193 1632 1389 1561 80 2124 1875 1045 1348 1311 486 797 190 345 607 546 429
is_linear=0
shrinkage=0.05


Tree=170
num_leaves=28
num_cat=4
split_feature=3 2 2 2 2 2 0 2 2 0 3 0 0 3 5 3 0 0 2 6 4 2 2 5 2 4 2
split_gain=12768.3 1.21391e+06 8224.59 6148.57 29835.8 11646.7 4598.05 1677.79 3263.95 964.439 428.639 291.716 1949.97 458.573 512.707 375.281 129.343 80.9326 76.6261 24.8322 10.9579 4.98563 7.01534 4.94086 1.84308 1.67533 0.740702
threshold=0 7.8050000000000006 7.8450000000000006 5.9050000000000011 9.9750000000000032 5.0550000000000006 12.248250000000002 0.60500000000000009 1.2150000000000001 7.4536500000000006 1 0.25075000000000008 5.2618000000000009 2 1.0000000180025095e-35 3 6.0091500000000009 6.1312500000000005 10.615 1.0000000180025095e-35 1.0000000180025095e-35 7.8150000000000004 7.8350000000000009 1.0000000180025095e-35 7.8250000000000011 1.0000000180025095e-35 10.135000000000003
decision_type=9 2 2 2 2 2 2 2 2 2 9 2 2 9 2 9 2 2 2 2 2 2 2 2 2 2 2
left_child=1 -1 21 5 -5 6 7 -2 -9 10 16 13 -13 23 18 19 -10 -18 -15 20 -14 -3 24 -6 -23 26 -25
right_child=3 2 -4 4 11 -7 -8 8 9 -11 -12 12 15 14 -16 -17 17 -19 -20 -21 -22 22 -24 25 -26 -27 -28
leaf_value=-211.72731070117854 -0.14365605370828868 -0.48290509641260837 -5.9043582678198705 -1.164162826804138 0.030794593786156683 1.0734629124371589 0.49244989425295782 0.40268562374956035 0.011938983990985048 -0.30222188104611436 -0.081364799995730458 0.2751024819765901 0.042015979897637001 0.049571233600077327 -0.24986528652802656 -0.093262506419847777 0.13800691188621875 0.067383566323863969 -0.068703882686140139 0.064975271153257866 0.002693721609912967 -0.34002836374711287 -0.48610289823000863 0.051469150413495306 -0.24205614348268023 0.05208716175642232 0.035174095774879087
leaf_weight=0.069681681224571856 88.515181963911914 0.92773515172302712 0.82860874483518765 55.777180875822523 39.815142764129973 33.442395266133417 68.087016541955677 71.012313842773438 51.315549453958454 21.063700144042002 45.197002469192284 88.449371390919254 37.254409790046282 32.58761215209983 32.398126541482647 68.195422584856686 81.862808227539062 80.415885925292969 23.619285576469196 72.050697326660156 33.783227274608862 1.2135014124214656 0.689754033461213 9.8252801895142721 0.79422129143313203 169.31257146084681 24.029901625254183
leaf_count=45136 1523 776 10811 6030 2221 721 451 871 1723 1294 2990 673 810 99 474 1670 12 204 462 121 849 872 551 30 475 298 999
internal_value=0.0263554 -1.44828 -1.41015 0.0432291 -0.055687 0.169677 0.110118 0.0508711 0.0999456 0.0231262 0.0496072 0.0422468 0.0779952 0.00993262 -0.0821712 -0.00451954 0.077502 0.10301 -0.000130384 0.0413996 0.0233156 -0.382921 -0.348534 0.0450466 -0.301272 0.0500569 0.0399032
internal_weight=1232.53 4.5235 4.45382 1228.01 687.098 540.912 507.469 439.382 350.867 279.855 258.791 631.321 299.733 331.588 88.605 211.284 213.594 162.279 56.2069 143.088 71.0376 3.62521 2.69748 242.983 2.00772 203.168 33.8552
internal_count=83146 58621 13485 24525 14736 9789 9068 8617 7094 6223 4929 8706 4123 4583 1035 3450 1939 216 561 1780 1659 2674 1898 3548 1347 1327 1029
cat_boundaries=0 1 2 3 4
cat_threshold=1024 20 12 6
is_linear=0
shrinkage=0.05


Tree=171
num_leaves=31
num_cat=0
split_feature=0 1 0 2 2 1 2 1 2 1 1 2 6 2 11 2 2 2 2 2 1 1 1 5 1 2 1 1 1 1
split_gain=13287.2 7992.77 401362 2.33302e+06 694928 6.06784e+06 81852.9 1.20708e+06 3.38204e+06 11343.9 1662.57 8544.64 1030.93 1284.37 1516.91 1085.02 381.327 1010.57 4384.18 316.515 222.296 491.029 149.727 63.8503 115.804 54.1842 31.5254 37.1384 13.7785 17.8643
threshold=12.596050000000002 7.3479500000000009 6.4496000000000011 6.5150000000000006 7.8150000000000004 6.1351000000000004 10.225000000000003 6.1351000000000004 7.8350000000000009 10.361100000000002 6.5125500000000009 7.8350000000000009 1.0000000180025095e-35 2.8950000000000005 1.0000000180025095e-35 1.0000000180025095e-35 4.5050000000000008 10.655000000000003 10.565000000000003 7.8250000000000011 6.3065000000000007 6.5125500000000009 6.4108500000000008 1.0000000180025095e-35 12.822250000000002 3.2850000000000006 14.163950000000002 15.350350000000002 6.2713500000000009 6.2543500000000014
decision_type=2 2 2 2 2 2 2 2 2 2 2 2 2 2 2 2 2 2 2 2 2 2 2 2 2 2 2 2 2 2
left_child=1 2 4 -4 5 -1 7 8 19 -3 -9 -12 13 15 16 -11 25 18 -18 -6 28 22 -22 24 -19 -15 -25 -28 29 -7
right_child=-2 9 3 -5 6 20 -8 10 -10 12 11 -13 -14 14 -16 -17 17 23 -20 -21 21 -23 -24 26 -26 -27 27 -29 -30 -31
leaf_value=-534.9337694113965 1.6042826100784944 1.0994129361233709 374.48892498793867 -55.51980760322072 -12.807863145264307 -0.50335845204011265 0.0083099150546280445 -0.05158752105953554 -627.4887930799365 0.007077030506060223 -0.050890815377103785 -42.909406472888755 -0.16381083420291159 0.092478760532188925 0.25459884409001976 -0.2723873471477975 -1.1826342075743075 0.036586299945449964 0.050643372294979061 -6.7476713026465536 -10.831091654022174 -0.050722350295856616 -4.841993941904029 -0.0072013043774938282 -0.10140853729567381 0.052297539820890096 0.051758081531169266 0.010594504578437651 -0.050715772209098488 -1.8474450858446745
leaf_weight=0.059171816543169053 13.195149100369234 24.951165407905364 0.046500174623365642 0.098063911497314526 0.050952482968630641 0.22141851112246513 85.888580322265625 1.7523108302557373 0.02964433697491109 87.537788391113281 0.068693892464580047 0.013999491512743018 70.460581075088612 190.0923938751223 87.270333441594403 57.575202710955637 9.3596176946227647 38.693553211383517 31.321264266967962 0.037331812083721161 0.013914171606302261 0.070188377983868122 0.041742514818906784 36.256927742825098 25.043147281406277 150.19028854370197 233.83413211687645 71.564245551416207 0.15305588766932487 0.027828343212604523
leaf_count=44935 1153 8593 896 1801 656 462 4131 503 9845 260 72 658 1976 27 1451 1085 346 36 8 334 125 1647 137 148 178 67 127 158 800 531
internal_value=0.0262711 0.00895867 -0.448188 82.7959 -0.584276 -54.7913 -0.221841 -10.3437 -165.405 0.0453012 -0.378529 -7.30658 0.0211538 0.0339468 0.0568277 -0.103804 0.034879 0.00446827 -0.233102 -10.2453 -0.997844 -2.83192 -6.33927 0.0283083 -0.017634 0.074744 0.036879 0.0421122 -0.424125 -0.653425
internal_weight=1215.92 1202.72 88.5734 0.144564 88.4288 0.58732 87.8415 1.95293 0.117929 1114.15 1.835 0.0826934 1089.2 1018.74 873.626 145.113 786.356 446.073 40.6809 0.0882843 0.528148 0.125845 0.0556567 405.392 63.7367 340.283 341.655 305.398 0.402303 0.249247
internal_count=83146 81993 67533 2697 64836 48637 16199 12068 10835 14460 1233 730 5867 3891 2546 1345 1095 1001 354 990 3702 1909 262 647 214 94 433 285 1793 993
is_linear=0
shrinkage=0.05


Tree=172
num_leaves=26
num_cat=2
split_feature=0 3 2 2 2 2 2 2 2 2 0 0 3 5 0 2 2 2 0 0 2 5 2 4 2
split_gain=59875.4 14767.6 4.39148e+06 210191 2815.73 15222.9 8666.45 1485.99 3421.38 663.986 422.122 1528.56 399.542 386.139 300.387 102.294 57.3314 50.2011 27.3746 23.7612 22.9526 4.83267 4.38282 0.416682 2.19226
threshold=12.596050000000002 0 7.8450000000000006 7.8150000000000004 5.9050000000000011 9.9750000000000032 4.4650000000000007 0.60500000000000009 1.2150000000000001 3.1350000000000002 0.25075000000000008 5.2618000000000009 1 1.0000000180025095e-35 11.219900000000001 3.2850000000000006 10.615 3.2450000000000006 11.397250000000001 12.248250000000002 7.8350000000000009 1.0000000180025095e-35 7.8250000000000011 1.0000000180025095e-35 10.135000000000003
decision_type=2 9 2 2 2 2 2 2 2 2 2 2 9 2 2 2 2 2 2 2 2 2 2 2 2
left_child=1 2 3 -1 6 -6 7 -3 -9 -10 12 -12 21 16 -13 17 -14 -11 -16 -17 22 -7 -5 24 -23
right_child=-2 4 -4 20 5 10 -8 8 9 15 11 14 13 -15 18 19 -18 -19 -20 -21 -22 23 -24 -25 -26
leaf_value=-42.757583382409514 7.2941104568693804 -0.13310596922683779 -2281.2646060852617 -0.4950519367552777 -0.67150663456223603 0.029306907557714007 0.76946578919032493 0.41920133652633162 -0.10442288813142636 0.037904885856594496 0.26928115209340187 -0.11159767254773592 0.048511895377898295 -0.20496833362254585 0.062941059543716427 0.0061240345659209373 -0.051624868057386621 0.11872962747122916 0.023254062188671851 0.055133747143571887 -0.86284405712668644 0.054553300562548993 -0.31349866966453521 0.050329676837477716 0.03338838051860276
leaf_weight=0.35474476442457836 2.8275830763495824 87.608706427272466 0.0021260603862173202 0.78840855432278523 83.282522026008792 37.399412111915467 46.4224236583417 66.785713195800781 76.417329079138739 24.726030349731445 85.762802187120968 36.282797677302369 30.064840316772575 37.797377852435389 103.2090911866047 49.192436218745314 27.248486246189529 86.143035888671875 75.042300352334735 49.734874725341797 0.36938241124153126 27.105392456054631 0.57475258150861919 142.26159299942083 22.301137054659534
leaf_count=45912 1153 1539 10811 872 5891 2221 1925 887 2940 308 673 2280 99 474 69 1606 462 171 477 23 551 30 475 298 999
internal_value=0.026796 0.0096272 -1.72939 -7.69287 0.0269175 -0.0365302 0.119673 0.051211 0.0969555 0.021762 0.0481528 0.0908646 0.00858745 -0.0732129 0.0195403 0.0677242 0.000903854 0.100704 0.0462332 0.0307633 -0.513238 0.0438342 -0.418503 0.0489558 0.0449999
internal_weight=1199.71 1196.88 2.08941 2.08729 1194.79 707.758 487.031 440.608 352.999 286.214 624.475 300.297 324.178 95.1107 214.534 209.796 57.3133 110.869 178.251 98.9273 1.73254 229.068 1.36316 191.668 49.4065
internal_count=83146 81993 58621 47810 23372 13973 9399 7474 5935 5048 8082 3499 4583 1035 2826 2108 561 479 546 1629 1898 3548 1347 1327 1029
cat_boundaries=0 1 2
cat_threshold=1024 12
is_linear=0
shrinkage=0.05


Tree=173
num_leaves=31
num_cat=5
split_feature=0 3 1 1 1 3 1 1 1 1 1 4 1 1 1 3 3 3 1 11 4 1 0 1 1 0 1 1 1 1
split_gain=4400.87 13292.1 339650 288366 9460.22 3747.47 7633.91 3541.5 10570.1 2572.89 2393.06 419.033 323.065 357.08 261.066 1544.87 160.064 137.491 134.153 83.4636 82.2621 70.4972 45.0481 43.412 23.4192 21.0282 5.39069 16.6839 4.71067 13.8203
threshold=4.9593500000000006 0 6.5530500000000016 6.1757500000000016 12.057050000000002 1 15.620850000000003 7.3479500000000009 10.361100000000002 16.151200000000003 15.620850000000003 1.0000000180025095e-35 15.317600000000001 12.822250000000002 13.262450000000001 2 3 4 6.3065000000000007 1.0000000180025095e-35 1.0000000180025095e-35 6.4108500000000008 6.2167500000000002 13.175050000000001 6.5125500000000009 7.7317000000000009 6.2647000000000004 6.2545500000000009 6.2321500000000007 6.2166500000000005
decision_type=2 9 2 2 2 9 2 2 2 2 2 2 2 2 2 9 9 9 2 2 2 2 2 2 2 2 2 2 2 2
left_child=1 2 3 -1 -2 9 14 -3 -9 -6 11 12 13 -10 22 20 19 23 26 -13 -16 -20 -7 -18 -23 -24 27 28 29 -5
right_child=4 7 -4 18 5 6 -8 8 10 -11 -12 16 -14 -15 15 -17 17 -19 21 -21 -22 24 25 -25 -26 -27 -28 -29 -30 -31
leaf_value=-63.548217001666004 0.86847204110613951 -0.34467610467391491 -214.04987165600451 -0.050457906405789482 -0.44335620212635418 0.11035288073275536 0.60126570444895311 1.7325045239659129 -0.036438480391037871 0.019608264969047277 -0.45893538179605242 0.038235478097226709 0.011453775384773044 -0.30033296421519118 0.11006183725680088 -0.27348259489244836 0.047763415870020955 -0.068493844325819717 -4.4722058339392712 0.10566295059059393 0.028320761492239412 -1.7984940044642581 0.074004063084106966 -0.020192178352524761 -0.050632589141007094 0.020514258763017601 -0.050476366697665233 -1.2860628663045084 -0.050489419259188165 -1.1345803739361775
leaf_weight=0.2323022110862849 39.690489511506257 80.344879150876579 0.021729042443905056 0.081065675709407259 53.065078782034334 87.554298400878992 74.354653941429319 8.7830769196344232 25.895305633544872 69.073248758912086 28.899472043970832 95.958076824882539 50.098730718974764 25.384729716766962 86.012161254882812 30.764338315154674 85.383845122192724 43.812133811017517 0.022614611312747002 87.968238830566406 47.931553363971489 0.085813590325415134 79.018836975097656 32.427271356374845 0.024675171822309494 23.940572738647461 0.33313840022310615 0.040468203835189342 0.19014107948169112 0.046121856663376093
leaf_count=46213 5572 12336 9094 255 1817 28 552 1082 147 115 435 87 85 492 69 1188 117 524 151 28 165 165 39 186 78 241 1061 91 652 81
internal_value=0.0275132 -0.0721447 -1.78777 -14.3457 0.122896 0.0692587 0.137367 -0.0365789 0.0137465 -0.167796 -0.0179792 0.0105341 -0.0788492 -0.167072 0.0441315 -0.00196847 0.0367578 -0.00152866 -0.475222 0.0668501 0.0751969 -1.92874 0.0839872 0.0267852 -1.40815 0.0615664 -0.195213 -0.329975 -0.208048 -0.443592
internal_weight=1157.44 566.034 1.07807 1.05634 591.405 551.715 429.576 564.956 484.611 122.138 475.828 446.928 101.379 51.28 355.222 164.708 345.55 161.623 0.824039 183.926 133.944 0.133103 190.514 117.811 0.110489 102.959 0.690935 0.357797 0.317329 0.127188
internal_count=83146 73360 57841 48747 9786 4214 2282 15519 3183 1932 2101 1666 724 639 1730 1422 942 827 2534 115 234 394 308 303 243 280 2140 1079 988 336
cat_boundaries=0 1 2 3 4 5
cat_threshold=1024 264 18 24 4
is_linear=0
shrinkage=0.05


Tree=174
num_leaves=31
num_cat=1
split_feature=2 1 2 1 2 1 1 1 2 2 1 1 3 1 1 1 2 2 1 1 2 1 2 1 1 1 1 1 1 1
split_gain=7651.63 31131.2 25795.8 1.0493e+07 440092 1.12488e+07 2349.3 1860.56 2258.6 1634.07 463.962 1532.09 710.058 1264.65 52.8222 52.1637 46.9044 35.1276 368.704 684.41 27.4408 16.2243 10.3775 8.9598 7.40976 77.6664 7.18555 55.6741 7.04401 3.18497
threshold=5.9050000000000011 12.057050000000002 9.9750000000000032 6.1757500000000016 7.3750000000000009 6.5125500000000009 6.3065000000000007 15.546550000000002 2.8950000000000005 7.8250000000000011 15.817350000000001 16.214600000000004 0 15.581400000000002 6.4591000000000003 14.994250000000003 3.5250000000000004 10.565000000000003 11.813500000000003 10.361100000000002 3.2450000000000006 15.477100000000002 10.655000000000003 12.694800000000003 6.2647000000000004 6.2545500000000009 6.2321500000000007 6.2166500000000005 14.839450000000001 12.822250000000002
decision_type=2 2 2 2 2 2 2 2 2 2 2 2 9 2 2 2 2 2 2 2 2 2 2 2 2 2 2 2 2 2
left_child=1 -1 3 -2 -5 6 24 8 -3 14 12 -12 15 -14 -8 17 20 23 19 -19 -10 -18 -15 -4 25 26 27 -6 29 -20
right_child=2 7 10 4 5 -7 9 -9 16 -11 11 -13 13 22 -16 -17 21 18 28 -21 -22 -23 -24 -25 -26 -27 -28 -29 -30 -31
leaf_value=1.3962876435615827 -522.24122246656191 -0.22096857202638415 0.087592839488442487 -0.010411254112001488 -0.050435409773788478 -1115.6149321180367 -42.307874711609536 0.28487011367328291 0.06738598439633528 -5.9997336831310095 0.28338810061257064 -0.072174761267830928 -0.2968348951931381 0.056574241180083897 -31.74342581635911 -0.022993357331362971 0.012378423943336792 -0.44373493503716865 0.047710744182087955 -4.8238776340031393 0.1055813193028993 0.058283408120187896 0.017113127589590018 0.054471559351856914 -0.050452940973861972 -4.4539761719238573 -0.050465343340760339 -3.3767662656450059 0.058593741227269319 0.027981480083810802
leaf_weight=47.437248230325281 0.096401079293186309 87.389102576299308 86.803947448730497 88.498749305667488 0.077145584393291666 0.023485871031880379 0.0047328545479103932 68.218068076441 100.55136108398438 0.0084038626519031823 68.190522703787337 54.518692016601562 46.337113047381848 41.303897857666016 0.0015776181826367974 21.586532599402005 32.590450632918866 1.6195545383883718 54.124993430699746 0.094379596413515787 88.333656311035156 47.015685645085291 27.924644027568803 26.698751449584961 0.31703447457402945 0.011353750713169575 0.18095190124586225 0.015030330629087985 131.46988296508789 32.884705837977478
leaf_count=10373 47126 1396 579 763 261 10508 196 787 98 57 153 212 2405 11 65 80 735 4795 73 53 163 20 106 20 1063 91 657 81 10 209
internal_value=0.0266385 0.181545 -0.0803397 -0.872958 -0.309111 -41.6314 -0.699541 0.0456706 -0.000181117 -20.4384 0.0388217 0.125414 0.0162545 -0.0871246 -39.6668 0.050901 0.0716813 0.0572066 0.0455594 -0.684932 0.0852484 0.0394901 0.0406569 0.0798019 -0.216688 -0.401945 -0.233505 -0.592831 0.05129 0.0402542
internal_weight=1154.33 471.536 682.792 89.2349 89.1385 0.639716 0.61623 424.098 355.88 0.0147143 593.558 122.709 470.848 115.566 0.00631047 355.283 268.491 333.696 220.194 1.71393 188.885 79.6061 69.2285 113.503 0.601516 0.284482 0.273128 0.0921759 218.48 87.0097
internal_count=83146 13572 69574 60868 13742 12979 2471 3199 2412 318 8706 365 8341 2522 261 5819 1016 5739 5140 4848 261 755 117 599 2153 1090 999 342 292 282
cat_boundaries=0 1
cat_threshold=12
is_linear=0
shrinkage=0.05


Tree=175
num_leaves=31
num_cat=1
split_feature=0 1 0 1 1 1 1 3 2 0 1 1 1 1 0 1 2 1 0 1 1 1 0 1 2 1 1 1 2 1
split_gain=26027 6454.61 968281 4.96858e+07 4576.97 104908 3930.21 3531.95 6611.55 16562.7 876705 1.78025e+06 2.57302e+07 1.94841e+06 56458.9 4057.66 2011.49 484.077 318.091 222.646 328.117 301.624 54.3202 43.7547 111.242 37.7253 13.9243 13.7693 23.0604 74.7486
threshold=12.248250000000002 7.3479500000000009 0.25075000000000008 6.2003500000000011 12.057050000000002 10.361100000000002 6.2848500000000014 0 10.565000000000003 11.762650000000002 14.367050000000003 15.817350000000001 14.994250000000003 14.959550000000002 9.7256000000000018 15.817350000000001 7.8250000000000011 15.070250000000003 9.6184500000000011 15.028300000000002 13.262450000000001 14.959550000000002 1.0000000180025095e-35 14.994250000000003 10.615 13.079150000000002 14.320600000000001 6.2321500000000007 7.8250000000000011 6.2016500000000017
decision_type=2 2 2 2 2 2 2 9 2 2 2 2 2 2 2 2 2 2 2 2 2 2 2 2 2 2 2 2 2 2
left_child=1 2 3 -1 5 -3 27 15 9 10 -9 12 13 -12 -13 17 -8 19 -7 20 25 26 23 -10 -25 -6 -22 28 29 -5
right_child=-2 4 -4 6 7 18 16 8 22 -11 11 14 -14 -15 -16 -17 -18 -19 -20 -21 21 -23 -24 24 -26 -27 -28 -29 -30 -31
leaf_value=-3517.9758127753503 1.2327433647906032 10.456103059950326 0.018604604090713781 -0.050432117673526566 0.043202129095036179 -0.30725270703500729 -41.252953354521253 -0.25526738603367821 0.052078253081717568 0.039688803276066616 -727.93498182326664 -42.527183350111365 -3801.3420979405828 -11.72480393674739 -6.6847634397878046 0.50377161318083874 -8.984531564520891 -0.16967141129683594 0.0016316167665657395 0.1147795624563802 -0.19421199194339128 0.045610060765261896 -0.017749922216109149 0.057356589413015774 -0.07274243234992811 0.084920805774817656 -0.12779744640513541 -0.050431531419360798 -0.050441691445273676 -5.7258713363163096
leaf_weight=0.010233303531986038 45.330926193222695 2.5113505330639674 85.573327758396843 0.016989853233102092 80.98702490771575 15.155871332167484 0.0084946257993578911 32.166397094726726 145.13128320880293 57.969766178537114 0.010508457122339526 0.1702234148979187 0.0048536131173416422 0.098555341362953186 0.30987975001335144 56.967807769775391 0.011193243185118718 22.180122419142833 18.519655227661133 172.62098698129569 17.815199978009446 36.441768646240234 58.653876073991682 39.616989135742188 28.07456530339158 163.76700026541948 14.168653984982088 0.45437104965458275 0.037897036207141355 0.0088098671549232677
leaf_count=49506 1397 8591 13197 93 286 300 2007 731 167 115 457 222 728 37 101 331 753 302 55 21 683 29 639 2 175 81 246 1730 66 98
internal_value=0.0597332 0.0090658 -0.405655 -66.6576 0.0461412 0.597799 -0.980225 0.02461 -0.0959922 -0.468159 -1.3668 -61.5565 -239.255 -80.7327 -19.3929 0.101829 -22.9072 0.0587572 -0.137384 0.0691865 0.0440562 -0.0527366 0.0248536 0.0365951 0.00339899 0.0711165 -0.164791 -0.146945 -0.835405 -1.98843
internal_weight=1094.79 1049.46 86.1213 0.547989 963.342 36.1869 0.537756 927.155 362.207 90.7302 32.7604 0.594021 0.113917 0.109064 0.480103 564.949 0.0196879 507.981 33.6755 485.801 313.18 68.4256 271.477 212.823 67.6916 244.754 31.9839 0.518068 0.0636968 0.0257997
internal_count=83146 81749 67450 54253 14299 8946 4747 5353 3374 2391 2276 1545 1222 494 323 1979 2760 1648 355 1346 1325 958 983 344 177 367 929 1987 257 191
cat_boundaries=0 1
cat_threshold=22
is_linear=0
shrinkage=0.05


Tree=176
num_leaves=25
num_cat=2
split_feature=0 2 2 2 11 11 2 2 4 2 2 0 0 3 2 2 3 0 0 2 2 4 6 4
split_gain=65829.4 13406 17487.5 4.72478e+06 1.58279e+07 1.29811e+06 901773 9194.9 7462.53 3753.45 8929.55 350.81 3822.66 244.441 136.25 72.7052 42.4924 39.3709 34.1502 13.6077 1.1697 2.29502 0.73168 0.0224849
threshold=12.248250000000002 5.9650000000000007 9.9750000000000032 7.8450000000000006 1.0000000180025095e-35 1.0000000180025095e-35 7.8250000000000011 3.7450000000000006 1.0000000180025095e-35 2.6050000000000004 0.60500000000000009 4.9593500000000006 9.6712000000000007 0 10.615 7.8350000000000009 1 7.5164500000000016 0.25075000000000008 3.2450000000000006 10.135000000000003 1.0000000180025095e-35 1.0000000180025095e-35 1.0000000180025095e-35
decision_type=2 2 2 2 2 2 2 2 2 2 2 2 2 9 2 2 9 2 2 2 2 2 2 2
left_child=1 7 3 5 -5 6 -3 9 -9 10 -1 13 -13 18 -15 -8 22 19 20 -11 -4 -22 -14 -16
right_child=-2 2 11 4 -6 -7 15 8 -10 17 -12 12 16 14 23 -17 -18 -19 -20 -21 21 -23 -24 -25
leaf_value=0.089652157934138971 3.2654923818577566 -141.52577159949999 0.054055458712835042 -1707.9664570355126 -6.5141732386049132 0.088282166085886529 -3.0380868800129259 0.49532644950735288 1.6831007778319265 0.060502550692389849 0.89814124381421134 0.7919111166209587 0.047765534223760481 0.04640614523848037 -0.066699445586261036 -4.913105441178705 -0.0085009157831453623 0.0043363981262426569 0.081459851245328244 0.08972026692259448 0.028467165834518915 0.044702967883730411 0.057614575224693702 -0.06841514146281602
leaf_weight=86.068595886235698 16.562267159091562 0.27495953887037328 24.588516235351591 0.017623822180779736 0.060904514044523239 88.53973388671875 0.11715307380168677 39.185421010012263 19.959598292325879 72.544967385059863 56.619134686326561 18.493152597975296 35.181198120117188 37.949333190918196 29.479302455587415 0.092538139153650223 59.258675988087447 21.380136489868164 85.273333094814404 88.422599792480469 25.304097875050758 155.66810936285867 40.639888763427734 54.218062146780241
leaf_count=1523 1397 45989 141 13050 157 296 489 4895 1008 1282 2645 1628 455 175 430 567 636 413 455 1463 1558 1849 65 580
internal_value=0.138066 0.0882289 -0.0492819 -0.700377 -388.365 -0.358418 -81.9651 0.322731 0.896163 0.218387 0.410464 0.0532074 0.117717 0.0291896 -0.0297349 -3.86555 0.0254156 0.0680851 0.0530348 0.0765524 0.0438231 0.0424328 0.0468638 -0.0678109
internal_weight=1055.9 1039.34 655.157 89.1029 0.0785283 89.0244 0.484651 384.18 59.145 325.035 142.688 566.054 153.573 412.481 121.647 0.209691 135.08 182.348 290.834 160.968 205.561 180.972 75.8211 83.6974
internal_count=83146 81749 68520 60548 13207 47341 47045 13229 5903 7326 4168 7972 2784 5188 1185 1056 1156 3158 4003 2745 3548 3407 520 1010
cat_boundaries=0 1 2
cat_threshold=12 6
is_linear=0
shrinkage=0.05


Tree=177
num_leaves=24
num_cat=1
split_feature=0 0 2 2 1 1 2 0 0 1 1 0 1 3 0 0 1 1 1 1 1 1 1
split_gain=1.11236e+06 7.4782e+06 1.13855e+07 14053.6 202465 65534.1 13075.6 9011.87 3018.41 494.578 1707.48 347.088 956.449 217.083 1794.99 52.6049 325.774 8.77439 14.5342 8.92668 14.7301 1.50832 1.32456
threshold=12.248250000000002 12.596050000000002 10.015000000000002 5.9650000000000007 12.057050000000002 15.447300000000002 9.9750000000000032 12.323050000000002 6.0091500000000009 15.817350000000001 16.214600000000004 0.39540000000000003 14.959550000000002 0 6.0706500000000014 0.25075000000000008 12.694800000000003 14.839450000000001 12.822250000000002 14.994250000000003 15.581400000000002 14.320600000000001 12.576950000000002
decision_type=2 2 2 2 2 2 2 2 2 2 2 2 2 9 2 2 2 2 2 2 2 2 2
left_child=3 7 -3 4 -1 8 -5 -2 -6 11 -11 15 -13 -10 -15 16 22 18 -18 -19 -21 -20 -8
right_child=1 2 -4 6 5 -7 9 -9 13 10 -12 12 -14 14 -16 -17 17 19 21 20 -22 -23 -24
leaf_value=11.408136490619972 -0.81611888796387422 816.36713943127722 -64.344685664086086 -0.60320145567778649 -0.51126335486337116 2.4642308376687514 -0.21297839099855775 -13.528601195618913 0.083607966942021605 0.32248999490218322 -0.1033203305434711 -0.56599726853928733 0.016166432673769507 0.090860604701494291 -0.42070700715468379 0.079967459031570737 0.051346899393350513 0.058589236170116257 -0.0011101788325990213 0.0063062690861630981 0.050850793992202242 0.019655345807658337 -0.096690215644200911
leaf_weight=4.0984845237732079 0.69266706705090497 0.074490109182561798 0.072328031063079862 88.236747689196704 26.428330228651362 29.670579721360866 12.64614151782234 0.17453873157501221 157.85555502654415 59.545610413206077 38.938724517822266 8.9099160315568096 33.893463519664856 87.91104888916017 21.302373216791736 83.808303833007812 41.230715882794811 139.69391250610352 20.435972895926216 25.597878962462858 67.493980551924693 15.285555846201911 0.24970705807209093
leaf_count=10393 61 530 623 60548 846 717 4024 183 86 116 160 2930 295 6 1181 17 15 24 134 116 42 91 8
internal_value=0.153765 52.4946 382.496 0.0986641 0.364899 0.224846 -0.0383393 -3.3747 -0.00154067 0.0526574 0.154133 0.0304117 -0.105016 0.0488999 -0.00817363 0.0446739 0.035506 0.0457578 0.0311209 0.0505963 0.0386022 0.00777557 -0.210727
internal_weight=964.247 1.01402 0.146818 963.233 327.266 323.168 635.967 0.867206 293.497 547.73 98.4843 449.246 42.8034 267.069 109.213 406.442 322.634 309.738 76.9522 232.786 93.0919 35.7215 12.8958
internal_count=83146 1397 1153 81749 13229 2836 68520 244 2119 7972 276 7696 3225 1273 1187 4471 4454 422 240 182 158 225 4032
cat_boundaries=0 1
cat_threshold=18
is_linear=0
shrinkage=0.05


Tree=178
num_leaves=20
num_cat=0
split_feature=8 2 1 1 2 2 1 1 2 1 1 1 1 1 1 1 1 1 1
split_gain=27314.9 17866.8 1.09217e+06 48835.1 14360.1 1354.49 443.118 2042.75 151.447 1281.59 59.144 93.1785 93.6472 41.2239 20.3429 16.6168 14.4766 4.73007 0.192733
threshold=1.0000000180025095e-35 5.9050000000000011 15.447300000000002 13.079150000000002 9.9750000000000032 2.8950000000000005 16.214600000000004 15.817350000000001 10.615 12.415550000000001 14.994250000000003 14.839450000000001 12.822250000000002 13.356150000000001 15.581400000000002 14.200250000000002 10.781950000000002 15.658300000000002 14.919850000000002
decision_type=2 2 2 2 2 2 2 2 2 2 2 2 2 2 2 2 2 2 2
left_child=1 2 3 -1 -3 -5 7 8 16 -10 11 12 -11 -7 -12 -14 -6 -18 -13
right_child=-2 4 -4 5 6 13 -8 -9 9 10 14 18 15 -15 -16 -17 17 -19 -20
leaf_value=2.104067410530619 4.8720611544627364 -0.66224976245309497 41.721529673696438 -0.16886571710095119 0.077548465858118365 0.079186403306471531 -0.11456853665617749 0.36201953922502311 -0.44804354553512388 0.047389312107845645 -0.054846680787501073 0.053722789949771144 -0.040606905836653669 0.022056364471700566 0.0061001999433801593 -0.10981491399746701 0.026941165792618706 0.056302728730412491 0.057116617663351188
leaf_weight=30.365914029031728 3.0106505720731311 83.866515682912905 1.5916912332380651 87.96778106689456 82.143424987792997 154.98799133300781 42.019432067871094 48.701166858587158 15.088653364888499 32.515553760389544 25.4641327269253 80.13045100381089 20.361486507862459 39.655313076638635 29.614347380193834 15.10883367024921 22.464677810669144 35.224220275878906 87.527107238769531
leaf_count=10659 163 60851 852 1096 765 54 209 152 6056 61 360 42 389 787 122 327 149 6 46
internal_value=0.117164 0.101851 0.40879 0.198688 -0.0538231 -0.00604063 0.0413113 0.0545611 0.0209611 0.00125122 0.0245699 0.035473 -0.0139015 0.0675471 -0.022077 -0.0700865 0.0640663 0.044869 0.0554946
internal_weight=937.809 934.799 314.569 312.977 620.23 282.611 536.363 494.344 445.643 305.811 290.722 235.643 67.9859 194.643 55.0785 35.4703 139.832 57.6889 167.658
internal_count=83146 82983 13448 12596 69535 1937 8684 8475 8323 7403 1347 865 777 841 482 716 920 155 88
is_linear=0
shrinkage=0.05


Tree=179
num_leaves=19
num_cat=1
split_feature=2 1 2 1 2 1 1 1 3 1 2 1 1 2 2 1 1 1
split_gain=16740.8 333713 18534.8 16294.1 5392.31 3169.94 464.859 2479.96 362.175 531.252 34.6745 21.9658 25.0928 17.799 8.40539 5.49564 1.64494 0.416157
threshold=5.9050000000000011 13.079150000000002 9.9750000000000032 15.028300000000002 10.135000000000003 13.262450000000001 15.817350000000001 16.214600000000004 0 15.581400000000002 10.655000000000003 14.994250000000003 12.415550000000001 3.2450000000000006 10.655000000000003 14.839450000000001 12.822250000000002 14.320600000000001
decision_type=2 2 2 2 2 2 2 2 9 2 2 2 2 2 2 2 2 2
left_child=1 -1 -2 5 -4 13 8 -8 10 -10 -6 12 -12 -3 -11 16 -14 -18
right_child=2 3 4 -5 6 -7 7 -9 9 14 11 -13 15 -15 -16 -17 17 -19
leaf_value=14.087879510425052 -0.81994397744440062 0.050810020816842973 0.84028077296668169 0.79378843658645604 0.0759969901324552 -0.43501927399546292 0.44855850209854692 -0.10010266080436765 -0.17587026789590496 0.055957672859438749 -0.0064266183034168535 -0.0055824326460064237 0.047109415490065823 0.085430667136468588 0.019399283144171022 0.056637093443747621 0.02694218246434707 0.037516256312060479
leaf_weight=4.4107238489896181 65.303427590481647 65.321479797363281 21.946890554623678 86.718601679224975 80.332695007324276 39.006609896126776 37.569839415668184 45.585758209228516 52.901930794624136 33.707691192626953 22.470976597224507 25.890166113725684 31.108925241976991 86.004913330078125 29.467237200406558 108.96092224121094 21.196163448258986 16.586023330688477
leaf_count=10680 60868 65 299 1274 470 1516 151 210 2297 7 4833 77 40 37 106 10 158 48
internal_value=0.125396 0.442943 -0.0253182 0.225713 0.0730128 -0.0331114 0.0397193 0.147783 0.0184565 -0.0543004 0.0462687 0.037757 0.0433583 0.0704863 0.0389054 0.0496484 0.0385948 0.0315841
internal_weight=874.491 281.462 593.029 277.052 527.725 190.333 505.778 83.1556 422.623 116.077 306.546 226.213 200.323 151.326 63.1749 177.852 68.8911 37.7822
internal_count=83146 13572 69574 2892 8706 1618 8407 361 8046 2410 5636 5166 5089 102 113 256 246 206
cat_boundaries=0 1
cat_threshold=12
is_linear=0
shrinkage=0.05


Tree=180
num_leaves=18
num_cat=3
split_feature=2 6 3 2 11 2 2 2 2 3 5 4 3 5 2 6 2
split_gain=15177.5 81747.5 29940 28345.3 2.21929e+07 3.91217e+08 11590 1749.59 471.643 250.685 405.073 193.722 291.329 125.084 76.4572 15.6915 48.7925
threshold=5.9050000000000011 1.0000000180025095e-35 0 9.9750000000000032 1.0000000180025095e-35 6.1150000000000011 10.135000000000003 3.2450000000000006 1.0000000180025095e-35 1 1.0000000180025095e-35 1.0000000180025095e-35 2 1.0000000180025095e-35 10.615 1.0000000180025095e-35 10.615
decision_type=2 2 9 2 2 2 2 2 2 9 2 2 9 2 2 2 2
left_child=1 2 7 4 5 -2 -5 8 -1 13 -11 14 -13 15 -12 16 -8
right_child=3 -3 -4 6 -6 -7 9 -9 -10 10 11 12 -14 -15 -16 -17 -18
leaf_value=0.064975560825392117 -6.1175688319278025 13.339679177172471 1.3312928583863695 1.7394942812730265 0.36252304115959644 -15913.581362712326 0.054082869132762425 0.27241111981918309 -0.11546120761938668 -0.10602677728571711 0.074033525466641714 0.036187230138734712 0.19512579301463662 -0.052340145557449404 -0.0058620007144966017 0.049636324278365063 -0.035103374174641599
leaf_weight=84.091629028320312 0.072911471128375718 1.219798901778687 53.014950460634651 10.229043386920294 38.526909590931609 0.004081411613158877 32.245876312256073 84.611846581671585 63.612674343790786 29.767601145485571 78.389259338378906 73.745613098144531 67.702236902378701 84.622450442037646 48.4529997825978 48.813972473144531 29.242759998529266
leaf_count=60 448 877 8583 299 487 59933 14 1602 2450 3657 169 44 1245 1013 1946 95 224
internal_value=0.129125 0.42342 0.368203 -0.02652 -1.33222 -849.376 0.073647 0.0873582 -0.0127342 0.0390819 0.066726 0.0883806 0.128614 -0.00628901 0.0435139 0.0284706 0.0116677
internal_weight=828.367 286.551 285.331 541.816 38.6039 0.0769929 503.212 232.316 147.704 492.983 298.058 268.29 141.448 194.925 126.842 110.303 61.4886
internal_count=83146 13572 12695 69574 60868 60381 8706 4112 2510 8407 7061 3404 1289 1346 2115 333 238
cat_boundaries=0 1 2 3
cat_threshold=22 258 8
is_linear=0
shrinkage=0.05


Tree=181
num_leaves=17
num_cat=2
split_feature=3 2 2 6 2 2 2 2 3 4 5 5 2 4 2 2
split_gain=41419 5850.5 51260.4 482627 3.51267e+06 181816 35466.6 1652.16 402.147 323.514 657.855 110.71 60.3995 15.8139 5.63834 2.93798
threshold=0 3.7450000000000006 10.135000000000003 1.0000000180025095e-35 7.7950000000000008 7.7550000000000008 5.9050000000000011 2.8950000000000005 1 1.0000000180025095e-35 1.0000000180025095e-35 1.0000000180025095e-35 10.615 1.0000000180025095e-35 2.9550000000000005 10.655000000000003
decision_type=9 2 2 2 2 2 2 2 9 2 2 2 2 2 2 2
left_child=-1 7 3 5 -5 6 -3 -2 11 12 -11 13 -10 15 -9 -4
right_child=1 2 8 4 -6 -7 -8 14 9 10 -12 -13 -14 -15 -16 -17
leaf_value=1.3567774264268522 -0.22356986318555744 2.7595099243338463 0.055336869073544639 -24.945947436229844 606.19172570085948 16.60778006233511 0.20102358504857654 0.066454368947408915 0.072910835168320406 -0.0088316753095702329 0.27185660100035119 -0.048000708031914474 0.0016470938113007712 0.005995993820164758 0.046744247374467078 0.033336891432015708
leaf_weight=71.837489347904921 82.97084021099198 18.601810477654666 30.876575469970721 0.11853110357561533 0.02708323489520495 1.8923151606868476 49.832063292546081 67.469177246093736 76.353385925292955 32.866673755564065 57.212385969995196 87.578595379731922 48.695270545653401 47.443136001838774 78.499532039485317 29.843172974983407
leaf_count=3163 3478 5541 6 443 218 17993 41925 170 324 2230 1183 1013 2602 237 2530 90
internal_value=0.289688 0.160403 0.261627 1.50751 92.4412 1.31923 0.896476 -0.0454127 0.047934 0.0928828 0.169443 -0.00590972 0.04516 0.0276246 0.0558546 0.0445241
internal_weight=782.118 710.281 481.341 70.4718 0.145614 70.3262 68.4339 228.94 410.869 215.128 90.0791 195.741 125.049 108.163 145.969 60.7197
internal_count=83146 79983 73805 66120 661 65459 47466 6178 7685 6339 3413 1346 2926 333 2700 96
cat_boundaries=0 1 2
cat_threshold=136 258
is_linear=0
shrinkage=0.05


Tree=182
num_leaves=20
num_cat=3
split_feature=3 0 1 1 1 1 0 3 3 1 11 1 0 1 0 1 1 1 1
split_gain=56352.9 18798.7 13638.5 41282.4 28848.5 11682.8 1347.9 1296.55 1259.91 76960.1 517.732 172.885 388.585 125.024 35.0788 15.2841 10.5202 1.02199 0.824917
threshold=0 11.762650000000002 15.447300000000002 16.151200000000003 15.620850000000003 10.004750000000001 11.681300000000002 1 2 14.919850000000002 1.0000000180025095e-35 13.175050000000001 0.21105000000000004 12.415550000000001 10.969800000000001 15.317600000000001 13.079150000000002 12.576950000000002 14.200250000000002
decision_type=9 2 2 2 2 2 2 9 9 2 2 2 2 2 2 2 2 2 2
left_child=-1 2 5 4 -4 -2 -5 10 11 -10 14 13 15 -9 -7 18 17 -15 -13
right_child=1 -3 3 6 -6 7 -8 8 9 -11 -12 12 -14 16 -16 -17 -18 -19 -20
leaf_value=2.3389931793015473 0.6906947879009423 -1.9323720837599261 0.5468929747133604 -0.37628546063162549 2.7567867787858877 0.036243264136459084 0.059312705642069835 -0.065366710383074761 -12.252058303838876 -0.01794174439523135 0.2410760194978655 -0.00051531948771901066 -0.2380431802828924 0.049238092663431619 0.084750220495484668 0.046576407970105871 0.073641215951432595 0.031650311050029599 -0.019123575933052684
leaf_weight=22.052444709581337 74.262876019331088 10.317339789820037 29.341869943084017 28.537300931289792 29.732643239113489 65.419333274717303 47.021789627149701 22.678279288724525 1.3127942961189081 61.751301929820329 56.556045532226562 13.596065968012628 20.594079165921173 15.662939071655268 86.623947143554688 25.948937765481656 77.232383728027344 17.475118889530084 10.59846930205822
leaf_count=760 75425 1723 283 347 587 109 10 365 1650 614 84 115 740 41 17 12 39 151 74
internal_value=0.28487 0.183351 0.217927 0.668958 1.65915 0.107462 -0.105205 0.0163643 -0.0562265 -0.235305 0.106801 0.00760587 -0.0551809 0.0415591 0.0638792 0.0199213 0.0635296 0.0399633 -0.00866671
internal_weight=716.716 694.664 684.346 134.634 59.0745 549.713 75.5591 475.45 266.85 63.0641 208.599 203.786 70.7376 133.049 152.043 50.1435 110.37 33.1381 24.1945
internal_count=83146 82386 80663 1227 870 79436 357 4011 3801 2264 210 1537 941 596 126 201 231 192 189
cat_boundaries=0 1 2 3
cat_threshold=8 18 4
is_linear=0
shrinkage=0.05


Tree=183
num_leaves=17
num_cat=1
split_feature=3 1 1 1 1 2 2 0 1 1 0 0 0 1 1 1
split_gain=162820 14478.8 135401 861367 15036.7 1944.62 1517.27 3274.31 615.559 366.351 115.51 451.506 49.3164 14.9524 25.6267 1.89246
threshold=0 15.447300000000002 16.151200000000003 15.620850000000003 10.004750000000001 2.8950000000000005 7.3750000000000009 1.0000000180025095e-35 16.214600000000004 12.415550000000001 1.0000000180025095e-35 14.000600000000002 6.3983500000000015 14.919850000000002 12.822250000000002 14.320600000000001
decision_type=9 2 2 2 2 2 2 2 2 2 2 2 2 2 2 2
left_child=-1 4 3 -3 -2 -6 7 -7 -4 -8 13 -12 -9 14 -11 -16
right_child=1 2 8 -5 5 6 9 12 -10 10 11 -13 -14 -15 15 -17
leaf_value=6.0335409022426294 0.9294533075634055 0.75895985002561284 0.0010050988678533101 33.121360196294532 -0.18471875280885466 0.46851844479498528 -0.19411215277898669 0.066639067470385241 -0.27135601031372308 0.047275466274955651 -0.2108289713779529 0.047722801939101507 0.0069313821749383666 0.050942243340448751 -0.033123309094279643 -0.0049785956771612617
leaf_weight=2.2555460193181407 51.392397620588099 18.450131440756611 38.389890806749463 2.3139862912793623 85.390121459964519 65.198466786293835 23.986968317981479 75.135154727972932 45.136144243180752 32.044833827434715 25.281193901000279 50.843967437744141 64.077844774430744 87.575542618372765 13.672345884237814 10.605924606323399
leaf_count=760 76115 353 65 772 1239 328 389 168 453 37 1197 49 848 106 164 103
internal_value=0.315551 0.206346 0.752093 4.36548 0.112614 0.0339734 0.0756175 0.176104 -0.146175 -0.00856192 0.0116667 -0.0381423 0.0391564 0.0380167 0.0179191 -0.0208283
internal_weight=691.75 689.495 104.29 20.7641 585.205 533.812 448.422 204.411 83.526 244.011 220.024 76.1252 139.213 143.899 56.3231 24.2783
internal_count=83146 82386 1643 1125 80743 4628 3389 1344 518 2045 1656 1246 1016 410 304 267
cat_boundaries=0 1
cat_threshold=8
is_linear=0
shrinkage=0.05


Tree=184
num_leaves=17
num_cat=0
split_feature=1 0 1 1 1 1 0 5 1 1 1 8 1 1 1 0
split_gain=57699.4 702103 56953 2252.84 1312.06 1305.01 891.644 1116.25 1514.39 371.499 1307.23 3249.06 258.056 99.6387 8.49845 2.40724
threshold=15.447300000000002 10.476950000000002 10.004750000000001 16.434000000000001 12.415550000000001 15.070250000000003 1.0000000180025095e-35 1.0000000180025095e-35 12.694800000000003 15.028300000000002 13.262450000000001 1.0000000180025095e-35 15.028300000000002 14.919850000000002 14.275750000000002 6.2981000000000007
decision_type=2 2 2 2 2 2 2 2 2 2 2 2 2 2 2 2
left_child=2 -2 -1 -3 -4 6 7 8 -6 10 15 -12 13 14 -9 -8
right_child=1 3 4 -5 5 -7 9 12 -10 -11 11 -13 -14 -15 -16 -17
leaf_value=2.4376532750332025 14.537972144536958 -0.19266614209395003 -0.31532057363608401 0.30806442933683037 0.035988103238452369 -0.32231524022515345 0.063027229411878757 -0.087297784432972703 0.73235963319428565 0.085254385832398069 -0.60735244839298341 0.051898625976327051 0.14813022687783545 0.05730946746731988 -0.028129053587806166 0.049738355750783197
leaf_weight=25.410736258129873 9.2636499289815628 38.452642416979828 28.235331096790787 54.018516540527344 14.593285098671702 24.419957797772327 73.141220092773494 14.088407305872037 16.789113468703292 87.705253658798739 30.112052111972872 49.268714904785156 79.063583374023438 60.390274400946801 10.661014809739834 63.809558599929687
leaf_count=76438 1085 569 715 156 25 762 95 298 282 61 2131 24 10 27 178 290
internal_value=0.316546 1.41453 0.123183 0.0998437 0.0166925 0.0345813 0.0520253 0.135305 0.408536 -0.00154824 -0.0367398 -0.19818 0.0830852 0.0226823 -0.0618104 0.0568355
internal_weight=679.423 101.735 577.689 92.4712 552.278 524.042 499.622 195.586 31.3824 304.037 216.332 79.3808 164.203 85.1397 24.7494 136.951
internal_count=83146 1810 81336 725 4898 4183 3421 820 307 2601 2540 2155 513 503 476 385
is_linear=0
shrinkage=0.05


Tree=185
num_leaves=18
num_cat=3
split_feature=2 3 5 0 3 0 0 2 0 0 3 2 2 0 5 4 0
split_gain=29282.6 157977 3.70633e+06 6.02274e+07 48693.7 12167.3 508.902 2597.6 799.069 1774.98 357.999 302.401 293.579 20.0375 0.943791 0.950941 0.546786
threshold=8.0150000000000023 0 1.0000000180025095e-35 11.826750000000002 1 12.505550000000001 11.762650000000002 10.655000000000003 4.9593500000000006 9.6712000000000007 2 7.3650000000000011 1.0000000180025095e-35 11.326000000000002 1.0000000180025095e-35 1.0000000180025095e-35 11.681300000000002
decision_type=2 9 2 2 9 2 2 2 2 2 9 2 2 2 2 2 2
left_child=1 2 -1 -4 11 -5 7 -2 10 -10 14 12 -3 -11 -9 -16 -15
right_child=6 4 3 5 -6 -7 -8 8 9 13 -12 -13 -14 16 15 -17 -18
leaf_value=21.980069661232864 -1.5441517135488896 0.068601132407917181 3663.3966642693313 -6.2005627813436348 1.4858581485241362 -36.85668961101026 -0.13700339353388458 0.02928472780451833 0.43384232756420871 0.014261979882608793 -0.119871143461299 0.1285051262580072 -0.073766873642963207 0.050611489108507317 0.047377575078166145 0.034475327838704918 0.058489141763132316
leaf_weight=1.4971427917939191 2.5713068476189838 86.809020996093722 0.012105734825129777 0.080379873514175415 71.184502167793056 0.054186239839564054 47.579399844165891 21.923914354925863 36.354538599574596 47.529651644795507 58.923868802976841 82.585601806640625 62.12566094991422 44.14740753173848 31.221623028410455 26.320402520060242 43.962741851806641
leaf_count=306 8221 49 1090 62 64846 99 1027 2048 1482 714 1070 63 542 164 997 345 21
internal_value=0.320217 0.681369 6.42057 285.348 0.424086 -18.545 0.0153476 0.0385099 0.0516211 0.123584 -0.0378159 0.0496234 0.00921465 0.0404275 0.0338525 0.0414759 0.0545421
internal_weight=664.883 304.349 1.64381 0.146672 302.705 0.134566 360.535 312.955 310.384 171.994 138.39 231.52 148.935 135.64 79.4659 57.542 88.1101
internal_count=83146 67057 1557 1251 65500 161 16089 15062 6841 2381 4460 654 591 899 3390 1342 185
cat_boundaries=0 1 2 3
cat_threshold=256 18 4
is_linear=0
shrinkage=0.05


Tree=186
num_leaves=14
num_cat=1
split_feature=1 1 6 2 3 8 1 2 2 1 1 2 1
split_gain=118867 62383.2 64715 2098.02 911.496 1071.01 202.66 75.2796 84.9989 11.4578 27.3078 9.79422 3.70309
threshold=9.9039000000000019 15.447300000000002 1.0000000180025095e-35 2.8950000000000005 0 1.0000000180025095e-35 12.415550000000001 7.3850000000000007 7.3650000000000011 14.163950000000002 12.576950000000002 3.0750000000000006 14.994250000000003
decision_type=2 2 2 2 9 2 2 2 2 2 2 2 2
left_child=-1 3 -3 -2 6 -6 -5 8 11 10 -9 -8 -11
right_child=1 2 -4 4 5 -7 7 9 -10 12 -12 -13 -14
leaf_value=5.3197818476938776 -0.25783723752645088 2.8039170132590701 0.048182813628555976 -0.078686960315990775 -0.25138372875831638 0.055147876027361348 0.065784753770906562 0.04836625749041315 0.1248947661715139 0.051249420939234673 -0.068086718283869516 0.029527616997456204 0.030450413140154748
leaf_weight=11.420711218640006 85.872039794923126 42.621306450907582 42.596447995920244 25.576320557862743 62.9128303668017 52.089248657226562 64.618789672851548 13.509694099426257 85.061790466308594 72.237555794417858 8.0242277074421207 26.169360107968672 30.408824942929684
leaf_count=76352 1417 900 910 395 2238 15 13 15 3 101 268 447 72
internal_value=0.265762 0.171401 1.42645 -0.0317459 0.012318 -0.103539 0.0547369 0.0679351 0.0889817 0.0381314 0.00497216 0.0553338 0.0450877
internal_weight=623.119 611.698 85.2178 526.481 440.609 115.002 325.607 300.03 175.85 124.18 21.5339 90.7881 102.646
internal_count=83146 6794 1810 4984 3567 2253 1314 919 463 456 283 460 173
cat_boundaries=0 1
cat_threshold=20
is_linear=0
shrinkage=0.05


Tree=187
num_leaves=16
num_cat=1
split_feature=1 0 0 0 1 1 1 2 3 8 11 2 1 1 1
split_gain=110353 1.21394e+06 1.86122e+07 2.86603e+08 1.84599e+09 38394.2 2.41792e+07 1805.82 525.925 489.091 122.525 17.3204 19.7323 29.8793 4.75971
threshold=15.447300000000002 11.397250000000001 10.969800000000001 10.476950000000002 15.620850000000003 12.057050000000002 9.9039000000000019 2.8950000000000005 0 1.0000000180025095e-35 1.0000000180025095e-35 3.5750000000000006 14.163950000000002 12.576950000000002 14.994250000000003
decision_type=2 2 2 2 2 2 2 2 9 2 2 2 2 2 2
left_child=5 2 3 4 -2 6 -1 -7 10 -10 11 -9 13 -13 -14
right_child=1 -3 -4 -5 -6 7 -8 8 9 -11 -12 12 14 -15 -16
leaf_value=1006.2713084578395 908.8543852216477 0.20099034075260286 -0.50553395350965757 -6.6101210307366731 53440.49172569962 -0.22080741371173018 -0.2913203731094326 0.061150737350596368 -0.14639105355150736 0.057337250843221048 0.11495030212849366 0.036490087764297123 0.048545490782032907 -0.084006927371341619 0.024617856386894076
leaf_weight=0.059792969713543864 0.015146051215836089 40.902205302356776 3.4171083690450654 0.23742266657432509 0.0018799183636221432 88.379280090333623 27.318716935756086 87.923607613938415 71.192150844137359 50.255527496337891 86.87750244140625 12.92022737477371 69.432519481217241 8.5486212327551883 29.662734920677195
leaf_count=76352 236 542 102 81 849 1332 649 22 2020 11 561 28 84 206 71
internal_value=0.283335 2.67317 30.214 442.761 6709.12 0.083316 1.90695 -0.0155145 0.028015 -0.0573641 0.0629324 0.0442749 0.0319679 -0.0114903 0.0413831
internal_weight=577.144 44.5738 3.67156 0.254449 0.017026 532.571 27.3785 505.192 416.813 121.448 295.365 208.488 120.564 21.4688 99.0953
internal_count=83146 1810 1268 1166 1085 81336 77001 4335 3003 2031 972 411 389 234 155
cat_boundaries=0 1
cat_threshold=20
is_linear=0
shrinkage=0.05


Tree=188
num_leaves=16
num_cat=0
split_feature=1 2 1 0 1 1 1 0 1 1 0 0 11 1 0
split_gain=29107.1 2.63464e+07 14427.6 151429 2491.61 1351.33 1912.69 7901.69 1342.86 165.428 88.9719 84.3374 56.0567 14.9178 11.2994
threshold=12.057050000000002 5.9650000000000007 15.477100000000002 11.681300000000002 15.317600000000001 14.919850000000002 13.262450000000001 14.000600000000002 14.200250000000002 13.079150000000002 11.019700000000002 10.969800000000001 1.0000000180025095e-35 12.576950000000002 7.3795000000000011
decision_type=2 2 2 2 2 2 2 2 2 2 2 2 2 2 2
left_child=1 -1 4 -4 5 6 9 8 -8 13 11 12 -7 -2 -11
right_child=2 -3 3 -5 -6 10 7 -9 -10 14 -12 -13 -14 -15 -16
leaf_value=1056.4201923899921 -0.072070966522631022 -0.36329314901313914 -8.6011445798846911 0.2557867722991265 0.4668745319180661 0.01437780580110894 -0.75471890097603711 0.0442423456933142 -1.5275546662381958 0.018573561901842842 -0.0098575501837432286 0.10667143388297551 0.073122568304257771 -0.15602988446303917 0.058929324487563009
leaf_weight=0.059078582030550275 12.579349101485292 34.5697187815788 5.594118218746039 35.14371134939919 29.111911611077062 75.418463886810855 13.325470090205675 48.373172760009766 9.7212702785785385 24.346952445805073 43.904158105990064 88.234710693359375 87.986679077148438 9.1310724041528033 60.316848754882812
leaf_count=10503 228 66498 1277 457 380 372 1277 47 1261 65 238 6 146 304 87
internal_value=0.0341357 1.43964 -0.0554665 -0.960447 0.0179079 -0.00970511 -0.118628 -0.318771 -1.08071 0.0157493 0.0558208 0.0672798 0.0460093 -0.107383 0.0473241
internal_weight=577.817 34.6288 543.188 40.7378 502.45 473.338 177.794 71.4199 23.0467 106.374 295.544 251.64 163.405 21.7104 84.6638
internal_count=83146 77001 6145 1734 4411 4031 3269 2585 2538 684 762 524 518 532 152
is_linear=0
shrinkage=0.05


Tree=189
num_leaves=17
num_cat=1
split_feature=1 1 1 1 1 1 1 1 2 3 1 11 2 1 1 1
split_gain=8864.63 6009.14 59979.5 1.08635e+06 976042 62029 11775.7 3397.24 1387.46 408.709 343.551 81.2262 9.3035 21.6055 20.475 1.70203
threshold=12.057050000000002 15.477100000000002 16.434000000000001 16.151200000000003 15.620850000000003 15.910550000000002 15.581400000000002 15.317600000000001 2.8950000000000005 0 14.919850000000002 1.0000000180025095e-35 3.5750000000000006 14.163950000000002 12.576950000000002 14.367050000000003
decision_type=2 2 2 2 2 2 2 2 2 9 2 2 2 2 2 2
left_child=-1 7 3 4 6 -6 -3 8 -2 11 -11 12 -10 14 -14 -15
right_child=1 2 -4 -5 5 -7 -8 -9 9 10 -12 -13 13 15 -16 -17
leaf_value=0.70499669755917604 -0.18639433884952372 -32.569621447026734 0.15724771120308625 2.3206974415793833 -153.54612570216321 -219.89611608983074 -11.700050913785038 0.66393786162391522 0.059829644207633294 -0.15393671463126088 0.018335206412130649 0.10363730533099752 0.037061484035176694 0.053316610208631134 -0.055531787805225552 0.040516076978797937
leaf_weight=45.265873605997513 88.573554992677828 0.12106233043702741 28.474641799926758 3.9077258110046387 0.12597262669608145 0.048898443579673767 0.15303944051265717 19.623555315406747 82.163840155376306 47.176469598441003 74.867141746975136 88.397689819335938 13.351533248763404 62.675784662365906 10.799765720530599 44.340648231157253
leaf_count=77001 1245 228 375 225 530 300 76 380 22 1394 463 549 28 22 206 102
internal_value=0.0317505 -0.0222067 -0.678696 -6.14228 -79.8015 -172.099 -20.9175 0.0183095 -0.00641889 0.0311981 -0.0446026 0.0613045 0.0466368 0.0383728 -0.00434356 0.0480129
internal_weight=610.067 564.801 32.8313 4.3567 0.448973 0.174871 0.274102 531.97 512.346 423.773 122.044 301.729 213.332 131.168 24.1513 107.016
internal_count=83146 6145 1734 1359 1134 830 304 4411 4031 2786 1857 929 380 358 234 124
cat_boundaries=0 1
cat_threshold=20
is_linear=0
shrinkage=0.05


Tree=190
num_leaves=12
num_cat=1
split_feature=1 1 1 1 1 3 1 1 1 1 5
split_gain=12199.8 13578.7 25527.7 3417.37 1305.28 2032.11 161.431 132.173 78.2036 38.1487 11.5324
threshold=12.057050000000002 15.447300000000002 16.577300000000005 15.070250000000003 14.919850000000002 0 13.262450000000001 15.028300000000002 14.320600000000001 14.959550000000002 1.0000000180025095e-35
decision_type=2 2 2 2 2 9 2 2 2 2 2
left_child=-1 3 -3 4 5 6 10 9 -8 -6 -2
right_child=1 2 -4 -5 7 -7 8 -9 -10 -11 -12
leaf_value=1.1707975168406126 0.0561530567914202 1.6990105066085457 -0.41648054039134702 -0.88683486251526977 0.054549510657786238 -0.32900284513774269 -0.12323239796751564 0.10137226924957723 -0.0076821574779695756 -0.0046412323037524593 0.015834268329538589
leaf_weight=26.198470630867746 80.241346077436958 33.252735587767688 24.967607498168945 10.963140646743225 74.323661804199205 52.247759217969417 25.087465322129788 176.23500071863378 35.17126918164422 42.953552246118775 22.767982637145735
leaf_count=77001 62 1510 300 762 76 1924 711 76 253 152 319
internal_value=0.115475 0.0676584 0.791789 -0.0134182 0.00539292 -0.0880453 0.00868326 0.0740014 -0.0557891 0.0328705 0.0472415
internal_weight=604.41 578.212 58.2203 519.991 509.028 215.516 163.268 293.512 60.2587 117.277 103.009
internal_count=83146 6145 1810 4335 3573 3269 1345 304 964 228 381
cat_boundaries=0 1
cat_threshold=20
is_linear=0
shrinkage=0.05


Tree=191
num_leaves=14
num_cat=0
split_feature=1 0 1 1 1 2 0 1 2 2 1 1 1
split_gain=37031 11755.9 28655.5 6259.03 3456.45 1204.7 131.429 57.436 38.7618 18.0001 16.4617 39.0889 17.0589
threshold=12.057050000000002 11.397250000000001 15.546550000000002 15.477100000000002 15.317600000000001 2.8950000000000005 7.6753500000000008 14.919850000000002 3.3850000000000002 7.4750000000000005 14.163950000000002 12.576950000000002 14.200250000000002
decision_type=2 2 2 2 2 2 2 2 2 2 2 2 2
left_child=-1 3 -3 4 5 -2 7 8 -7 -9 11 -10 -12
right_child=1 2 -4 -5 -6 6 -8 9 10 -11 12 -13 -14
leaf_value=3.2630692849519756 -0.16281193925290052 -0.10189959287169013 1.6384562309049961 -0.43436158064652858 0.62147438546289624 0.058676883994204815 -0.039199535483103579 0.090086338557853418 0.035133903525003868 0.056513458788496999 0.052784373615355908 -0.094612525760389088 0.00031222263185684589
leaf_weight=9.1068731115750534 88.343948364260427 63.169718217443091 37.808670379472716 83.958166592129032 23.766022293702804 76.721107482910199 43.096762601907415 88.294441223144531 12.303695574968318 72.877319595055781 27.386440277099595 10.990379386498295 35.655672575593734
leaf_count=77001 1050 826 486 1214 278 50 1115 62 76 130 19 487 352
internal_value=0.0963352 0.0529273 0.54973 -0.0361159 0.0336244 0.00296435 0.0428345 0.0537385 0.0328162 0.0749056 0.00983548 -0.0260818 0.0231069
internal_weight=673.479 664.372 100.978 563.394 479.436 455.67 367.326 324.229 163.057 161.172 86.3362 23.2941 63.0421
internal_count=83146 6145 1312 4833 3619 3341 2291 1176 984 192 934 563 371
is_linear=0
shrinkage=0.05


Tree=192
num_leaves=16
num_cat=1
split_feature=1 1 6 1 1 1 1 2 3 1 2 1 1 1 1
split_gain=902663 5.10488e+07 28452 11371.9 47976.9 2305.36 714.254 1195.98 2857.43 94.0335 38.7083 14.8869 40.0094 13.2054 8.55742
threshold=12.057050000000002 9.9039000000000019 1.0000000180025095e-35 15.546550000000002 15.773200000000001 15.070250000000003 14.919850000000002 10.095000000000001 0 15.028300000000002 10.565000000000003 14.163950000000002 12.576950000000002 14.959550000000002 14.200250000000002
decision_type=2 2 2 2 2 2 2 2 9 2 2 2 2 2 2
left_child=1 -1 3 5 -5 6 7 8 -2 13 -9 12 -12 -8 -13
right_child=2 -3 -4 4 -6 -7 9 10 -10 -11 11 14 -14 -15 -16
leaf_value=3302.3672636119782 0.04161274414468194 -27.205453920028738 -2.8674878187756714 3.3858060732536623 0.12233590336744804 -0.62580277629522341 0.055018088990819169 0.066735578839907869 -0.57086745199728905 0.09982515521858705 0.047577575745630971 0.050557050594189003 -0.081853675846155188 0.020224875107631237 0.012920175299818329
leaf_weight=0.011884847272375099 52.393578086574998 0.36689860905317401 8.2172665948182821 13.321937750071468 72.829806401216956 13.986973419262311 70.903762817382812 66.572883605957045 21.300036407926278 174.69379436571637 11.855044364929201 26.205343246459961 12.02896532710629 44.316116333031573 35.646800175576601
leaf_count=76352 66 649 2156 231 566 493 51 42 1956 42 34 12 240 82 174
internal_value=0.102037 77.2644 0.0552181 0.0942027 0.626977 0.00758412 0.0247558 -0.0418764 -0.207234 0.0766991 0.0381305 0.0159192 -0.0176093 0.0416358 0.0288661
internal_weight=624.651 0.378783 624.272 616.055 86.1517 529.903 515.916 226.003 73.6936 289.914 152.309 85.7362 23.884 115.22 61.8521
internal_count=83146 77001 6145 3989 797 3192 2699 2524 2022 175 502 460 274 133 186
cat_boundaries=0 1
cat_threshold=16
is_linear=0
shrinkage=0.05


Tree=193
num_leaves=16
num_cat=1
split_feature=1 1 1 3 6 1 1 1 2 8 2 1 1 1 1
split_gain=172832 56266.5 3.52129e+06 3495.18 6038.84 2371.46 1424.82 486.125 586.705 81.5202 74.1797 73.671 61.6387 69.4465 9.09064
threshold=7.3479500000000009 12.576950000000002 10.361100000000002 0 1.0000000180025095e-35 15.620850000000003 15.070250000000003 14.919850000000002 3.1350000000000002 1.0000000180025095e-35 3.2850000000000006 15.028300000000002 14.163950000000002 14.200250000000002 14.959550000000002
decision_type=2 2 2 9 2 2 2 2 2 2 2 2 2 2 2
left_child=-1 2 -2 -3 5 6 7 8 -5 10 -10 14 -12 -14 -9
right_child=1 3 -4 4 -6 -7 -8 11 9 -11 12 -13 13 -15 -16
leaf_value=-19.258897511278363 285.85197459024761 0.31898206268608326 0.86701991585655436 -0.17275004320989754 -0.42607578056978312 0.31158263789371277 -0.36185916511169475 0.054358007164089228 0.054591977964146943 0.064878066595884396 -0.13341333109392156 0.094919091903566122 0.050175334127550479 -0.058648766257231769 0.025221423244076464
leaf_weight=1.1556027722195938 0.10941679356552292 87.898097850382442 11.57633905157569 51.005474090576399 74.374802385297471 76.445991708316683 24.097537013564306 69.140792846679716 34.145276506990513 64.341537475585938 12.992984674913322 174.53746045447292 25.112161636352539 35.22302793966292 43.684810638451012
leaf_count=68009 8612 399 608 775 1999 635 516 49 39 6 778 40 40 565 76
internal_value=0.0633857 0.0918416 3.53541 0.0397838 -0.000683188 0.0511103 0.0138414 0.0315868 -0.0238398 0.0203661 -0.00628207 0.0745645 -0.0346281 -0.013355 0.0430766
internal_weight=785.841 784.686 11.6858 773 685.102 610.727 534.281 510.184 222.82 171.815 107.473 287.363 73.3282 60.3352 112.826
internal_count=83146 15137 9220 5917 5518 3519 2884 2368 2203 1428 1422 165 1383 605 125
cat_boundaries=0 1
cat_threshold=8
is_linear=0
shrinkage=0.05


Tree=194
num_leaves=16
num_cat=0
split_feature=1 1 2 4 6 1 5 4 11 2 2 2 1 1 1
split_gain=277922 37986.1 1.06043e+06 266551 2064.81 5455.31 769.906 680.525 263.646 155.924 337.873 11.7519 32.5273 28.4093 4.3135
threshold=7.3479500000000009 12.576950000000002 3.9950000000000006 1.0000000180025095e-35 1.0000000180025095e-35 15.620850000000003 1.0000000180025095e-35 1.0000000180025095e-35 1.0000000180025095e-35 0.84500000000000008 10.095000000000001 10.135000000000003 14.994250000000003 14.919850000000002 14.320600000000001
decision_type=2 2 2 2 2 2 2 2 2 2 2 2 2 2 2
left_child=-1 2 -2 -4 5 6 7 -3 9 -8 -11 -12 13 14 -13
right_child=1 4 3 -5 -6 -7 8 -9 -10 10 11 12 -14 -15 -16
leaf_value=-32.411098578902049 193.08319669101132 -0.062393438104704428 52.043271765300432 -0.90815539586901106 -0.19610355262713752 0.44350946461198187 0.086789951803691451 -0.44637274078599465 -0.046798071326585242 -0.12466285936005923 0.064671739912245618 0.0050644331675247477 -0.0062690596570902273 0.063663515690322039 0.032095716658611599
leaf_weight=0.65930508533665388 0.073347941043108267 56.826123137499977 0.2496420217781824 4.9537244026022806 84.745581473937932 83.949471927821946 171.65711212158203 14.479118037871542 85.15137231754079 32.705569885472414 62.147556304931641 24.68877775799475 32.211795765932521 110.26789474487305 36.691613215954938
leaf_count=68009 285 362 8010 925 2122 725 53 388 1695 242 4 136 107 8 75
internal_value=0.0385144 0.0652305 4.29352 1.6323 0.0371842 0.064999 0.0143059 -0.140364 0.0341589 0.0488146 0.0269918 0.0456377 0.0398351 0.0484871 0.021223
internal_weight=801.458 800.799 5.27671 5.20337 795.522 710.776 626.827 71.3052 555.522 470.37 298.713 266.008 203.86 171.648 61.3804
internal_count=83146 15137 9220 8935 5917 3795 3070 750 2320 625 572 330 326 219 211
is_linear=0
shrinkage=0.05


Tree=195
num_leaves=13
num_cat=3
split_feature=3 0 0 5 0 3 4 3 11 5 0 5
split_gain=13569.8 5180.04 10172.6 19044.4 2598.79 1261.71 1051.2 339.348 76.5776 16.0073 7.57562 5.07097
threshold=0 10.969800000000001 1.0000000180025095e-35 1.0000000180025095e-35 11.762650000000002 1 1.0000000180025095e-35 2 1.0000000180025095e-35 1.0000000180025095e-35 11.019700000000002 1.0000000180025095e-35
decision_type=9 2 2 2 2 9 2 9 2 2 2 2
left_child=-1 2 6 -4 5 10 -2 8 9 -8 -3 -12
right_child=1 4 3 -5 -6 -7 7 -9 -10 -11 11 -13
leaf_value=0.58933017317825576 -0.30515444669820746 0.098120492674712165 -0.080829525612229502 -1.5396333786095515 -0.2239070660440878 0.36847281873602061 -0.021360178580570127 -0.089520120611178935 0.071777181317265029 0.021754070938047376 0.088732895049496691 0.071759704431944168
leaf_weight=81.447558094939438 31.885222237737139 88.576133728027372 58.951361606149554 36.055977084557391 59.967813030865898 40.967019300242328 33.329796465452517 65.71282031273924 85.893753051757812 60.80339208745869 87.457290649569103 88.570426940918196
leaf_count=3163 58456 23 10412 5671 1532 438 1961 660 154 389 29 258
internal_value=0.0146935 -0.055936 -0.187879 -0.634456 0.077037 0.136097 -0.0350535 -7.39978e-06 0.0356581 0.00648858 0.0830551 0.0801926
internal_weight=819.619 738.171 372.632 95.0073 365.539 305.571 277.625 245.74 180.027 94.1332 264.604 176.028
internal_count=83146 79983 77703 16083 2280 748 61620 3164 2504 2350 310 287
cat_boundaries=0 1 2 3
cat_threshold=136 258 20
is_linear=0
shrinkage=0.05


Tree=196
num_leaves=17
num_cat=0
split_feature=0 1 1 5 5 2 0 0 1 5 0 4 2 1 2 1
split_gain=11438.5 2.9863e+06 23826 3.41385e+06 14403.3 2727.6 1367.44 1346.63 219.314 97.0293 73.9198 50.587 20.0638 5.86981 3.80629 0.351005
threshold=10.080150000000001 15.416350000000001 12.576950000000002 1.0000000180025095e-35 1.0000000180025095e-35 3.1350000000000002 11.826750000000002 11.397250000000001 15.028300000000002 1.0000000180025095e-35 11.326000000000002 1.0000000180025095e-35 7.3850000000000007 14.919850000000002 7.3650000000000011 14.320600000000001
decision_type=2 2 2 2 2 2 2 2 2 2 2 2 2 2 2 2
left_child=1 2 3 -1 -2 -4 7 8 -6 -7 -10 -11 14 15 -13 -14
right_child=4 -3 5 -5 6 9 -8 -9 10 11 -12 12 13 -15 -16 -17
leaf_value=0.88898202766817969 0.77689688884381847 -175.53050424918271 -0.30988330226570321 -225.60164648297948 -0.08093420489856977 -0.050557092266349107 -0.14765398118719927 0.30488347511520242 0.03122485523299617 0.004209290815434876 0.095880989845515255 0.06767590707461367 0.032814432773663464 0.058951399819843431 0.082730168913293656 0.040646102056815063
leaf_weight=12.023886078370818 86.420041723316785 0.24262665204736222 61.704498291015625 0.16870774046765369 30.823490999729955 22.476261781849757 67.486669629695371 63.735718166455854 88.297806816911617 40.319708094126042 88.526504516601562 83.24278192035041 24.114106405245934 68.462898150170986 84.721168518066406 35.177767775952816
leaf_count=69504 1023 1058 839 6252 892 365 1240 314 305 517 13 393 211 98 5 117
internal_value=0.0165616 -0.164446 -0.0660479 -2.24495 0.200703 -0.0028275 0.0537601 0.103847 0.0421407 0.0500203 0.0635947 0.0567476 0.0639109 0.0489775 0.0752693 0.0374609
internal_weight=857.945 432.654 432.412 12.1926 425.29 420.219 338.87 271.384 207.648 358.515 176.824 336.038 295.719 127.755 167.964 59.2919
internal_count=83146 79359 78301 75756 3787 2545 2764 1524 1210 1706 318 1341 824 426 398 328
is_linear=0
shrinkage=0.05


Tree=197
num_leaves=14
num_cat=3
split_feature=0 1 4 3 8 3 0 1 1 0 3 1 1
split_gain=9931.94 52603.1 228717 22886.2 51719.3 10511.7 586.455 1425.15 521.398 244.855 167.724 27.5892 9.79042
threshold=9.6184500000000011 12.576950000000002 1.0000000180025095e-35 0 1.0000000180025095e-35 1 0.21105000000000004 15.317600000000001 13.175050000000001 11.762650000000002 2 15.028300000000002 14.163950000000002
decision_type=2 2 2 9 2 9 2 2 2 2 9 2 2
left_child=1 2 -1 9 -5 6 7 11 -8 10 -2 12 -3
right_child=3 5 -4 4 -6 -7 8 -9 -10 -11 -12 -13 -14
leaf_value=-277.68785958842636 0.074771448402559171 0.007156925239722437 -4.7213940955145643 2.5719198193629951 0.051019109587194966 -0.58037210359255054 0.077696188403193492 0.38741034602362029 -0.10687243518436214 -0.058801937735808489 -0.011574176569240186 0.075391089447525803 0.045530058973881828
leaf_weight=0.0076854182406681506 154.78025054931641 23.444631413122238 5.1549656539278885 32.886565845649329 53.356410980224609 66.800009875913645 81.783682649191164 40.207560855660432 71.907928625751069 72.239350547262802 88.114015565127147 83.385246396064758 57.119749173521996
leaf_count=70117 16 176 5406 2873 34 2188 103 110 603 613 810 20 77
internal_value=0.0559404 -0.111082 -5.12775 0.234795 0.907119 -0.050092 0.0633442 0.120651 -0.00865822 0.0213372 0.04605 0.0552301 0.0343633
internal_weight=831.188 429.811 5.16265 401.377 86.243 424.649 357.849 204.157 153.692 315.134 242.894 163.95 80.5644
internal_count=83146 78800 75523 4346 2907 3277 1089 383 706 1439 826 273 253
cat_boundaries=0 1 2 3
cat_threshold=258 20 2
is_linear=0
shrinkage=0.05


Tree=198
num_leaves=17
num_cat=3
split_feature=3 6 1 0 0 2 5 3 1 1 1 1 3 1 2 2
split_gain=9387.16 8301.45 3841.15 876.564 4010.16 18716.7 1129 4021.35 140509 1626.86 98148.3 283397 568.6 73.8803 21.359 2.62273
threshold=0 1.0000000180025095e-35 15.416350000000001 1.0000000180025095e-35 7.3795000000000011 10.655000000000003 1.0000000180025095e-35 1 12.822250000000002 14.275750000000002 14.163950000000002 13.444400000000002 2 12.576950000000002 0.115 10.655000000000003
decision_type=9 2 2 2 2 2 2 9 2 2 2 2 9 2 2 2
left_child=-1 2 3 6 -5 12 7 13 -9 10 11 -8 14 -2 -6 -11
right_child=1 -3 -4 4 5 -7 9 8 -10 15 -12 -13 -14 -15 -16 -17
leaf_value=0.66035076749803157 0.12327279209787641 -0.525787967424303 0.37663812291233351 -0.3410065909847575 0.08901387321681592 3.9292675749557358 -103.33030282922874 22.400255994017428 -52.546724233934519 0.054626818495052056 0.049187112001602237 -1.6621799544902787 -0.090860616412003742 0.021818997047432651 0.05267263333224359 0.065829265678841523
leaf_weight=51.693435918539762 82.84416962078582 64.178005177878163 88.185751488814162 79.938481294976668 87.525215148925781 3.0977403863305133 0.089566875739093166 0.70989394187924193 0.068578095252207705 81.487586975145035 22.180555596953752 0.29201836010914395 74.016351438691828 22.906116985669925 75.143547778014181 145.60759873294455
leaf_count=760 3996 2108 824 12867 10 1816 2818 54815 151 134 26 120 2456 33 164 48
internal_value=0.0654966 0.020155 0.0662738 0.0257805 -0.034319 0.0679241 0.0797273 0.216002 1.141 0.0215787 -0.383357 -25.526 0.0173868 0.092546 0.0680434 0.0618095
internal_weight=879.965 828.271 764.093 675.907 319.721 239.783 356.186 106.529 0.778472 249.657 22.5621 0.381585 236.685 105.75 162.669 227.095
internal_count=83146 82386 80278 79454 17313 4446 62141 58995 54966 3146 2964 2938 2630 4029 174 182
cat_boundaries=0 1 2 3
cat_threshold=8 4 18
is_linear=0
shrinkage=0.05


Tree=199
num_leaves=11
num_cat=3
split_feature=3 6 2 3 4 4 8 2 3 5
split_gain=10968.1 8958.49 4212.19 4173.31 5053.87 4173.07 12796.2 1401.28 328.457 466.195
threshold=0 1.0000000180025095e-35 1.1050000000000002 1 1.0000000180025095e-35 1.0000000180025095e-35 1.0000000180025095e-35 10.655000000000003 2 1.0000000180025095e-35
decision_type=9 2 2 9 2 2 2 2 9 2
left_child=-1 2 -2 5 -5 6 -4 -7 -9 -10
right_child=1 -3 3 4 -6 7 -8 8 9 -11
leaf_value=0.93880766346613509 -0.1698819200577687 -0.39754253572909537 1.3116638539051144 0.15193285669010287 0.72577740374857547 -0.12401888527537999 0.071204434785931872 0.042531400887285478 0.1000716498189682 0.27981913849776124
leaf_weight=31.939571274444461 86.509803771972656 80.085829403414436 28.526327873077776 73.574631010011672 80.183695276440631 86.554622432201313 76.6602783203125 164.36737825462868 107.61683699894215 54.261255957229423
leaf_count=760 1932 2108 7663 63479 1392 2617 13 452 2006 724
internal_value=0.146761 0.104144 0.158505 0.200796 0.423636 0.124075 0.407614 0.0548314 0.102281 0.150995
internal_weight=870.28 838.341 758.255 671.745 153.758 517.987 105.187 412.8 326.245 161.878
internal_count=83146 82386 80278 78346 64871 13475 7676 5799 3182 2730
cat_boundaries=0 1 2 3
cat_threshold=8 260 256
is_linear=0
shrinkage=0.05


Tree=200
num_leaves=14
num_cat=2
split_feature=3 6 2 3 4 4 8 1 2 1 1 1 1
split_gain=20343.3 8100.83 4226.3 5151.53 8290.91 5392.89 49489.7 2.71992e+06 1301.99 912.902 27.7593 3.35454 2.42524
threshold=0 1.0000000180025095e-35 1.1050000000000002 1 1.0000000180025095e-35 1.0000000180025095e-35 1.0000000180025095e-35 14.367050000000003 10.655000000000003 12.576950000000002 16.151200000000003 14.163950000000002 14.405750000000003
decision_type=9 2 2 9 2 2 2 2 2 2 2 2 2
left_child=-1 2 -2 5 -5 6 7 -4 -7 -10 11 -11 -13
right_child=1 -3 3 4 -6 8 -8 -9 9 10 -12 12 -14
leaf_value=1.5865509727830105 -0.15828041159957401 -0.3455649400386176 167.56564095210763 0.15463394868238539 0.96808679916048901 -0.11600948047227105 0.069558636500860277 -0.57648192301114443 0.23980700239886277 0.017433196842405654 0.072059568133539809 0.048674669582444416 0.033775394394012705
leaf_weight=14.164187917485833 88.158523559570312 87.29074972031151 0.24719283038129347 68.791092153213128 57.5121583371577 87.866013800729888 74.60260009765625 8.9035977387661358 86.655206408036804 21.568717251524319 82.135688781738281 41.315697476275801 80.586114717792199
leaf_count=760 1932 2108 7351 63479 1392 2617 13 312 2842 118 15 27 180
internal_value=0.154571 0.107195 0.165324 0.212078 0.48652 0.127748 0.495234 3.96559 0.0540197 0.101864 0.0488795 0.0356092 0.0388251
internal_weight=799.798 785.633 698.343 610.184 126.303 483.881 83.7534 9.15079 400.127 312.261 225.606 143.471 121.902
internal_count=83146 82386 80278 78346 64871 13475 7676 7663 5799 3182 340 325 207
cat_boundaries=0 1 2
cat_threshold=8 260
is_linear=0
shrinkage=0.05


Tree=201
num_leaves=14
num_cat=3
split_feature=3 6 3 2 2 2 3 5 1 1 0 0 1
split_gain=40883.3 5981.07 6137.42 23267.6 1850.39 3236.28 1873.31 1933.12 141007 679406 733.708 90.5664 54.8111
threshold=0 1.0000000180025095e-35 1 7.3650000000000011 1.2150000000000001 10.095000000000001 2 1.0000000180025095e-35 13.529600000000002 12.822250000000002 11.326000000000002 11.397250000000001 12.576950000000002
decision_type=9 2 9 2 2 2 9 2 2 2 2 2 2
left_child=-1 2 3 -2 -4 -6 7 12 9 -9 -8 -12 -7
right_child=1 -3 4 -5 5 6 10 8 -10 -11 11 -13 -14
leaf_value=2.8819632193931217 -0.010854753185796892 -0.32414095843449031 0.25829001131464807 1.7055431601086042 -0.26363805514700006 0.09899249211339603 -0.14749210254739437 91.196113036514703 0.044951170461423072 -0.1701584762516837 0.076135131137141404 -0.00091825364635858629 0.007485724004349591
leaf_weight=3.1004875368671492 63.653808390640357 88.355573551886778 88.57694170856837 28.623791010695264 88.498259421368346 88.508613586425824 79.693976317515762 0.24792459467541639 54.696079229877832 1.1347160875159261 80.458297729492202 72.496200561524788 20.076423999050874
leaf_count=760 325 2108 1976 312 70471 2863 1386 2362 75 26 7 430 45
internal_value=0.111965 0.0616032 0.113651 0.470564 0.0472961 0.00979949 0.0707056 0.193442 0.443579 16.2129 -0.0234706 0.039614 0.0820737
internal_weight=758.121 755.021 666.665 92.2776 574.387 485.81 397.312 164.664 56.0787 1.38264 232.648 152.954 108.585
internal_count=83146 82386 80278 637 79641 77665 7194 5371 2463 2388 1823 437 2908
cat_boundaries=0 1 2 3
cat_threshold=8 16 4
is_linear=0
shrinkage=0.05


Tree=202
num_leaves=14
num_cat=0
split_feature=0 0 11 1 0 4 1 1 1 1 1 1 1
split_gain=8556.25 3133.45 25754.4 16173 3295.22 99464.6 2506.03 1967.03 779.156 619.997 1726.34 3996.5 0.0219725
threshold=12.596050000000002 10.080150000000001 1.0000000180025095e-35 14.959550000000002 1.0000000180025095e-35 1.0000000180025095e-35 15.447300000000002 16.214600000000004 13.175050000000001 13.175050000000001 14.449450000000002 14.200250000000002 12.694800000000003
decision_type=2 2 2 2 2 2 2 2 2 2 2 2 2
left_child=1 2 3 4 5 -1 -3 -8 -6 12 11 -11 -7
right_child=-2 6 -4 -5 8 9 7 -9 -10 10 -12 -13 -14
leaf_value=33.215189048661323 0.58230839409557167 -0.067415138490067292 -3.3153010464757773 -1.668793026060178 -0.24274222811812926 0.033921741069555873 0.44428273746983404 0.097061199076981575 -0.013375494981034616 1.0662117777611593 0.068930317733498406 0.045072170805901507 0.035766132907862021
leaf_weight=0.22726886640665966 72.530633847117883 87.377570229773511 6.0454201709964073 14.455661157528537 87.810656996111049 88.737157302908372 78.698451501636413 84.673843383789062 64.020036466128659 16.435246529724633 82.896393394505139 22.978385940200202 19.73992609060943
leaf_count=59001 1153 2140 1813 1326 13887 2738 388 106 411 70 71 26 16
internal_value=0.0670607 0.00992656 -0.0763598 -0.0270753 0.0349135 0.153835 0.148723 0.264322 -0.146029 0.121278 0.198456 0.470881 0.0342574
internal_weight=726.627 654.096 403.346 397.301 382.845 231.014 250.75 163.372 151.831 230.787 122.31 39.4136 108.477
internal_count=83146 81993 79359 77546 76220 61922 2634 494 14298 2921 167 96 2754
is_linear=0
shrinkage=0.05


Tree=203
num_leaves=17
num_cat=1
split_feature=3 4 5 1 2 1 1 1 1 1 2 1 1 2 1 1
split_gain=17345.2 9396.43 3171.71 3333.58 84144.6 5.54555e+06 1.50391e+07 6069.66 4025.26 989.361 261.106 26.3 16.964 40.8498 6.25283 5.54636
threshold=0 1.0000000180025095e-35 1.0000000180025095e-35 14.320600000000001 3.2850000000000006 12.576950000000002 11.203800000000003 14.163950000000002 15.350350000000002 15.658300000000002 10.095000000000001 12.694800000000003 14.919850000000002 10.655000000000003 12.576950000000002 14.959550000000002
decision_type=9 2 2 2 2 2 2 2 2 2 2 2 2 2 2 2
left_child=1 -1 9 4 -4 6 -6 -7 10 11 -5 14 13 -12 -2 -14
right_child=2 -3 3 8 5 7 -8 -9 -10 -11 12 -13 15 -15 -16 -17
leaf_value=0.13871311218651103 0.21298467644251337 0.95410457971676044 0.024042933950917691 -0.046024538088764527 -1613.1672302237398 -5.9051205232271942 -32.095834075716553 -0.090070015712163123 -0.40815821298363258 -0.0034363040921225035 0.061249478149638818 0.27706632406123011 0.075345330642164754 -0.019636677855834148 -0.068595129323146847 0.054719527262609841
leaf_weight=64.583503484725952 88.45458984663999 78.009377883088007 84.413420268630944 87.937096252097518 0.01983612554174885 0.48733312755367464 0.06220957922778525 5.6668678969220849 64.86561558066802 86.222068786621207 53.125022888183594 19.082201911840372 81.371330261230469 22.103792255744338 0.19759804010392557 54.371535387068008
leaf_count=659 69587 1015 1513 860 5727 825 192 163 1050 281 25 829 16 221 13 170
internal_value=0.0673263 0.546472 -0.0457704 -0.118724 -0.39001 -5.9946 -414.35 -0.550547 -0.0511216 0.122794 0.0263582 0.223819 0.0565288 0.0374834 0.212357 0.0670837
internal_weight=790.973 142.593 648.381 454.424 90.6497 6.23625 0.0820457 6.1542 363.774 193.956 298.909 107.734 210.972 75.2288 88.6522 135.743
internal_count=83146 1674 81472 10762 8420 6907 5919 988 2342 70710 1292 70429 432 246 69600 186
cat_boundaries=0 1
cat_threshold=24
is_linear=0
shrinkage=0.05


Tree=204
num_leaves=13
num_cat=2
split_feature=3 0 8 0 3 2 2 2 0 5 4 0
split_gain=19799.5 1.79037e+07 1.29428e+08 9594.72 2986.13 4529.75 1193.99 1481.94 1050.59 248.803 475.402 114.144
threshold=0 10.080150000000001 1.0000000180025095e-35 1.0000000180025095e-35 1 10.655000000000003 3.2450000000000006 5.1750000000000007 0.072350000000000012 1.0000000180025095e-35 1.0000000180025095e-35 11.326000000000002
decision_type=9 2 2 2 9 2 2 2 2 2 2 2
left_child=4 3 -3 -2 6 -6 -1 -8 9 -9 -11 -7
right_child=1 2 -4 -5 5 11 7 8 -10 10 -12 -13
leaf_value=-0.079837131106299017 0.66244616092610431 5160.9850227733014 -4.007457869423912 -0.29187823169169524 -0.54927678540900404 -0.04933326207318655 0.30932452727840509 0.065149984142419445 -0.074952742122330829 0.041856964803763878 0.22587580671128282 0.035875123849347171
leaf_weight=88.236402726587642 47.089644579302885 0.013830791328017678 0.098583556711673737 59.765369052242036 51.077472261426436 79.692011904621637 84.843086246933979 101.53797496561592 86.344831706976038 52.303694290601953 106.69040170311928 77.549491882325356
leaf_count=2435 56053 1284 25 9549 2008 824 1153 3286 4183 1611 371 364
internal_value=0.121116 0.724437 631.462 0.12868 0.0222491 -0.133772 0.0861033 0.122013 0.0761984 0.126293 0.16534 -0.00730958
internal_weight=835.243 106.967 0.112414 106.855 728.275 208.319 519.956 431.72 346.877 260.532 158.994 157.242
internal_count=83146 66911 1309 65602 16235 3196 13039 10604 9451 5268 1982 1188
cat_boundaries=0 1 2
cat_threshold=262 6
is_linear=0
shrinkage=0.05


Tree=205
num_leaves=12
num_cat=2
split_feature=11 0 3 0 2 0 3 8 5 4 4
split_gain=10653.2 4428.29 6218.62 7001.99 4320.52 3227.2 1637.09 1583.5 1388.01 5090.96 935.497
threshold=1.0000000180025095e-35 1.0000000180025095e-35 0 11.762650000000002 10.095000000000001 10.371450000000001 1 1.0000000180025095e-35 1.0000000180025095e-35 1.0000000180025095e-35 1.0000000180025095e-35
decision_type=2 2 9 2 2 2 9 2 2 2 2
left_child=1 6 3 5 -4 -3 -1 -6 -8 -10 -7
right_child=-2 2 4 -5 7 10 8 -9 9 -11 -12
leaf_value=-0.02291785234037811 -0.9429155202490922 -0.1719226799991162 -0.5839271812529111 1.9157792740205766 -0.26199080772921352 0.08537050487241421 0.10880465750420949 0.067607573608567076 -0.052422311891953788 0.56747259122487204 0.31756723623397876
leaf_weight=80.906127336574372 28.464165723002566 88.460636747538786 69.529469148124463 5.2633609772627201 76.552748582662048 88.536155705306669 99.752664224904436 69.546119689941406 50.908239579255763 94.794752668140518 85.046312436461449
leaf_count=512 2707 5156 10250 536 1537 244 59047 3 2381 555 218
internal_value=0.00780951 0.0412479 -0.0548999 0.106169 -0.247994 0.073873 0.183523 -0.105095 0.242618 0.350883 0.199135
internal_weight=837.761 809.297 482.935 267.306 215.628 262.043 326.362 146.099 245.456 145.703 173.582
internal_count=83146 80439 17944 6154 11790 5618 62495 1540 61983 2936 462
cat_boundaries=0 1 2
cat_threshold=14 256
is_linear=0
shrinkage=0.05


Tree=206
num_leaves=13
num_cat=0
split_feature=6 11 0 1 1 2 2 2 1 1 0 1
split_gain=8904.25 5112.11 3668.09 5046.71 4585.12 4318.2 3551.27 661.286 614.227 118.55 62.7794 35.7583
threshold=1.0000000180025095e-35 1.0000000180025095e-35 1.0000000180025095e-35 13.262450000000001 12.694800000000003 10.225000000000003 5.0550000000000006 2.8950000000000005 15.317600000000001 12.576950000000002 6.0706500000000014 14.919850000000002
decision_type=2 2 2 2 2 2 2 2 2 2 2 2
left_child=1 2 3 4 9 6 7 -4 11 -1 -9 -5
right_child=-2 -3 5 8 -6 -7 -8 10 -10 -11 -12 -13
leaf_value=0.4026780668663193 -0.46597135493712893 -0.39397603375075352 -0.10875299466566762 0.011806922368233625 1.4327992109404004 -0.31781195792900485 0.40915718759039044 0.089065125006760504 0.23801627165155514 -0.79564361505603554 0.028585230853183066 0.06128136628813155
leaf_weight=84.006423955627568 88.402134769485656 56.422600359873172 89.000975571776394 66.148916175134673 12.310919657108299 83.218369173940687 67.340711811595725 86.874923706837535 52.657166358736475 0.20690158009529014 84.781496332159804 81.543736950333027
leaf_count=61537 2239 2601 2205 140 28 3149 9877 658 226 5 432 49
internal_value=0.0091198 0.0640555 0.100553 0.234488 0.531493 0.00385939 0.0854726 0.00184879 0.0913971 0.399734 0.059194 0.0391226
internal_weight=852.915 764.513 708.091 296.874 96.5242 411.216 327.998 260.657 200.35 84.2133 171.656 147.693
internal_count=83146 80907 78306 61985 61570 16321 13172 3295 415 61542 1090 189
is_linear=0
shrinkage=0.05


Tree=207
num_leaves=15
num_cat=2
split_feature=6 0 1 1 0 3 2 3 1 1 1 1 1 1
split_gain=8666.52 3946.41 7529.45 30058.9 3208.19 3082.04 2693.57 1793.71 1297.14 660.247 145.459 465.895 339.828 138.903
threshold=1.0000000180025095e-35 1.0000000180025095e-35 13.262450000000001 12.694800000000003 10.371450000000001 0 8.0450000000000017 1 16.151200000000003 14.959550000000002 14.919850000000002 13.529600000000002 14.320600000000001 12.576950000000002
decision_type=2 2 2 2 2 9 2 9 2 2 2 2 2 2
left_child=1 2 3 13 5 -3 -6 -4 -8 10 11 -9 -13 -1
right_child=-2 4 7 -5 6 -7 8 9 -10 -11 -12 12 -14 -15
leaf_value=0.42886949705324018 -0.47751773254491203 0.030262329324372519 0.25961429863615448 5.5386922103102822 0.2949874455610918 -0.38931831163472536 -0.24955122381880074 0.041456328550735569 0.062712497582031609 -0.1913054870281603 0.072937508346071309 -0.76005176108225103 -0.15598745686058468 -1.1916535516417395
leaf_weight=73.870368965645241 82.070965241233694 84.264864313270664 69.656768798828125 2.9909962524197899 89.457316330750245 87.965152612756583 53.55108045378239 51.725605011499205 87.756538391113281 45.13700845539762 79.814979553222656 2.9594307243878708 10.916948922655143 0.13247029483318229
leaf_count=61641 2239 232 54 85 1223 15518 1295 56 64 328 6 224 162 19
internal_value=0.00997116 0.0640224 0.190234 0.624584 -0.0415848 -0.204883 0.0802916 0.0617142 -0.0556255 -0.0230428 0.0276008 -0.0275582 -0.284817 0.425969
internal_weight=822.27 740.2 337.205 76.9938 402.995 172.23 230.765 260.211 141.308 190.554 145.417 65.602 13.8764 74.0028
internal_count=83146 80907 62575 61745 18332 15750 2582 830 1359 776 448 442 386 61660
cat_boundaries=0 1 2
cat_threshold=16 16
is_linear=0
shrinkage=0.05


Tree=208
num_leaves=12
num_cat=0
split_feature=6 11 0 1 1 2 2 2 1 0 1
split_gain=9285.92 4740.17 3851.3 9171.36 1.57429e+06 3913.23 3740.01 808.497 647.068 117.817 28.6285
threshold=1.0000000180025095e-35 1.0000000180025095e-35 1.0000000180025095e-35 13.262450000000001 12.576950000000002 10.225000000000003 5.0550000000000006 2.8950000000000005 15.317600000000001 6.0706500000000014 14.919850000000002
decision_type=2 2 2 2 2 2 2 2 2 2 2
left_child=1 2 3 4 -1 6 7 -4 10 -9 -5
right_child=-2 -3 5 8 -6 -7 -8 9 -10 -11 -12
leaf_value=0.51467574038283448 -0.54512525542577406 -0.35794626464629814 -0.12060897624931129 0.012937587754616573 234.69296414247481 -0.2900068564732553 0.43618098618356838 0.11044847859360346 0.24291043678141544 0.025997640832246816 0.057122789044753486
leaf_weight=59.832229626735149 68.575248390144907 61.000015963746705 87.057697873737197 69.049523912118076 0.071854244764032127 87.418792280881007 61.985274829699449 81.53855896054074 51.097448581129242 83.685373541145964 78.150491342815201
leaf_count=61537 2239 2601 2205 140 33 3149 9877 658 226 432 49
internal_value=0.0108642 0.0637534 0.102735 0.253397 0.79557 0.00589078 0.0881998 0.00270132 0.0896109 0.0676744 0.0363961
internal_weight=789.463 720.887 659.887 258.202 59.9041 401.686 314.267 252.282 198.297 165.224 147.2
internal_count=83146 80907 78306 61985 61570 16321 13172 3295 415 1090 189
is_linear=0
shrinkage=0.05


Tree=209
num_leaves=13
num_cat=2
split_feature=6 2 0 1 2 0 3 1 3 1 1 1
split_gain=10572.3 3469.05 2094.26 6231.21 3969.92 4172.28 1474.32 307.299 270.11 72.7747 90.1477 4.48125
threshold=1.0000000180025095e-35 1.1050000000000002 1.0000000180025095e-35 12.576950000000002 10.185 10.371450000000001 0 14.959550000000002 1 14.919850000000002 13.529600000000002 14.320600000000001
decision_type=2 2 2 2 2 2 9 2 9 2 2 2
left_child=1 -1 3 -3 5 8 -5 9 -4 10 -8 -12
right_child=-2 2 4 6 -6 -7 7 -9 -10 -11 11 -13
leaf_value=-0.25339330187511938 -0.71208222998241855 0.73323887184195569 0.049560151510792606 0.25714614840822608 -0.29220968557197841 0.51961372722333932 0.034176742530178543 -0.11482277166431967 -0.070847367357104785 0.070270071440109147 -0.13042539256843574 -0.0779334688286661
leaf_weight=88.480455990589689 50.222662300295497 42.859985372437905 83.16263153264299 72.755218505859375 88.872745668879475 47.335338815853333 49.920925140866601 43.519784509231158 83.879708860403355 76.3280029296875 6.0399776995207999 12.439975266612242
leaf_count=2219 2239 61329 150 51 3377 1031 126 230 12061 5 187 141
internal_value=-0.0114883 0.0390953 0.0817224 0.174493 -0.0112361 0.105245 0.0827404 0.00159088 -0.0121764 0.0367062 -0.000747392 -0.0950899
internal_weight=745.817 695.595 607.114 303.864 303.25 214.378 261.004 188.249 167.042 144.729 68.4009 18.48
internal_count=83146 80907 78688 62069 16619 13242 740 689 12211 459 454 328
cat_boundaries=0 1 2
cat_threshold=16 16
is_linear=0
shrinkage=0.05


Tree=210
num_leaves=18
num_cat=1
split_feature=2 1 1 0 3 1 0 1 1 5 0 1 1 2 1 1 1
split_gain=6783.51 429096 7036.06 9757.87 3927.4 982767 2.87532e+07 1.84872e+06 4319.24 630584 1847.32 725.373 118.017 19.1948 13.7305 5.34103 0.458533
threshold=2.8950000000000005 15.070250000000003 16.434000000000001 11.397250000000001 0 14.919850000000002 1.0000000180025095e-35 14.717500000000003 12.576950000000002 1.0000000180025095e-35 11.326000000000002 15.317600000000001 13.175050000000001 7.4750000000000005 13.529600000000002 14.752250000000002 14.320600000000001
decision_type=2 2 2 2 9 2 2 2 2 2 2 2 2 2 2 2 2
left_child=1 -1 3 4 8 6 7 -6 9 -2 -7 12 -10 15 -15 -14 -16
right_child=2 -3 -4 -5 5 10 -8 -9 11 -11 -12 -13 13 14 16 -17 -18
leaf_value=-0.056739858389708575 -0.021170669729807481 -33.68298721953051 0.8017761302498958 -0.8352513472443015 -873.81558458242762 -0.22147129871589538 -6493.3441242793315 -5.894183974048036 0.1303435174029485 80.176557560885058 0.11868628094139251 0.29098179318824785 0.078711960520586197 0.052702251625696209 -0.0067179433300726087 0.059478555977204375 0.0091689676910358033
leaf_weight=88.508552551269673 23.966154141969756 0.95899925118769047 29.56517219543457 32.15973126452684 0.0064662676326734383 74.280682735586254 0.0017556303573817147 0.11994308988322031 82.424309891037154 0.24764160872325547 86.269737243652344 46.904491388627207 82.101852416992173 48.798450470440102 6.826842039823533 64.414981539295908 13.569504929386667
leaf_count=4117 5663 837 236 1599 54954 995 9421 67 133 4300 11 202 306 42 143 44 76
internal_value=-0.0114023 -0.417178 0.0499571 0.0104127 0.061733 -0.140435 -138.55 -50.2913 0.149461 0.799035 -0.0386919 0.108207 0.0794521 0.0600063 0.0383027 0.0702561 0.00385147
internal_weight=681.125 89.4676 591.658 562.093 529.933 160.679 0.128165 0.126409 369.254 24.2138 160.55 345.04 298.136 215.712 69.1948 146.517 20.3963
internal_count=83146 4954 78192 77956 76357 65448 64442 55021 10909 9963 1006 946 744 611 261 350 219
cat_boundaries=0 1
cat_threshold=20
is_linear=0
shrinkage=0.05


Tree=211
num_leaves=13
num_cat=2
split_feature=1 3 2 1 1 0 3 1 1 1 1 5
split_gain=36064 171947 5896.03 2980.83 2149.98 1521.26 1276.83 593.954 353.966 308.257 70.1651 16.4559
threshold=14.631350000000003 0 7.3650000000000011 16.434000000000001 12.576950000000002 0.52765000000000006 1 13.529600000000002 14.320600000000001 14.994250000000003 13.175050000000001 1.0000000180025095e-35
decision_type=2 9 2 2 2 2 9 2 2 2 2 2
left_child=1 4 -2 5 -1 6 -4 10 -9 -8 -6 -12
right_child=2 -3 3 -5 7 -7 9 8 -10 -11 11 -13
leaf_value=0.55032372407865748 -0.35153502594854547 2.9509008363739002 0.28739967860484089 0.45142143714518551 0.11707879189493714 -0.12903437044567764 0.070401209275847795 -0.4939749637056367 -0.050934861982575089 -0.10204411320671812 0.072177712126293495 0.03494491168484095
leaf_weight=24.445443338602047 88.374589537984377 57.879009246826286 62.404376983642578 53.213287353515625 84.965820048798221 87.743510663328664 80.344956282235216 6.8699068725109109 13.114855766296387 38.253453160886124 80.25807189985936 47.087226867675781
leaf_count=11763 1879 66857 26 189 210 1009 73 593 153 232 23 139
internal_value=0.319022 0.721764 0.0102228 0.109522 0.100387 0.0418235 0.124649 0.0573597 -0.203233 0.0136304 0.0818893 0.0584105
internal_weight=724.955 314.62 410.334 321.96 256.741 268.746 181.003 232.296 19.9848 118.598 212.311 127.345
internal_count=83146 79738 3408 1529 12881 1340 331 1118 746 305 372 162
cat_boundaries=0 1 2
cat_threshold=20 16
is_linear=0
shrinkage=0.05


Tree=212
num_leaves=14
num_cat=0
split_feature=1 1 0 2 1 5 6 1 0 1 4 0 2
split_gain=46779.4 174984 99568.1 46534.3 95263.8 6.31323e+07 5982.75 4066.58 2809.61 1294.18 1010.26 218.581 167.625
threshold=14.631350000000003 14.320600000000001 0.69060000000000021 5.0550000000000006 13.356150000000001 1.0000000180025095e-35 1.0000000180025095e-35 13.649400000000002 11.326000000000002 15.070250000000003 1.0000000180025095e-35 10.969800000000001 10.655000000000003
decision_type=2 2 2 2 2 2 2 2 2 2 2 2 2
left_child=1 3 -3 10 5 -5 8 -6 9 11 -1 12 -2
right_child=6 2 -4 4 7 -7 -8 -9 -10 -11 -12 -13 -14
leaf_value=0.17437484656804303 -0.048126910447373689 7.709355361419779 -0.74174835202946399 0.85981197966129097 0.4295914518134602 2476.6075339558506 -0.41666538811237946 1.5153196709169767 0.34213826447172818 -0.24449062244089223 -0.073289402244440666 0.12417823591097657 0.067175985433956184
leaf_weight=78.410011291503892 52.647633743672287 13.744811058044435 4.66921043395996 15.004748344835658 46.208622083067894 0.025794350413257727 68.549864415862771 10.603384301068791 86.1234055713619 41.247147770104874 86.711858789041074 84.070714436471462 78.550128263157944
leaf_count=7377 296 132 401 63143 139 5804 1588 515 531 881 2227 37 75
internal_value=0.339833 0.871334 5.56642 0.506489 1.56874 5.10851 0.00973247 0.632232 0.0950395 0.0120777 0.0443168 0.0612383 0.0209067
internal_weight=666.567 255.378 18.414 236.964 71.8425 15.0305 411.189 56.812 342.639 256.516 165.122 215.268 131.198
internal_count=83146 79738 533 79205 69601 68947 3408 654 1820 1289 9604 408 371
is_linear=0
shrinkage=0.05


Tree=213
num_leaves=11
num_cat=2
split_feature=3 0 0 0 0 5 3 0 4 4
split_gain=26655.2 82550.5 4919.58 4324.43 4563.03 1873.13 1684.44 1802.51 1350.16 129.524
threshold=0 6.4496000000000011 6.0706500000000014 11.826750000000002 11.681300000000002 1.0000000180025095e-35 1 6.0091500000000009 1.0000000180025095e-35 1.0000000180025095e-35
decision_type=9 2 2 2 2 2 9 2 2 2
left_child=2 -2 5 4 8 -1 -7 9 -3 -8
right_child=1 3 -4 -5 -6 6 7 -9 -10 -11
leaf_value=-0.8087523697935487 2.0007738984962447 0.1751533049639056 -0.45322922102992957 -0.92883532349244635 0.55857625217112461 0.25769179014622856 -0.15367900406139345 0.11800561564387704 -0.10293288395383074 -0.27845218307601999
leaf_weight=6.6881186072344567 76.717581286792637 86.04959541778814 73.675623951983084 9.5217534725094293 54.384925842588842 54.267177581787109 48.706111512756479 85.681251525878906 88.580436728045441 36.301126441918314
leaf_count=5707 65555 1320 4196 1071 78 146 2722 24 1364 963
internal_value=0.243743 0.556434 -0.0942607 0.115236 0.158645 0.0158421 0.040358 -0.0414103 0.0340951 -0.206962
internal_weight=620.574 315.254 305.319 238.537 229.015 231.644 224.956 170.688 174.63 85.0072
internal_count=83146 69388 13758 3833 2762 9562 3855 3709 2684 3685
cat_boundaries=0 1 2
cat_threshold=20 16
is_linear=0
shrinkage=0.05


Tree=214
num_leaves=10
num_cat=2
split_feature=3 6 2 2 2 2 4 3 5
split_gain=27635.1 31263.1 59448.1 140254 570.363 1272 1060.43 1073.05 126.507
threshold=0 1.0000000180025095e-35 0.74500000000000011 10.615 3.2850000000000006 3.2450000000000006 1.0000000180025095e-35 1 1.0000000180025095e-35
decision_type=9 2 2 2 2 2 2 9 2
left_child=4 2 -2 -4 5 -1 -6 -8 -9
right_child=1 -3 3 -5 6 -7 7 8 -10
leaf_value=-0.15840807080924924 -0.10352502469283889 -0.29502113637351907 5.1998723792415866 0.83543075458610405 -0.33245932717148019 0.11349303018946638 0.11503761667099771 -0.083961299553506244 -0.25452817489016705
leaf_weight=84.853382854070787 87.972038269042883 72.944465656478712 22.186907026627424 108.06543707304753 53.815079360404383 87.234153747558594 45.782686341699446 14.320947992677842 45.124679126048022
leaf_count=2606 992 1628 64985 1783 6209 157 448 2790 1548
internal_value=0.236734 0.581145 0.900646 1.57886 -0.0812096 -0.0205767 -0.151922 -0.0595923 -0.182703
internal_weight=622.3 291.169 218.224 130.252 331.131 172.088 159.043 105.228 59.4456
internal_count=83146 69388 67760 66768 13758 2763 10995 4786 4338
cat_boundaries=0 1 2
cat_threshold=20 16
is_linear=0
shrinkage=0.05


Tree=215
num_leaves=10
num_cat=2
split_feature=3 1 1 2 3 1 2 2 4
split_gain=35009.4 654451 40004.8 11324.9 19314.5 2611.96 8215.62 15.6392 7.31167
threshold=0 14.959550000000002 13.079150000000002 7.995000000000001 1 13.262450000000001 0.84500000000000008 3.2450000000000006 1.0000000180025095e-35
decision_type=9 2 2 2 9 2 2 2 2
left_child=1 -1 -2 5 8 7 -7 -4 -5
right_child=2 -3 3 4 -6 6 -8 -9 -10
leaf_value=13.786149335679747 -2.4302513005138464 -0.25825138481187526 0.077313687001791906 0.05064915947550256 1.09233448519545 0.074284642946473023 -0.77458893292219755 0.10719256565013358 0.025778042508462658
leaf_weight=9.2887384584401911 15.460820007764765 77.52611085492191 87.005577087402287 65.096573022425218 63.345118095981903 86.989021397486553 42.394388360489657 88.182373046875 54.116981374860231
leaf_count=1983 76565 1213 57 118 709 650 1646 35 170
internal_value=0.246135 1.11589 0.072258 0.153167 0.46456 -0.03348 -0.203861 0.0923535 0.0363129
internal_weight=589.406 86.8148 502.591 487.13 182.559 304.571 129.383 175.188 119.214
internal_count=83146 3196 79950 3385 997 2388 2296 92 288
cat_boundaries=0 1 2
cat_threshold=256 4
is_linear=0
shrinkage=0.05


Tree=216
num_leaves=9
num_cat=1
split_feature=3 1 2 1 5 1 2 1
split_gain=38854.8 7900.06 8907.85 10875.4 2394.68 1678.31 1500.32 1645.31
threshold=0 13.079150000000002 7.995000000000001 14.578600000000002 1.0000000180025095e-35 16.577300000000005 0.84500000000000008 13.175050000000001
decision_type=9 2 2 2 2 2 2 2
left_child=-1 -2 4 -4 -3 -5 -6 -8
right_child=1 2 3 5 6 -7 7 -9
leaf_value=1.1589126173009752 -0.39739514687617428 -0.25477858392928027 1.0101330788600886 0.37271023883266147 0.21754391553102279 0.036141553272290343 0.10137909159652617 -0.22550051027960311
leaf_weight=83.666718985193896 80.873367346737837 85.987324661102264 52.789516952306059 63.768162495054838 87.740371807738171 88.366989135742188 88.564804077148438 68.092986326136639
leaf_count=3196 76565 886 355 504 353 138 24 1125
internal_value=0.210761 0.0622019 0.132799 0.391779 -0.0278364 0.177216 0.0520094 -0.0407026
internal_weight=699.85 616.184 535.31 204.925 330.385 152.135 244.398 156.658
internal_count=83146 79950 3385 997 2388 642 1502 1149
cat_boundaries=0 1
cat_threshold=256
is_linear=0
shrinkage=0.05


Tree=217
num_leaves=9
num_cat=1
split_feature=3 1 2 1 1 5 2 1
split_gain=63453.4 6981.61 10960.3 32058.8 2175.69 2100.58 1339.81 1366.7
threshold=0 13.079150000000002 7.995000000000001 14.578600000000002 16.577300000000005 1.0000000180025095e-35 0.84500000000000008 13.175050000000001
decision_type=9 2 2 2 2 2 2 2
left_child=-1 -2 5 -4 -5 -3 -7 -8
right_child=1 2 3 4 -6 6 7 -9
leaf_value=1.796895869749642 -0.34763609498895809 -0.23523072696767977 2.1743577399253398 0.44399679744665277 0.034283273243293104 0.20465773332012108 0.096425651648216759 -0.19355111786311324
leaf_weight=48.245190725759514 87.606458458978693 88.398668905567376 23.66820875151376 51.119673166543919 88.495330810546875 88.570411810951327 88.459480285644531 75.156915824068506
leaf_count=3196 76565 886 355 504 138 353 24 1125
internal_value=0.22309 0.0632686 0.135967 0.472762 0.184299 -0.0254985 0.0480187 -0.0367747
internal_weight=639.72 591.475 503.869 163.283 139.615 340.585 252.187 163.616
internal_count=83146 79950 3385 997 642 2388 1502 1149
cat_boundaries=0 1
cat_threshold=256
is_linear=0
shrinkage=0.05


Tree=218
num_leaves=8
num_cat=2
split_feature=3 1 6 3 11 1 1
split_gain=189532 6542.02 6821.62 7767.18 20106.4 449.944 95.6791
threshold=0 13.079150000000002 1.0000000180025095e-35 1 1.0000000180025095e-35 15.070250000000003 13.175050000000001
decision_type=9 2 2 9 2 2 2
left_child=-1 -2 3 5 -5 6 -3
right_child=1 2 -4 4 -6 -7 -8
leaf_value=4.9415371698950814 -0.32800827318276909 0.092158086529179381 -0.2537981474835555 1.023517859835813 -0.07073606122360615 -0.13600986776581594 0.018939234375879015
leaf_weight=10.708626979350065 88.1679987494025 87.939811706542969 88.810483793068045 88.121398845808756 80.172462463378906 37.263250325897161 90.571385875783562
leaf_count=3196 76565 36 988 703 632 214 812
internal_value=0.245117 0.0662197 0.141124 0.232444 0.474064 0.0210456 0.055009
internal_weight=571.755 561.047 472.879 384.068 168.294 215.774 178.511
internal_count=83146 79950 3385 2397 1335 1062 848
cat_boundaries=0 1 2
cat_threshold=256 6
is_linear=0
shrinkage=0.05


Tree=219
num_leaves=10
num_cat=1
split_feature=3 6 1 0 5 1 5 1 1
split_gain=41479.6 97879.3 2.35427e+08 6290.55 3316.05 1360.46 134.862 3279.92 247.398
threshold=0 1.0000000180025095e-35 14.631350000000003 1.0000000180025095e-35 1.0000000180025095e-35 15.317600000000001 1.0000000180025095e-35 15.028300000000002 13.649400000000002
decision_type=9 2 2 2 2 2 2 2 2
left_child=3 2 -2 5 -5 6 -1 8 -8
right_child=1 -3 -4 4 -6 -7 7 -9 -10
leaf_value=0.1051836815384488 3327.549670153644 -0.27637494562989978 0.070393415133126538 -0.044967846156960617 -0.50073184336628984 0.38130623502483735 -1.5039315755790064 0.074915491843105822 -3.4645151284297846
leaf_weight=83.960433960822968 0.053189908768117244 86.845618494826923 87.450905933039081 73.450538302531669 87.398736663134684 40.995671881540744 2.7986152842640872 82.07064488530159 0.17071884343749832
leaf_count=4094 66453 1628 1307 2599 4714 110 2116 14 111
internal_value=0.25292 0.863284 2.09302 -0.0558103 -0.292611 0.122913 0.0602321 0.0158511 -1.61665
internal_weight=545.195 174.35 87.5041 370.845 160.849 209.996 169 85.04 2.96933
internal_count=83146 69388 67760 13758 7313 6445 6335 2241 2227
cat_boundaries=0 1
cat_threshold=20
is_linear=0
shrinkage=0.05


Tree=220
num_leaves=14
num_cat=1
split_feature=3 6 1 1 4 1 1 1 1 1 1 1 2
split_gain=9233.11 3.04646e+06 394625 854769 6977.37 14223.5 93721.6 58816.9 774880 2609.04 1264.38 1153.83 812.891
threshold=0 1.0000000180025095e-35 15.447300000000002 15.546550000000002 1.0000000180025095e-35 13.589700000000002 14.233800000000002 15.238200000000001 14.959550000000002 13.079150000000002 15.447300000000002 15.028300000000002 7.3650000000000011
decision_type=9 2 2 2 2 2 2 2 2 2 2 2 2
left_child=10 2 4 -4 -2 9 -7 8 -8 -6 11 -1 -13
right_child=1 -3 3 -5 5 6 7 -9 -10 -11 -12 12 -14
leaf_value=-0.067332354861075402 -0.97928041302140789 -196.58451696234502 -25.227446220379598 200.68298215428052 -0.29162892831788578 -0.80968596222127953 -397.87741321123963 -8.3319367029973872 -17.002495325015328 0.084882957072526688 -0.13144739531196103 0.062725427385237037 0.28386040859659939
leaf_weight=74.796820244009723 30.529225444613616 0.19769389616385424 0.093359075486649679 0.075922116216541102 85.77726950888993 5.2282634079456365 0.014449871458249969 0.23019417716223955 0.17607253239518825 99.247918844238285 82.024627867733273 86.405342102050781 80.068977355957031
leaf_count=500 72098 1913 74 544 6038 442 493 104 149 182 515 58 36
internal_value=-0.137711 -0.377268 -0.21909 76.0927 -0.277489 -0.165124 -2.63661 -25.3399 -45.8894 -0.0896671 0.0369943 0.0957926 0.169084
internal_weight=544.866 221.57 221.373 0.169281 221.203 190.674 5.64898 0.420717 0.190522 185.025 323.296 241.271 166.474
internal_count=83146 82037 80124 618 79506 7408 1188 746 642 6220 1109 594 94
cat_boundaries=0 1
cat_threshold=18
is_linear=0
shrinkage=0.05


Tree=221
num_leaves=10
num_cat=2
split_feature=0 3 1 1 5 0 1 3 2
split_gain=15396.2 22891.8 9703.14 7.90422e+06 5289.42 5028.76 4341.47 3199.39 1411.62
threshold=1.0000000180025095e-35 0 14.959550000000002 14.200250000000002 1.0000000180025095e-35 10.969800000000001 14.163950000000002 1 10.655000000000003
decision_type=2 9 2 2 2 2 2 9 2
left_child=2 5 3 4 -1 -2 -6 -4 -7
right_child=1 -3 7 -5 6 8 -8 -9 -10
leaf_value=0.21628454175267328 -0.2789333486866416 -0.91923059955953035 0.23459520407532244 299.96115230857981 -1.3615628934057793 0.048552936381780466 0.042582401838802492 -0.22487007786687152 0.34186764923849172
leaf_weight=79.810256958723272 88.067526504616865 76.833928208199097 72.042732238769531 0.22013290103387717 11.003039442002745 85.478428080721642 11.016717910766602 60.582990563708734 78.865272425115108
leaf_count=59078 5877 13363 87 314 3019 376 9 593 430
internal_value=-0.00198255 -0.22255 0.307469 0.673991 0.027001 0.0249484 -0.659054 0.0254463 0.189309
internal_weight=563.921 329.245 234.676 102.05 101.83 252.411 22.0198 132.626 164.344
internal_count=83146 20046 63100 62420 62106 6683 3028 680 806
cat_boundaries=0 1 2
cat_threshold=6 16
is_linear=0
shrinkage=0.05


Tree=222
num_leaves=8
num_cat=0
split_feature=0 2 4 5 5 2 2
split_gain=13614.3 7590.22 10501.7 34536.9 6378.53 14961.8 2702.59
threshold=1.0000000180025095e-35 10.655000000000003 1.0000000180025095e-35 1.0000000180025095e-35 1.0000000180025095e-35 1.0000000180025095e-35 8.0050000000000008
decision_type=2 2 2 2 2 2 2
left_child=1 -1 -3 -4 6 -6 -2
right_child=4 2 3 -5 5 -7 -8
leaf_value=-0.19727095941941353 -0.18528998804205812 -0.076296983497774598 0.087030953879516912 1.7839343918032693 0.048356306725654136 -0.89164364200158053 0.2088189444774875
leaf_weight=64.398513807791801 88.069090916316767 68.130344449853055 84.517061200848204 46.473424850096208 84.657058715820284 84.670508815791067 85.956108093261733
leaf_count=59174 9924 1681 1761 484 92 7896 2134
internal_value=0.00426411 0.274587 0.427193 0.689066 -0.203206 -0.421681 0.00937188
internal_weight=606.872 263.519 199.121 130.99 343.353 169.328 174.025
internal_count=83146 63100 3926 2245 20046 7988 12058
is_linear=0
shrinkage=0.05


Tree=223
num_leaves=9
num_cat=1
split_feature=1 1 0 1 1 3 1 1
split_gain=15281 14672.9 9176.66 142818 757620 3610.94 1913.17 1073.07
threshold=13.079150000000002 15.447300000000002 1.0000000180025095e-35 14.959550000000002 14.163950000000002 0 14.994250000000003 15.317600000000001
decision_type=2 2 2 2 2 9 2 2
left_child=-1 2 3 4 -2 6 -4 -5
right_child=1 -3 5 7 -6 -7 -8 -9
leaf_value=-0.60548749297440585 -0.63347337163457451 -0.46115632186552463 0.43516720624433242 0.026769864363919191 34.975447621019278 -0.19000760105129533 0.063162919279621574 0.30218646387125303
leaf_weight=85.961544683626926 7.3768062144621149 88.174552229077563 58.844954403117313 70.870849776035442 1.8730027680045012 86.103556686906074 83.75315856944475 70.594642417101227
leaf_count=77533 326 1810 793 150 332 2047 92 63
internal_value=0.00721202 0.11985 0.254873 0.55778 6.57701 0.0552557 0.202476 0.164209
internal_weight=553.553 467.592 379.417 150.715 9.24981 228.702 142.598 141.465
internal_count=83146 5613 3803 871 658 2932 885 213
cat_boundaries=0 1
cat_threshold=6
is_linear=0
shrinkage=0.05


Tree=224
num_leaves=8
num_cat=1
split_feature=0 3 2 4 5 0 2
split_gain=15119.1 18518.6 10786.3 19234.8 158021 4627.29 1336.58
threshold=1.0000000180025095e-35 0 10.655000000000003 1.0000000180025095e-35 1.0000000180025095e-35 10.969800000000001 10.655000000000003
decision_type=2 9 2 2 2 2 2
left_child=2 5 -1 -4 -5 -2 -7
right_child=1 -3 3 4 -6 6 -8
leaf_value=-0.17325540263530292 -0.29439670454072309 -0.80139848877464426 -0.097858068303139159 0.13196195146973708 6.0537903857005784 0.042178494635056608 0.32806759788549988
leaf_weight=70.016944901031593 73.185649243057071 82.702881854691952 60.547858607458167 71.144025152102984 13.384699202153696 82.449832805126789 81.092141505330801
leaf_count=59174 5877 13363 1681 1761 484 376 430
internal_value=0.0123555 -0.205855 0.336414 0.582392 1.06965 0.0345956 0.183936
internal_weight=534.524 319.431 215.094 145.077 84.5287 236.728 163.542
internal_count=83146 20046 63100 3926 2245 6683 806
cat_boundaries=0 1
cat_threshold=6
is_linear=0
shrinkage=0.05


Tree=225
num_leaves=7
num_cat=1
split_feature=1 2 6 1 3 0
split_gain=16521.7 24725.2 41040.1 11223.5 11552 14.1073
threshold=13.079150000000002 8.0050000000000008 1.0000000180025095e-35 13.262450000000001 0 7.3795000000000011
decision_type=2 2 2 2 9 2
left_child=-1 3 -3 5 -5 -2
right_child=1 2 -4 4 -6 -7
leaf_value=-0.66665549183262351 0.20061489157359183 1.6116432458301528 -0.055707118507740995 0.036661042146962385 -0.81515660490169162 0.23461289739845617
leaf_weight=75.191743395793992 63.610591888427678 64.115689733607894 86.96246337890625 81.506294250488281 75.342366141487616 58.641239166259766
leaf_count=77533 48 1088 996 72 3346 63
internal_value=0.0171493 0.136673 0.651896 -0.142219 -0.422144 0.216923
internal_weight=505.37 430.179 151.078 279.1 156.849 122.252
internal_count=83146 5613 2084 3529 3418 111
cat_boundaries=0 1
cat_threshold=2
is_linear=0
shrinkage=0.05


Tree=226
num_leaves=10
num_cat=1
split_feature=1 0 1 0 1 3 4 1 0
split_gain=20430.3 2.58449e+07 2.03554e+08 2.17546e+08 15817.9 20747.5 20487.9 2206.92 1118.62
threshold=13.079150000000002 1.0000000180025095e-35 12.934450000000002 5.7073500000000008 14.994250000000003 0 1.0000000180025095e-35 15.447300000000002 4.2924500000000014
decision_type=2 2 2 2 2 9 2 2 2
left_child=1 -1 3 -3 6 7 -2 8 -6
right_child=4 2 -4 -5 5 -7 -8 -9 -10
leaf_value=0.18444181513873834 -0.049969178229366945 -4860.5016942057291 -9.7467212506491077 -28451.302054642718 0.29714699083494417 -1.3298592787059886 1.1733014785951603 -0.13627740564275112 0.03975749447412591
leaf_weight=53.239330291916531 66.57390594482419 0.0044850874692191614 0.045933704823255539 0.0012495012488216162 88.581184387207031 19.61589398200735 70.451288862832115 86.244506839208185 80.641334533691406
leaf_count=61762 1270 10935 51 4785 17 2111 1619 515 81
internal_value=0.0209405 -0.900299 -1118.62 -10000.7 0.140069 -0.0785597 0.578974 0.0669558 0.174491
internal_weight=465.399 53.291 0.0516683 0.00573459 412.108 275.083 137.025 255.467 169.223
internal_count=83146 77533 15771 15720 5613 2724 2889 613 98
cat_boundaries=0 1
cat_threshold=18
is_linear=0
shrinkage=0.05


Tree=227
num_leaves=7
num_cat=0
split_feature=1 2 1 2 1 0
split_gain=67721.3 25244.4 38186.8 11105.6 3048.64 194.466
threshold=12.576950000000002 8.0050000000000008 15.447300000000002 2.8950000000000005 13.262450000000001 7.3795000000000011
decision_type=2 2 2 2 2 2
left_child=-1 3 -3 -2 5 -5
right_child=1 2 -4 4 -6 -7
leaf_value=1.8990902151615217 -0.61076715410781524 1.7217380781659282 0.028499939767342261 0.087318664258142373 -0.202559242727643 0.18214089185685178
leaf_weight=59.500709533893996 79.659280358211504 55.174880478766937 83.979171752934434 87.778068542480497 86.646415092663773 140.80853271484375
leaf_count=77229 1863 1490 706 74 1710 74
internal_value=0.299041 0.120771 0.699872 -0.0832952 0.0499967 0.145729
internal_weight=593.547 534.046 139.154 394.892 315.233 228.587
internal_count=83146 5917 2196 3721 1858 148
is_linear=0
shrinkage=0.05


Tree=228
num_leaves=9
num_cat=0
split_feature=1 2 1 1 2 6 0 0
split_gain=38785.2 32791.4 603909 8945.89 10281.1 7938.58 182.725 27.6814
threshold=12.576950000000002 8.0050000000000008 14.994250000000003 13.262450000000001 7.3650000000000011 1.0000000180025095e-35 7.3795000000000011 7.7317000000000009
decision_type=2 2 2 2 2 2 2 2
left_child=-1 3 -3 6 -5 -4 -2 -8
right_child=1 2 5 4 -6 -7 7 -9
leaf_value=1.2979253806755966 0.067135747226154258 20.612384264894573 1.2851551058575517 -0.72513523927074963 0.037188807972476763 -0.007607261117872419 0.18088337454878048 0.13806130888032095
leaf_weight=81.176208497446851 86.887512207031165 3.752190746027849 13.816861504206257 88.533333692351874 88.38078308106833 84.510169982910156 70.869392395019531 80.728706359863281
leaf_count=77229 151 1107 552 3140 278 537 7 145
internal_value=0.281802 0.122404 0.925316 -0.0749013 -0.344302 0.174051 0.124946 0.15808
internal_weight=598.655 517.479 102.079 415.4 176.914 98.327 238.486 151.598
internal_count=83146 5917 2196 3721 3418 1089 303 152
is_linear=0
shrinkage=0.05


Tree=229
num_leaves=8
num_cat=0
split_feature=1 2 1 1 2 1 0
split_gain=87671.2 24464.9 397839 18029.6 8681.02 2544.52 88.4256
threshold=12.576950000000002 8.0050000000000008 14.959550000000002 15.447300000000002 2.8950000000000005 13.262450000000001 7.3795000000000011
decision_type=2 2 2 2 2 2 2
left_child=-1 4 -3 -4 -2 6 -6
right_child=1 2 3 -5 5 -7 -8
leaf_value=2.5153252822526695 -0.54279748592771015 17.598469227648909 3.424571975401832 0.027325254335607042 0.081324129188321201 -0.19079943017776213 0.14418777420931225
leaf_weight=40.305908208079529 79.121942223204599 3.4061477413823971 4.0950117817171892 84.371299743653893 85.9898681640625 88.194179915560426 160.07238006591797
leaf_count=77229 1863 1076 414 706 74 1710 74
internal_value=0.271197 0.0921741 0.830196 0.18458 -0.0718496 0.0396287 0.122219
internal_weight=545.557 505.251 91.8725 88.4663 413.378 334.256 246.062
internal_count=83146 5917 2196 1120 3721 1858 148
is_linear=0
shrinkage=0.05


Tree=230
num_leaves=9
num_cat=0
split_feature=1 2 6 2 1 1 1 2
split_gain=929902 11772.7 3096.42 6084.97 25286.9 622334 650.439 59.2941
threshold=12.576950000000002 2.8950000000000005 1.0000000180025095e-35 8.0050000000000008 14.839450000000001 15.317600000000001 13.262450000000001 3.2450000000000006
decision_type=2 2 2 2 2 2 2 2
left_child=-1 -2 3 6 -5 -6 7 -3
right_child=1 2 -4 4 5 -7 -8 -9
leaf_value=23.57953704628353 -0.65826474898490506 0.13166715969479043 -0.19828337397205587 0.3268073191150776 -0.86957969271879154 86.748760013124055 -0.043310951930926954 0.080267697823587753
leaf_weight=4.2102928774528428 62.312404559376205 166.35154724121097 84.860282897949219 29.890933448915337 3.0441721140541889 0.2171168453482849 88.505701299128276 84.666732788085938
leaf_count=77229 1863 16 1612 556 181 432 1146 111
internal_value=0.176038 -0.013509 0.074301 0.13637 0.782935 4.96352 0.0732372 0.11433
internal_weight=524.059 519.849 457.536 372.676 33.1522 3.26129 339.524 251.018
internal_count=83146 5917 4054 2442 1169 613 1273 127
is_linear=0
shrinkage=0.05


Tree=231
num_leaves=8
num_cat=1
split_feature=6 0 3 11 0 0 0
split_gain=15725.9 68708.2 27243.3 1051.7 3548.61 592.356 1028.08
threshold=1.0000000180025095e-35 9.6184500000000011 0 1.0000000180025095e-35 0.39540000000000003 6.4496000000000011 7.5786000000000007
decision_type=2 2 9 2 2 2 2
left_child=1 2 3 4 -1 -6 -7
right_child=-2 -3 -4 -5 5 6 -8
leaf_value=0.67510592469909791 -0.45838152157188228 2.2563974616545628 -1.8595092902916943 0.031784587826433564 0.051239460620531641 0.33993485188405281 0.094545856142872198
leaf_weight=38.627548155740925 80.728507995831251 40.714145849900376 7.1667508164746883 88.352462768554688 83.123359269929011 83.154022216796861 87.69991302490844
leaf_count=6176 2239 3333 66082 798 2983 683 852
internal_value=0.181811 0.302327 0.0973452 0.17829 0.228621 0.160714 0.213976
internal_weight=509.567 428.838 388.124 380.957 292.605 253.977 170.854
internal_count=83146 80907 77574 11492 10694 4518 1535
cat_boundaries=0 1
cat_threshold=20
is_linear=0
shrinkage=0.05


Tree=232
num_leaves=8
num_cat=1
split_feature=1 2 6 3 2 1 1
split_gain=46731.2 10387.1 2229.54 1996.2 5638.18 1173.07 47.2097
threshold=13.079150000000002 2.8950000000000005 1.0000000180025095e-35 0 8.0050000000000008 13.175050000000001 13.356150000000001
decision_type=2 2 2 9 2 2 2
left_child=-1 -2 3 4 6 -5 -3
right_child=1 2 -4 5 -6 -7 -8
leaf_value=1.2021076467399681 -0.54604332947213996 0.10900567127619193 -0.20653662936103095 0.078609015240952249 0.73204342590732863 -0.21163591870370779 0.057279901818941818
leaf_weight=88.335765925475926 85.509106750893977 87.976585388183594 67.301681518554688 82.021881103515625 41.301349639895108 60.48346408541758 88.473066013401024
leaf_count=77533 1766 3 1565 30 200 1904 145
internal_value=0.1399 -0.0429821 0.0576272 0.106977 0.19711 -0.0416563 0.08307
internal_weight=601.403 513.067 427.558 360.256 217.751 142.505 176.45
internal_count=83146 5613 3847 2282 348 1934 148
cat_boundaries=0 1
cat_threshold=24
is_linear=0
shrinkage=0.05


Tree=233
num_leaves=8
num_cat=1
split_feature=6 0 3 0 11 0 5
split_gain=14135.3 23626 15379 1089.25 1824.05 522.588 95.8076
threshold=1.0000000180025095e-35 9.6184500000000011 0 6.5032000000000005 1.0000000180025095e-35 0.39540000000000003 1.0000000180025095e-35
decision_type=2 2 9 2 2 2 2
left_child=1 2 3 4 5 -1 -5
right_child=-2 -3 -4 6 -6 -7 -8
leaf_value=0.46950670145624973 -0.57401879910673514 0.97898736311133505 -0.99884882908004313 0.092743572895223447 0.055478581056929127 0.26748020730030658 0.013323297480346245
leaf_weight=53.28340942030259 60.348129272543645 87.951053439794975 21.224678685107619 88.51027679443618 88.577651977539062 80.174107962290904 66.506042480471564
leaf_count=6176 2239 3333 66082 456 512 3018 1330
internal_value=0.147727 0.237307 0.0735223 0.156235 0.231387 0.34814 0.0586702
internal_weight=546.575 486.227 398.276 377.051 222.035 133.458 155.016
internal_count=83146 80907 77574 11492 9706 9194 1786
cat_boundaries=0 1
cat_threshold=20
is_linear=0
shrinkage=0.05


Tree=234
num_leaves=7
num_cat=1
split_feature=1 2 1 3 2 1
split_gain=58334.4 12484.2 4518.31 10594 1644.36 127.475
threshold=13.079150000000002 2.8950000000000005 16.434000000000001 0 10.655000000000003 13.262450000000001
decision_type=2 2 2 9 2 2
left_child=-1 -2 3 4 5 -3
right_child=1 2 -4 -5 -6 -7
leaf_value=1.5326472725658498 -0.64156582785639582 0.085610005772047595 0.55242846285906477 -0.59738728973059096 0.33473539053256213 0.010938016208040503
leaf_weight=66.065737907015887 75.510159981027016 161.23109436035156 41.510509936906658 51.980376447234903 69.09750709360631 88.540847715546278
leaf_count=77533 1766 36 236 2575 357 643
internal_value=0.138314 -0.0505023 0.0577314 0.00235823 0.115246 0.0591398
internal_weight=553.936 487.87 412.36 370.85 318.869 249.772
internal_count=83146 5613 3847 3611 1036 679
cat_boundaries=0 1
cat_threshold=20
is_linear=0
shrinkage=0.05


Tree=235
num_leaves=8
num_cat=1
split_feature=1 1 2 1 3 2 1
split_gain=171346 3.25016e+08 9570.98 2684.48 6799.16 1159.96 119.388
threshold=13.079150000000002 12.415550000000001 2.8950000000000005 16.434000000000001 0 10.655000000000003 13.262450000000001
decision_type=2 2 2 2 9 2 2
left_child=1 -1 -2 4 5 6 -4
right_child=2 -3 3 -5 -6 -7 -8
leaf_value=8173.6552220516933 -0.52053971858599191 -0.064720757742433604 0.08290656036395945 0.36133531378009542 -0.37554134599493594 0.27702155955971491 0.010393927284407191
leaf_weight=0.012168737576753297 87.95755845718287 21.981735229497311 158.23951721191406 59.612297832910883 83.283098720256589 79.008196160465104 88.517474017574614
leaf_count=77153 1766 380 36 236 2575 357 643
internal_value=0.129084 4.45762 -0.0419514 0.0478694 0.00218666 0.106998 0.0568946
internal_weight=578.612 21.9939 556.618 468.661 409.048 325.765 246.757
internal_count=83146 77533 5613 3847 3611 1036 679
cat_boundaries=0 1
cat_threshold=20
is_linear=0
shrinkage=0.05


Tree=236
num_leaves=8
num_cat=2
split_feature=3 2 2 4 5 3 2
split_gain=21617.5 40120.7 21426.4 2938.86 9077.42 776.197 684.703
threshold=0 5.9050000000000011 3.2450000000000006 1.0000000180025095e-35 1.0000000180025095e-35 1 10.655000000000003
decision_type=9 2 2 2 2 9 2
left_child=3 2 -2 5 -5 -1 -6
right_child=1 -3 -4 4 6 -7 -8
leaf_value=0.093883968989716793 -1.0963059940952238 -1.2995158944440972 0.66452321748661813 0.73797401192802004 -0.022894519369836334 -0.10644224583326134 0.16493569745507358
leaf_weight=85.888877868652344 23.244683518197462 85.144296364131449 67.28691101076349 71.595701969163031 88.490104675293026 87.660102844252833 107.41358947753906
leaf_count=48 5125 68770 7382 572 364 659 226
internal_value=-0.0393734 -0.492341 0.212417 0.148839 0.256173 -0.00802501 0.0800924
internal_weight=616.724 175.676 90.5316 441.048 267.499 173.549 195.904
internal_count=83146 81277 12507 1869 1162 707 590
cat_boundaries=0 1 2
cat_threshold=26 2
is_linear=0
shrinkage=0.05


Tree=237
num_leaves=7
num_cat=3
split_feature=0 1 1 3 3 3
split_gain=26541 82565.5 80031.7 8038.17 3523.67 904.611
threshold=6.0091500000000009 13.079150000000002 14.839450000000001 0 1 2
decision_type=2 2 2 9 9 9
left_child=2 -2 -1 5 -4 -3
right_child=1 3 4 -5 -6 -7
leaf_value=-2.3217856217884929 2.0418655385770257 0.09465346509546213 0.22113716984144213 -0.63413523105746694 -0.19337818466492876 -0.093795808546166676
leaf_weight=46.103096008353447 53.470050811767578 174.80900806333443 88.543502807617188 45.087158468094913 96.885993060849813 88.368465089717915
leaf_count=73908 4562 70 115 3211 823 457
internal_value=-0.0394545 0.228101 -0.45747 -0.086505 0.00605196 0.0302597
internal_weight=593.267 361.735 231.533 308.265 185.429 263.177
internal_count=83146 8300 74846 3738 938 527
cat_boundaries=0 1 2 3
cat_threshold=18 16 2
is_linear=0
shrinkage=0.05


Tree=238
num_leaves=10
num_cat=1
split_feature=3 1 1 0 1 0 5 0 1
split_gain=34510.7 3.0298e+06 1.0535e+08 553288 181471 8046.01 1066.72 522.516 737.444
threshold=0 14.367050000000003 14.959550000000002 6.0091500000000009 13.079150000000002 11.681300000000002 1.0000000180025095e-35 1.0000000180025095e-35 15.028300000000002
decision_type=9 2 2 2 2 2 2 2 2
left_child=5 3 -3 -2 -5 6 -1 8 -8
right_child=1 2 -4 4 -6 -7 7 -9 -10
leaf_value=-0.11640690154328837 -14.776179022497232 -22.390356774751318 -5293.9545386745467 7.2062425248292428 -0.063162954941607258 0.56581776375091952 0.041196751663688358 -0.018960010723974522 0.2362227403480088
leaf_weight=88.58125422953475 6.09614706060239 0.49687111377716153 0.0096618730282765908 9.8626489639282209 66.280434354237514 88.329912835272125 109.33425140380899 87.9901275634885 87.073745727539062
leaf_count=770 73133 933 1954 4220 1037 442 78 454 125
internal_value=-0.0411619 -0.921511 -122.943 -0.282002 0.878427 0.133823 0.0351045 0.0822956 0.127658
internal_weight=544.055 82.7458 0.506533 82.2392 76.1431 461.309 372.979 284.398 196.408
internal_count=83146 81277 2887 78390 5257 1869 1427 657 203
cat_boundaries=0 1
cat_threshold=26
is_linear=0
shrinkage=0.05


Tree=239
num_leaves=6
num_cat=1
split_feature=1 0 1 11 3
split_gain=326741 48410.2 43188 1630.07 1979.92
threshold=15.154500000000002 9.6184500000000011 13.175050000000001 1.0000000180025095e-35 0
decision_type=2 2 2 2 9
left_child=1 2 -1 4 -4
right_child=-2 -3 3 -5 -6
leaf_value=-1.2781839690751338 3.5188609395653168 1.1618243574877416 0.035021041338424187 -0.060695360410869141 0.36200007716405375
leaf_weight=68.37119137460445 84.070988744882129 87.84673937383775 106.55479431152344 83.295700073242188 88.304088987652335
leaf_count=75795 2419 3187 79 938 728
internal_value=0.665681 0.11346 -0.152308 0.124435 0.203573
internal_weight=518.444 434.373 346.526 278.155 194.859
internal_count=83146 80727 77540 1745 807
cat_boundaries=0 1
cat_threshold=8
is_linear=0
shrinkage=0.05


Tree=240
num_leaves=6
num_cat=0
split_feature=0 2 11 4 0
split_gain=2.55729e+06 23265.8 29441.2 4078.37 1486.22
threshold=11.219900000000001 4.2750000000000012 1.0000000180025095e-35 1.0000000180025095e-35 10.476950000000002
decision_type=2 2 2 2 2
left_child=1 3 -3 4 -1
right_child=-2 2 -4 -5 -6
leaf_value=-0.0031787096778142128 32.161624858996888 1.2838694984152477 0.027809066250450494 -0.29120179606911256 0.30574161550566437
leaf_weight=87.211296081545441 6.3922983788179399 104.20916391474117 84.466323852539062 87.365851866081613 70.333656311035156
leaf_count=5807 2376 71417 917 2472 157
internal_value=0.767111 0.304266 0.721556 -0.0172078 0.134734
internal_weight=439.979 433.586 188.675 244.911 157.545
internal_count=83146 80770 72334 8436 5964
is_linear=0
shrinkage=0.05


Tree=241
num_leaves=5
num_cat=0
split_feature=0 1 0 1
split_gain=355842 96698.3 104038 1905.79
threshold=9.6184500000000011 14.919850000000002 6.0091500000000009 13.175050000000001
decision_type=2 2 2 2
left_child=1 2 -1 -4
right_child=-2 -3 3 -5
leaf_value=-2.7159057440931629 4.4471508633132251 1.656345972549806 0.34727001712445915 0.012268865676470975
leaf_weight=38.089660907899258 60.154306504913677 83.946367888944224 82.693841114640236 87.245559692382812
leaf_count=73952 4346 1490 2795 563
internal_value=0.945388 0.223936 -0.354087 0.175283
internal_weight=352.13 291.975 208.029 169.939
internal_count=83146 78800 77310 3358
is_linear=0
shrinkage=0.05


Tree=242
num_leaves=7
num_cat=1
split_feature=2 3 2 5 5 2
split_gain=1.89341e+06 113739 1.91019e+08 7.06273e+09 2349.41 1704.84
threshold=1.7050000000000003 0 4.2750000000000012 1.0000000180025095e-35 1.0000000180025095e-35 10.655000000000003
decision_type=2 9 2 2 2 2
left_child=-1 4 -3 -4 -2 -6
right_child=1 2 3 -5 5 -7
leaf_value=65.192261125183748 0.39262375593489085 -0.060729149321030677 568.55294038757722 112055.51622558465 -0.24093127370548167 0.1464027089084233
leaf_weight=1.1407934427634803 87.321202725173009 87.878135723993225 0.096579311416362112 0.001441783377686078 33.84745820528849 176.80290222167969
leaf_count=3219 429 5600 65243 7954 401 300
internal_value=0.871941 0.681821 2.15495 2208.4 0.168892 0.0841656
internal_weight=387.089 385.948 87.9762 0.0980211 297.972 210.65
internal_count=83146 79927 78797 73197 1130 701
cat_boundaries=0 1
cat_threshold=24
is_linear=0
shrinkage=0.05


Tree=243
num_leaves=8
num_cat=1
split_feature=2 0 2 1 1 1 3
split_gain=9.21654e+06 2.32912e+07 3.58412e+08 3.37519e+06 149343 31797.4 2245.29
threshold=1.7050000000000003 7.4536500000000006 5.1250000000000009 13.079150000000002 13.175050000000001 15.028300000000002 0
decision_type=2 2 2 2 2 2 9
left_child=-1 4 3 -3 -2 6 -6
right_child=1 2 -4 -5 5 -7 -8
leaf_value=309.62971153024523 -2.167757934556966 510.11947661944208 -7584.3949437993797 -70.565085840397941 0.080292135059800762 1.484709366072799 -0.22471851830893497
leaf_weight=0.23942643535616426 87.289329528808594 0.027969209477328394 0.016591029125270218 0.23764503428512285 174.70686340332031 40.664047241210938 79.803001403816552
leaf_count=3219 72844 422 4097 922 43 742 857
internal_value=-0.491923 -0.685919 -454.757 -9.41894 -0.350877 0.186414 -0.0210204
internal_weight=382.985 382.745 0.282205 0.265614 382.463 295.174 254.51
internal_count=83146 79927 5441 1344 74486 1642 900
cat_boundaries=0 1
cat_threshold=8
is_linear=0
shrinkage=0.05


Tree=244
num_leaves=4
num_cat=1
split_feature=1 3 0
split_gain=8.80981e+07 1.03924e+06 4658.24
threshold=15.154500000000002 0 7.3795000000000011
decision_type=2 9 2
left_child=1 2 -1
right_child=-2 -3 -4
leaf_value=0.019401413683986898 1129.2587671850044 -8.8157085823175692 0.46747226083145055
leaf_weight=184.22171592713335 0.17252106090745556 26.783990866084423 84.6629638671875
leaf_count=579 2419 79717 431
internal_value=-0.291725 -0.950812 0.15473
internal_weight=295.841 295.669 268.885
internal_count=83146 80727 1010
cat_boundaries=0 1
cat_threshold=24
is_linear=0
shrinkage=0.05


Tree=245
num_leaves=3
num_cat=1
split_feature=1 3
split_gain=559676 303322
threshold=15.028300000000002 0
decision_type=2 9
left_child=1 -1
right_child=-2 -3
leaf_value=0.12088875061140621 10.294057053530203 -3.5813696788443199
leaf_weight=172.24758911132812 11.227377016242825 72.987942746385102
leaf_count=542 2648 79956
internal_value=-0.622326 -1.1221
internal_weight=256.463 245.236
internal_count=83146 80498
cat_boundaries=0 1
cat_threshold=8
is_linear=0
shrinkage=0.05


Tree=246
num_leaves=3
num_cat=0
split_feature=1 1
split_gain=3.42897e+07 1.18371e+06
threshold=15.154500000000002 14.839450000000001
decision_type=2 2
left_child=1 -1
right_child=-2 -3
leaf_value=-12.584590629844426 699.94838823019825 -0.033967726078781686
leaf_weight=21.148740552300012 0.17441803894473551 168.22019361815185
leaf_count=80118 2419 609
internal_value=-0.790208 -1.43562
internal_weight=189.543 189.369
internal_count=83146 80727
is_linear=0
shrinkage=0.05


Tree=247
num_leaves=2
num_cat=0
split_feature=1
split_gain=1.23614e+07
threshold=15.154500000000002
decision_type=2
left_child=-1
right_child=-2
leaf_value=-1.5959048966004454 360.26700709860984
leaf_weight=169.46253427087734 0.23633372682405607
leaf_count=80727 2419
internal_value=-1.09195
internal_weight=169.699
internal_count=83146
is_linear=0
shrinkage=0.05


end of trees

feature_importances:
log_loan_bal=1979
tenure_years=1399
log_dep_bal=1381
segment=333
savings=239
current=203
mortgage=127
unsecured=96
ipf=39
overdraft=1

parameters:
[boosting: gbdt]
[objective: binary]
[metric: binary_logloss]
[tree_learner: serial]
[device_type: cpu]
[data_sample_strategy: bagging]
[data: ]
[valid: ]
[num_iterations: 300]
[learning_rate: 0.05]
[num_leaves: 31]
[num_threads: 8]
[seed: 42]
[deterministic: 0]
[force_col_wise: 0]
[force_row_wise: 0]
[histogram_pool_size: -1]
[max_depth: -1]
[min_data_in_leaf: 40]
[min_sum_hessian_in_leaf: 0.001]
[bagging_fraction: 0.8]
[pos_bagging_fraction: 1]
[neg_bagging_fraction: 1]
[bagging_freq: 0]
[bagging_seed: 400]
[bagging_by_query: 0]
[feature_fraction: 0.8]
[feature_fraction_bynode: 1]
[feature_fraction_seed: 30056]
[extra_trees: 0]
[extra_seed: 12879]
[early_stopping_round: 0]
[early_stopping_min_delta: 0]
[first_metric_only: 0]
[max_delta_step: 0]
[lambda_l1: 0]
[lambda_l2: 0]
[linear_lambda: 0]
[min_gain_to_split: 0]
[drop_rate: 0.1]
[max_drop: 50]
[skip_drop: 0.5]
[xgboost_dart_mode: 0]
[uniform_drop: 0]
[drop_seed: 17869]
[top_rate: 0.2]
[other_rate: 0.1]
[min_data_per_group: 100]
[max_cat_threshold: 32]
[cat_l2: 10]
[cat_smooth: 10]
[max_cat_to_onehot: 4]
[top_k: 20]
[monotone_constraints: ]
[monotone_constraints_method: basic]
[monotone_penalty: 0]
[feature_contri: ]
[forcedsplits_filename: ]
[refit_decay_rate: 0.9]
[cegb_tradeoff: 1]
[cegb_penalty_split: 0]
[cegb_penalty_feature_lazy: ]
[cegb_penalty_feature_coupled: ]
[path_smooth: 0]
[interaction_constraints: ]
[verbosity: -1]
[saved_feature_importance_type: 0]
[use_quantized_grad: 0]
[num_grad_quant_bins: 4]
[quant_train_renew_leaf: 0]
[stochastic_rounding: 1]
[linear_tree: 0]
[max_bin: 255]
[max_bin_by_feature: ]
[min_data_in_bin: 3]
[bin_construct_sample_cnt: 200000]
[data_random_seed: 175]
[is_enable_sparse: 1]
[enable_bundle: 1]
[use_missing: 1]
[zero_as_missing: 0]
[feature_pre_filter: 1]
[pre_partition: 0]
[two_round: 0]
[header: 0]
[label_column: ]
[weight_column: ]
[group_column: ]
[ignore_column: ]
[categorical_feature: 3]
[forcedbins_filename: ]
[precise_float_parser: 0]
[parser_config_file: ]
[objective_seed: 16083]
[num_class: 1]
[is_unbalance: 0]
[scale_pos_weight: 354.325]
[sigmoid: 1]
[boost_from_average: 1]
[reg_sqrt: 0]
[alpha: 0.9]
[fair_c: 1]
[poisson_max_delta_step: 0.7]
[tweedie_variance_power: 1.5]
[lambdarank_truncation_level: 30]
[lambdarank_norm: 1]
[label_gain: ]
[lambdarank_position_bias_regularization: 0]
[eval_at: ]
[multi_error_top_k: 1]
[auc_mu_weights: ]
[num_machines: 1]
[local_listen_port: 12400]
[time_out: 120]
[machine_list_filename: ]
[machines: ]
[gpu_platform_id: -1]
[gpu_device_id: -1]
[gpu_device_id_list: ]
[gpu_use_dp: 0]
[num_gpu: 1]

end of parameters

pandas_categorical:[["INSTITUTIONAL BANKING", "LARGE ENTERPRISES", "MASS", "MEDIUM ENTERPRISES", "PRIVATE", "PROJECT FINANCE", "SCHEME", "SMALL ENTERPRISES", "STANDARD", "Unsegmented", "VIRTUAL"]]
