tree
version=v4
num_class=1
num_tree_per_iteration=1
label_index=0
max_feature_idx=11
objective=binary sigmoid:1
feature_names=log_dep_bal log_loan_bal tenure_years segment current savings mortgage asset_finance overdraft cash_cover trade unsecured
feature_infos=[0:21.3825] [0:20.821400000000001] [0:10.66] -1:10:2:9:8:7:4:3:1:5:6 [0:1] [0:1] [0:1] [0:1] [0:1] none none [0:1]
tree_sizes=3282 3421 3441 3429 3405 3380 3359 3427 3381 3395 3404 3407 3383 3436 3415 3434 3439 3438 3430 3424 3433 3424 3405 3430 3426 3422 3404 3448 3453 3415 3395 3369 3359 3403 3430 3352 3420 3384 3414 3425 3407 3403 3388 3378 3401 3418 3445 3439 2675 3404 2243 3360 2395 1636 2548 1830 1724 1547 2083 1437 1336 1202 1019 1198 1121 1114 1102 1087 1119 1522 1314 1226 1228 1104 1206 1106 1222 1217 1216 1118 1221 1226 1103 1221 1229 1229 1221 1120 1110 1120 1006 1016 1011 1350 913 1224 904 904 1319 1442 795 802 700 668 588 701 897 584 470 1121 466 682 602 601 576 573 681 471 467 489 583 678 366 366 490 365 365 366 365 364 365 365 365 365 366 469 365 364 364 365 364 365 365 366 364 366 468 364 366 365 364 362 366 362 364 365 469 365 896 364 365 366 363 365 363 363 578 366 364 365 365 365 365 365 363 365 365 365 477 365 366 364 364 474 364 363 365 360 361

Tree=0
num_leaves=31
num_cat=0
split_feature=1 5 2 5 2 2 0 2 1 1 0 4 0 6 1 7 1 0 0 1 6 2 2 0 0 1 1 0 0 2
split_gain=1.5789e+07 397435 347352 271958 390941 225696 156471 112756 100823 134577 95550.2 70841.3 47669.6 111151 43016.6 49962.7 63681.1 51642.1 134823 71299.6 182637 131490 37534.7 14677.3 68120.3 13526.1 13508.9 40000.1 13794.2 75970.9
threshold=9.5470500000000023 1.0000000180025095e-35 5.3450000000000006 1.0000000180025095e-35 4.7750000000000012 2.7150000000000003 10.913500000000001 2.5050000000000003 4.2579000000000002 5.347900000000001 10.969800000000001 1.0000000180025095e-35 0.072350000000000012 1.0000000180025095e-35 13.356150000000001 1.0000000180025095e-35 13.692350000000001 0.21105000000000004 7.7974000000000006 15.546550000000002 1.0000000180025095e-35 8.0050000000000008 10.655000000000003 10.747100000000001 10.618350000000001 14.367050000000003 5.347900000000001 3.0450000000000004 5.3511000000000015 5.285000000000001
decision_type=2 2 2 2 2 2 2 2 2 2 2 2 2 2 2 2 2 2 2 2 2 2 2 2 2 2 2 2 2 2
left_child=1 6 5 4 12 -3 22 -5 -4 -10 -8 26 -2 -14 -9 16 -16 -18 -19 20 -20 25 -1 24 -21 -22 27 -7 -29 -30
right_child=3 2 8 7 -6 11 10 14 9 -11 -12 -13 13 -15 15 -17 17 18 19 23 21 -23 -24 -25 -26 -27 -28 28 29 -31
leaf_value=-6.2827390562218781 16.751468067517202 -6.2827390562218781 -6.2827390562218781 18.737353284752587 -6.2827390562218781 -6.2827390562218781 19.023725638588179 17.546520964104033 19.172267357054015 -6.2827390562218781 -6.2827390562218781 -6.2827390562218781 -6.2827390562218781 14.972032893867492 -6.2827390562218781 18.909386327062066 16.829802052876886 -6.2827390562218781 -6.2827390562218781 -6.2827390562218781 19.056584895894531 -6.2827390562218781 -2.4085204932521744 17.257559064749337 18.399583710926162 12.988542525036902 18.950102995182778 17.760970303268188 -6.2827390562218781 18.876907481404611
leaf_weight=128.95321408845484 7.7356410725042206 1.7061237283051038 8.8182335360907 96.650974092073739 2.8096257727593175 0.23087454121559892 1.0058658407069732 24.569075681269169 0.99999614898115341 1.0800232775509355 0.59283886430785049 0.39326934562996019 0.82762653334066305 2.395218207500875 0.38544308999553578 6.0625869389623395 11.013461594469847 0.91175878141075628 1.4282916532829393 0.38348652608692457 3.0136843943037093 0.69066705973818887 6.5703335967846206 7.5693331402726471 1.031301171518862 1.3208726299926636 2.0176013731397688 2.1173861324787144 0.42653093207627502 1.0117355324327946
leaf_count=65908 397 872 4507 1129 1436 118 6 871 3 552 303 201 423 208 197 50 548 466 730 196 16 353 2850 312 19 167 15 66 218 9
internal_value=6.49476 -4.97672 1.8404 17.0913 10.3567 9.82078 -5.91147 17.6894 -3.94705 5.95508 9.63947 14.254 14.6229 9.51381 15.9543 14.7974 13.899 14.1833 12.4005 13.5039 9.49465 13.979 -6.09491 16.3838 11.7093 17.2075 15.6455 13.8847 15.1943 11.4156
internal_weight=324.723 155.924 18.8018 168.799 13.7681 7.90352 137.122 155.031 10.8983 2.08002 1.5987 6.1974 10.9585 3.22284 58.38 33.8109 27.7483 27.3629 16.3494 15.4376 6.45352 5.02522 135.524 8.98412 1.41479 4.33456 5.80413 3.78653 3.55565 1.43827
internal_count=83146 75628 6561 7518 2464 1499 69067 5054 5062 555 309 627 1028 631 3925 3054 3004 2807 2259 1793 1266 536 68758 527 215 183 426 411 293 227
is_linear=0
shrinkage=1


Tree=1
num_leaves=31
num_cat=0
split_feature=1 0 5 1 11 1 1 1 1 0 6 1 0 0 0 6 0 0 0 1 6 0 11 1 0 11 0 1 0 1
split_gain=1.85002e+06 840877 6.79738e+06 2.62604e+07 2.55386e+06 947349 561969 310398 132414 814295 716500 611929 423821 396177 1.06764e+06 131979 123399 96937.9 91422 82631.6 72712.5 64262.1 53411 63322.9 147194 45239.8 38927.9 36933.5 26630.7 25943
threshold=9.7701000000000011 0.072350000000000012 1.0000000180025095e-35 13.649400000000002 1.0000000180025095e-35 13.444400000000002 13.356150000000001 12.057050000000002 15.546550000000002 10.618350000000001 1.0000000180025095e-35 16.577300000000005 12.248250000000002 11.287150000000002 11.326000000000002 1.0000000180025095e-35 11.397250000000001 12.798100000000002 12.410000000000002 11.813500000000003 1.0000000180025095e-35 10.660200000000001 1.0000000180025095e-35 13.079150000000002 10.660200000000001 1.0000000180025095e-35 9.2789500000000018 10.781950000000002 5.0176000000000007 13.933900000000001
decision_type=2 2 2 2 2 2 2 2 2 2 2 2 2 2 2 2 2 2 2 2 2 2 2 2 2 2 2 2 2 2
left_child=-1 2 19 5 20 -4 7 21 -8 -10 18 12 13 -12 -15 22 -17 -14 -11 -2 -5 27 -9 26 -25 -21 -24 -3 -29 -27
right_child=1 6 3 4 -6 -7 8 15 9 10 11 -13 17 14 -16 16 -18 -19 -20 25 -22 -23 23 24 -26 29 -28 28 -30 -31
leaf_value=-0.016057641530228369 -5.4221543186700636 -25.245334842223695 -367.10397552960103 -2260.6923699816307 -3627.7463563389997 -6.7657698978893812 -10.457145692404238 -62.695239295131877 -7.2473554709264141 -128.08414897766934 -454.74920042059097 -77.266890196638556 -193.38164484344185 -268.47173537984048 -1954.536543149984 -408.18056022155622 -120.708885290103 -435.203373307275 -46.614085536232587 -31.132932667639651 -1980.4441514744526 -114.54201491710663 -137.34250961429345 -314.40438698259169 -76.798713438047699 -53.772484560961857 -72.460805787334422 -29.589028927745677 -84.173369846212239 -115.75224510789104
leaf_weight=390.32938275726838 0.32575898314240692 0.24012465424558183 0.028061237245824877 0.0038484582267530598 0.0037627174099492686 0.052116863943124869 3.8771603058243818 0.044696162193371691 0.77807305924708625 0.048424591655179761 0.0056080988775031315 0.018778083905105269 0.0093104285463043723 0.0018627404646602841 0.0018930787587780884 0.0074730938491072152 0.0074590390473359136 0.007468627239074265 0.1191906661830604 0.37802152981883097 0.0058069138018366218 0.027949544767102985 0.050257691438781116 0.013042604483180398 0.013029550008241131 0.055842630932403381 0.042811344387541972 0.037238943693806981 0.055870351236558591 0.024200065800016546
leaf_count=76185 211 251 235 197 277 35 2932 84 539 154 56 40 41 11 78 67 23 70 182 444 256 82 165 90 27 90 85 43 127 69
internal_value=-0.449384 -27.3605 -72.7632 -475.496 -2522.76 -132.879 -19.9937 -68.3893 -14.6255 -30.9401 -117.677 -295.011 -451.414 -720.902 -1118.31 -122.274 -264.58 -301.02 -70.1511 -24.673 -2092.15 -41.7186 -109.305 -126.79 -195.661 -38.3635 -107.497 -35.6107 -62.3424 -72.5114
internal_weight=396.615 6.28514 0.877419 0.0935962 0.0134181 0.0801781 5.40772 0.539953 4.86777 0.990609 0.212536 0.0449211 0.026143 0.00936392 0.00375582 0.178769 0.0149321 0.0167791 0.167615 0.783823 0.00965537 0.361183 0.163837 0.119141 0.0260722 0.458064 0.093069 0.333234 0.0931093 0.0800427
internal_count=83146 6961 1814 1000 730 270 5147 1044 4103 1171 632 296 256 145 89 541 90 111 336 814 453 503 451 367 117 603 250 421 170 159
is_linear=0
shrinkage=0.05


Tree=2
num_leaves=31
num_cat=0
split_feature=1 1 0 1 2 0 2 0 2 7 0 0 1 1 0 0 2 1 0 0 0 2 1 0 2 0 4 2 0 1
split_gain=4.45441e+08 5.28966e+09 1.74314e+10 7.08351e+09 1.02258e+09 3.14518e+09 5.26502e+08 1.92849e+08 2.53256e+07 2.31024e+07 4.44894e+07 3.45654e+07 8.47166e+06 4.52166e+08 5.68764e+09 3.46009e+10 4.10303e+08 1.32443e+09 1.37708e+09 1.06228e+08 1.05496e+08 1.98681e+07 1.18507e+07 6.69374e+06 1.46988e+06 24707 23859.1 150969 52393.7 21651.6
threshold=15.512300000000002 15.9777 1.8578500000000002 16.577300000000005 0.41500000000000004 9.1646500000000017 1.0050000000000001 7.9489500000000008 7.3150000000000004 1.0000000180025095e-35 6.9426500000000013 5.5929000000000011 10.004750000000001 13.692350000000001 3.7644500000000005 0.072350000000000012 4.5050000000000008 10.361100000000002 8.0966500000000021 0.21105000000000004 1.8578500000000002 8.9050000000000029 13.356150000000001 4.4451500000000008 6.1150000000000011 7.7974000000000006 1.0000000180025095e-35 1.0050000000000001 6.6245000000000012 9.5470500000000023
decision_type=2 2 2 2 2 2 2 2 2 2 2 2 2 2 2 2 2 2 2 2 2 2 2 2 2 2 2 2 2 2
left_child=9 6 -3 4 -4 -6 7 -2 23 12 11 -11 29 14 15 -14 22 21 -19 -15 -17 -18 -16 -8 -25 26 27 28 -21 -1
right_child=1 2 3 -5 5 -7 8 -9 -10 10 -12 -13 13 19 16 20 17 18 -20 25 -22 -23 -24 24 -26 -27 -28 -29 -30 -31
leaf_value=0.0013876388127049997 10185.631303372393 208308.62933535152 -12.372160564648308 106828.67167266202 -329.67859868642245 88074.209532913737 465.86581440626497 2797.2264389385782 1114.3077433717124 820.55878970582694 14.851089370556801 137.5487211449948 266934.52720617404 556.7276266190878 534.10107253836395 9840.5511875668617 3512.2987153425188 11145.395824255673 74635.119741503629 -197.29692078410355 -62.306274356518102 -0.050022668606472712 -17.569149982859638 -5.3454450324552871 179.96240094452733 -0.4433614964819147 -4.5772010649125408 -5.4070483197886485 -64.368995828982506 -8.1663026850580973
leaf_weight=383.99107336794509 0.017420150129900197 0.001221500525561965 0.016100267775941524 0.0019010752764229482 0.0033361053907583478 0.0014405420423405989 0.10907704747786107 0.017914429301665841 0.068444644583533276 0.37179183244861436 1.6724921081365876 0.36916441924746835 0.0014238456962389267 0.86871328561063066 0.23827440971451214 0.0051582103397515176 0.0072472607719963169 0.0022838841600943262 0.0013642312227334741 0.014188211216071944 0.0056190767540186736 0.009059075965061383 0.16459288721331689 0.44461759214865781 0.14093217993708951 53.237362421231296 0.79960143520944627 0.16492097513580006 0.015523279825337966 0.81311092213786551
leaf_count=75624 50 253 20 179 93 280 75 59 363 78 54 14 496 706 352 44 33 149 341 61 70 55 125 239 47 1935 308 207 27 809
internal_value=5.6238 1168.19 24296.9 14429.1 6015.04 26331.2 472.962 6439.75 196.665 3.46435 157.738 480.265 2.61879 20.8744 1626.54 35282.2 655.357 7653.85 34887.7 8.19747 4677.39 1560.99 308.714 106.246 39.2551 -0.589206 -8.39861 -24.098 -127.846 -0.0158711
internal_weight=443.575 0.822406 0.0239995 0.022778 0.0208769 0.00477665 0.798406 0.0353346 0.763071 442.753 2.41345 0.740956 440.34 55.5353 0.435023 0.0122011 0.422822 0.0199545 0.00364812 55.1003 0.0107773 0.0163063 0.402867 0.694627 0.58555 54.2316 0.994234 0.194632 0.0297115 384.804
internal_count=83146 1658 825 572 393 373 833 109 724 81488 146 92 81342 4909 1665 610 1055 578 490 3244 114 88 477 361 286 2538 603 295 88 76433
is_linear=0
shrinkage=0.05


Tree=3
num_leaves=31
num_cat=0
split_feature=0 5 1 1 1 0 1 5 0 1 11 6 1 1 1 2 1 2 2 1 1 0 0 1 1 1 1 1 2 0
split_gain=400518 4.56479e+07 3.80733e+09 7.66944e+10 8.08951e+10 59487.3 466613 736760 99046.6 737656 44276.8 232874 196789 501026 23624.3 19582.9 50146.9 313872 340043 29205.1 552926 7.75448e+06 6792.16 4835.05 1.02118e+06 7.25911e+06 1.00578e+08 1.25623e+08 1.59987e+06 236970
threshold=0.072350000000000012 1.0000000180025095e-35 9.2798500000000015 9.6164500000000022 9.6849500000000024 11.506600000000001 15.512300000000002 1.0000000180025095e-35 11.219900000000001 15.477100000000002 1.0000000180025095e-35 1.0000000180025095e-35 11.203800000000003 14.069300000000002 9.5470500000000023 0.84500000000000008 15.730650000000002 2.4050000000000007 2.7150000000000003 14.449450000000002 13.649400000000002 10.129600000000002 6.2981000000000007 13.692350000000001 9.5106000000000019 9.5861000000000018 10.361100000000002 13.529600000000002 1.7050000000000003 5.6553000000000013
decision_type=2 2 2 2 2 2 2 2 2 2 2 2 2 2 2 2 2 2 2 2 2 2 2 2 2 2 2 2 2 2
left_child=1 14 -3 -4 -5 8 10 -8 15 -10 -7 12 -12 -14 -1 19 23 -18 -19 20 21 22 -2 24 -17 -26 29 -28 -29 -27
right_child=5 2 3 4 -6 6 7 -9 9 -11 11 -13 13 -15 -16 16 17 18 -20 -21 -22 -23 -24 -25 25 26 27 28 -30 -31
leaf_value=0.031032867571208683 -1.0703620321088279 -0.11390356337138732 -13.814032751017345 -583.19064838783447 542448.26752319105 -1.3844153651506179 -30.109859066082688 -247.2589418184441 -2.2349972879850903 88.563756966579746 -0.050092053558568828 0.050019625396264179 -759.69041316275161 -126.63607893255323 -1.745836610798345 -0.11204814559215955 -1.8078811783827142 -3.7086562364617834 -150.74901874388351 0.1457831536243536 -0.059781771562239572 412.77442840914102 -9.4851337323811045 -0.10351918480997047 -1.1557835021408971 -43.731520007787942 -21179.419554879172 -0.050004621094925039 -2744.7681846734567 -306.62759380149072
leaf_weight=302.49063067510684 1.0291393591833999 4.7013375916152418 0.054480858249007613 0.0013716465327888719 0.0013716465327888727 7.5838791785751862 0.21139841084977284 0.047915261751099503 1.4041845814005949 0.266067569152728 0.018343082629144004 0.20089081215213511 0.0036197182370925817 0.022891228430108157 19.939369616025203 73.810143263985708 1.4255180853106826 0.079720106559423409 0.077584329258782336 342.10880841822507 21.082699714408143 0.12235179245910477 0.31266421789042254 144.26283384136377 0.44964491524819944 0.047970427028901773 0.0012960725735877568 0.0010166605716234549 0.0011112251968722717 0.010436525120963352
leaf_count=58359 601 2571 44 16 1016 1295 160 324 250 56 10 8 88 185 1161 13006 79 17 336 187 115 53 245 1804 35 158 639 13 105 210
internal_value=0.784977 2.18998 155.921 12975.2 270933 0.0118289 -4.24672 -70.2341 0.0705631 12.229 -2.06125 -22.949 -125.956 -213.071 -0.0788504 0.0358385 -0.33652 -9.20418 -76.2306 0.260656 2.00365 31.7155 -3.03115 -0.272307 -0.599934 -71.0059 -578.968 -8907.87 -1433.4 -90.7075
internal_weight=921.771 327.189 4.75856 0.0572242 0.00274329 594.582 8.08894 0.259314 586.493 1.67025 7.82962 0.245745 0.044854 0.0265109 322.43 584.823 220.167 1.58282 0.157304 364.656 22.5469 1.46416 1.3418 218.584 74.3216 0.511476 0.0618309 0.00342396 0.00212789 0.058407
internal_count=83146 63167 3647 1076 1032 19979 2070 484 17909 306 1586 291 283 273 59520 17603 16402 432 353 1201 1014 899 846 15970 14166 1160 1125 757 118 368
is_linear=0
shrinkage=0.05


Tree=4
num_leaves=31
num_cat=1
split_feature=0 1 1 1 1 0 5 1 1 1 0 0 0 2 1 0 2 2 1 0 0 2 0 0 3 0 1 2 1 5
split_gain=30624.8 6.25572e+06 2.6755e+07 4.0223e+06 1.50515e+07 588941 8.00133e+06 113198 3.15377e+07 2.15067e+08 5.19111e+09 19167.7 510355 871311 143581 826278 407421 19920.8 237942 134073 34520.7 5388.81 79902.8 87269.6 3066.23 10977.1 18814.2 16732.3 10109.8 27468.5
threshold=1.5717000000000001 9.9039000000000019 14.367050000000003 10.004750000000001 14.275750000000002 1.8578500000000002 1.0000000180025095e-35 13.692350000000001 9.5106000000000019 9.7279000000000018 11.326000000000002 11.448250000000002 11.609600000000002 5.9650000000000007 15.477100000000002 11.900850000000002 2.8150000000000004 6.8350000000000009 15.477100000000002 8.0068500000000018 7.9489500000000008 0.84500000000000008 10.129600000000002 13.149250000000002 0 8.0068500000000018 14.680450000000002 2.7150000000000003 15.477100000000002 1.0000000180025095e-35
decision_type=2 2 2 2 2 2 2 2 2 2 2 2 2 2 2 2 2 2 2 2 2 2 2 2 9 2 2 2 2 2
left_child=1 -1 3 -3 -5 6 -2 8 21 -10 -11 17 13 -13 -14 -16 -17 24 -19 20 -20 22 -7 -24 -9 -26 27 -27 -28 -30
right_child=5 2 -4 4 -6 7 -8 11 9 10 -12 12 14 -15 15 16 -18 18 19 -21 -22 -23 23 -25 25 26 28 -29 29 -31
leaf_value=0.02834517752674752 -0.11510419827803678 -1.2114491690286868 -1746.9065065789023 -1405.2363091021198 -19.236167543682271 -0.050031562765964245 424.20223524536169 0.11752001347766411 -2.1379473026108688 84674.581809574505 -198.84083154522679 -0.83524385161793091 -0.32506290133466659 69.426842644209572 -3.011088980877743 -81.218964486646982 -295.76352772702154 -0.40061215102510395 -42.193206793931722 -90.777291763188927 -1.8257196466363259 -0.12496595244777604 -210.56632433784549 -4.6278685764729728 -0.013988497334963971 -18.52603445938556 -0.67540307294244839 -1.6891757707383741 -1.0385727468044226 -19.551500956970955
leaf_weight=400.60587838637196 1.5750049757188418 0.31407798236625273 0.025902170103077438 0.025902169800054275 0.080357775092124939 0.29760910390249407 0.11953368400083997 437.06459912356661 0.25669898415604897 0.0018958975928465285 0.036218792991904947 1.1399002893108257 12.487271099947939 0.71989575957899976 0.66432725756403577 0.059675878792689763 0.035169397554270176 5.24440790171918 0.1056094319487747 0.10623756094161596 0.1062365079831693 60.416228562800327 0.0097379631624789909 0.010905342700425535 94.219430431510546 0.30415384446254456 9.4930167251301683 0.28661364607397211 0.76759760620255879 0.2711426246468337
leaf_count=63920 595 31 971 786 31 642 76 234 150 1089 201 44 555 69 61 159 251 824 125 222 5 10802 65 23 393 140 233 217 34 198
internal_value=0.161018 -0.180072 -187.284 -91.1765 -357.091 0.379611 29.8165 0.299685 2.34507 518.238 4022.93 0.077995 1.83499 26.362 -1.60859 -22.7208 -160.774 0.0295586 -2.9474 -44.9376 -21.9497 -0.159149 -6.64832 -101.774 0.0600879 -0.172938 -1.67489 -10.3576 -1.18784 -5.87101
internal_weight=1026.85 401.052 0.44624 0.420338 0.10626 625.799 1.69454 624.105 61.0293 0.294814 0.0381147 563.075 15.1062 1.8598 13.2464 0.759173 0.0948453 547.969 5.56249 0.318084 0.211846 60.7345 0.318252 0.0206433 542.407 105.342 11.1225 0.590767 10.5318 1.03874
internal_count=83146 65739 1819 848 817 17407 671 16736 12972 1440 1290 3764 1139 113 1026 471 410 2625 1176 352 130 11532 730 88 1449 1215 822 357 465 232
cat_boundaries=0 1
cat_threshold=138
is_linear=0
shrinkage=0.05


Tree=5
num_leaves=31
num_cat=3
split_feature=0 0 11 6 0 0 0 3 0 0 4 0 3 11 0 0 0 6 0 0 0 0 0 6 0 3 0 4 0 5
split_gain=46246 260958 154031 959533 1.23727e+07 6.55843e+07 8.41145e+07 74559.5 2.07395e+06 2.05515e+06 31264 63609.8 25322.9 135369 429681 1.39633e+06 7.84358e+06 82388.5 222741 325690 144123 243817 24326.6 17573.5 51394.8 12470.4 31123.6 123496 13019.4 35150
threshold=10.8573 10.913500000000001 1.0000000180025095e-35 1.0000000180025095e-35 11.546750000000001 12.018950000000002 11.826750000000002 0 12.099050000000002 11.448250000000002 1.0000000180025095e-35 13.417300000000003 1 1.0000000180025095e-35 3.9317000000000006 3.3125500000000003 0.39540000000000003 1.0000000180025095e-35 7.065900000000001 8.0068500000000018 10.3238 9.3770000000000007 11.326000000000002 1.0000000180025095e-35 13.838100000000003 2 0.32570000000000005 1.0000000180025095e-35 7.1715000000000009 1.0000000180025095e-35
decision_type=2 2 2 2 2 2 2 9 2 2 2 2 9 2 2 2 2 2 2 2 2 2 2 2 2 9 2 2 2 2
left_child=12 -2 7 4 22 6 -6 8 9 -3 11 -7 25 -14 15 16 -15 18 -16 -20 21 -21 -4 24 -9 26 27 -1 -27 -30
right_child=1 2 3 -5 5 10 -8 23 -10 -11 -12 -13 13 14 17 -17 -18 -19 19 20 -22 -23 -24 -25 -26 28 -28 -29 29 -31
leaf_value=0.52757161759010673 30.014766112647408 -4.0622577996387523 -66.58827946158344 -2.2786302701431609 16262.58076047933 -519.31381081997085 -259.68194404526224 -3.4617609102227846 -2.6788012398518601 226.8491562594119 -108.23002176006599 -64.958043964219044 -0.50725866900583594 -2144.9672686660597 -11.404544287165029 -3.7107875779586674 -20.925149293555336 -0.8893911396662052 -27.033716283873009 -292.84960890258952 -150.96267408034629 -891.94597543078351 -17.874250707565505 -0.70007691026816765 -36.412798665214879 0.063706311478863131 0.1588382419594 6.0273773473685575 -0.37049618837103798 -6.654290069968444
leaf_weight=87.445899996864341 0.81847301636415437 0.17050743679993252 0.040517218109056702 0.59926721246676773 0.0015406429301947364 0.0015406429301947711 0.0015406429301947355 2.7150800228173346 1.5045909829152215 0.22158119382475938 0.0092438575811683785 0.0015406429301947355 82.924537223988452 0.0053148905280948336 0.20961223094765086 0.079794165768226372 0.023851697410458506 0.89448441699482695 0.02769592511115767 0.0069995152394385319 0.00827850611757577 0.0022423389710167366 0.069739382259570798 20.473100356052271 0.12372994854354225 484.01003723231224 330.30902438165134 11.555884296794146 14.360110434659452 2.6336140283761109
leaf_count=1023 62 47 132 48 50 83 47 953 186 57 102 28 5911 262 130 22 40 32 48 101 120 117 67 576 367 68777 1258 468 549 1483
internal_value=0.165246 2.21724 1.33994 24.0632 149.683 1476.92 8001.45 0.686484 3.82816 126.433 -154.206 -292.136 0.111135 -0.674158 -17.0312 -111.925 -407.979 -8.03471 -33.1158 -133.764 -302.482 -438.208 -35.7757 -0.847656 -4.89794 0.187427 0.382989 1.16953 0.0156345 -1.34433
internal_weight=1041.25 26.752 25.9335 0.72493 0.125663 0.0154064 0.00308129 25.2086 1.89668 0.392089 0.0123251 0.00308129 1014.5 84.1828 1.25827 0.108961 0.0291666 1.14931 0.254829 0.0452163 0.0175204 0.00924185 0.110257 23.3119 2.83881 930.315 429.311 99.0018 501.004 16.9937
internal_count=83146 2805 2743 557 509 310 97 2186 290 104 213 111 80341 6783 872 324 302 548 516 386 338 218 199 1896 1320 73558 2749 1491 70809 2032
cat_boundaries=0 1 2 3
cat_threshold=130 1166 136
is_linear=0
shrinkage=0.05


Tree=6
num_leaves=31
num_cat=0
split_feature=7 6 1 0 11 0 0 1 4 1 0 0 1 1 0 0 0 1 2 2 0 0 1 2 1 4 2 2 1 0
split_gain=19158.6 10724.7 259968 100495 75709.6 622953 2.01819e+06 581825 991355 283840 179896 10185.8 9388.54 61511.9 8473.15 3729.16 928513 159764 76372.6 7022.8 58193.6 95350.7 3955.64 2498.18 114025 700827 6752.82 93705 282722 2351.88
threshold=1.0000000180025095e-35 1.0000000180025095e-35 15.658300000000002 3.0069500000000002 1.0000000180025095e-35 1.3363000000000003 2.3613500000000003 13.692350000000001 1.0000000180025095e-35 9.1609500000000015 6.2981000000000007 10.804450000000001 16.314600000000002 15.9777 9.7256000000000018 1.8578500000000002 1.7926000000000004 9.8073000000000015 3.2850000000000006 0.84500000000000008 9.3770000000000007 13.0342 9.6609000000000016 7.2650000000000006 15.447300000000002 1.0000000180025095e-35 7.9850000000000012 8.0550000000000015 4.2579000000000002 1.5717000000000001
decision_type=2 2 2 2 2 2 2 2 2 2 2 2 2 2 2 2 2 2 2 2 2 2 2 2 2 2 2 2 2 2
left_child=1 2 4 -3 15 9 -7 8 -8 -6 -10 -9 13 -2 -12 16 17 29 -19 20 -17 -22 -21 -5 26 -26 -25 -28 -29 -1
right_child=12 3 -4 23 5 6 7 11 10 -11 14 -13 -14 -15 -16 19 -18 18 -20 22 21 -23 -24 24 25 -27 27 28 -30 -31
leaf_value=-0.0013091649194498884 2.3242325407971562 4.5451872798045905 -26.111998085583181 0.029877204839583234 -0.054174945153821499 199.7713001310259 -226.14473381331328 -0.54888567877786876 -9.0039653014711529 -100.18663819794034 -68.829992867332138 -11.015717894907723 0.12051129952389744 0.12383388604201168 -95.644514986046261 -1.0083466867608399 92.863565018333816 -8.8632516262412064 -48.368008231236118 -0.091031107733432592 -143.87102283644518 -1.6226346018514015 -0.74518432110125277 -0.23876156905950496 -4.6758571101091491 103.22999595498928 0.0501596894219863 -0.052115977980324302 -144.06874369690644 -2.2181065158332531
leaf_weight=422.39329918057769 43.064237310506314 12.730273611548851 0.96331952853608882 481.84193656646113 0.099811855588602338 0.12169280544086447 0.073421615207653557 5.2469757186177413 0.33518153118072652 0.24325151786287341 0.089418623025209393 0.24321035740835295 120.77165222167969 121.00887887179852 0.043936684733673487 0.54266243521512103 0.26911211950937186 0.24496999819529217 0.24440243808909093 82.427296323137085 0.019455011823444827 0.029864728652945823 32.113412923118361 6.5633912503049361 0.72985940967416496 0.18955357029454944 1.6156555570533913 0.12739746338567379 0.046522438288863294 1.199872396304271
leaf_count=63832 187 577 630 769 14 47 366 774 81 591 133 375 26 21 107 638 61 95 367 10800 117 26 1048 53 92 148 3 16 562 590
internal_value=0.0913767 -0.00721819 -0.160532 0.159211 -0.114744 -5.48003 -1.82443 -5.89143 -55.3158 -71.0538 -28.5462 -1.01256 0.455092 0.701372 -77.6646 -0.0501307 0.0183428 -0.0405745 -28.5927 -0.302508 -5.7344 -57.7349 -0.274434 0.0455207 0.85844 17.5709 -0.981102 -3.70369 -38.5756 -0.00758848
internal_weight=1335.63 1050.79 546.945 503.845 545.981 6.4969 6.15384 6.03214 0.541958 0.343063 0.468537 5.49019 284.845 164.073 0.133355 539.484 424.352 424.083 0.489372 115.133 0.591982 0.0493197 114.541 491.114 9.27238 0.919413 8.35297 1.78958 0.17392 423.593
internal_count=83146 82912 80692 2220 80062 2488 1883 1836 687 605 321 1149 234 208 240 77574 64945 64884 462 12629 781 143 11848 1643 874 240 634 581 578 64422
is_linear=0
shrinkage=0.05


Tree=7
num_leaves=31
num_cat=2
split_feature=3 11 2 1 2 2 2 2 2 2 1 1 6 2 2 2 6 7 1 2 1 11 5 1 6 3 2 1 1 2
split_gain=27113.2 45529.9 248036 546197 2.95641e+06 1.0965e+06 3.43085e+06 446399 79026.8 1.05658e+06 308988 331671 2.03072e+06 6.98155e+06 4.73749e+06 1.73876e+06 171452 41965.5 39567.6 33052.3 1.27599e+06 1.94039e+06 3.66344e+06 1.41547e+06 14654 7808.43 55789.2 3.03065e+06 2.32129e+07 947062
threshold=0 1.0000000180025095e-35 6.5750000000000011 14.959550000000002 10.255000000000001 10.185 7.3750000000000009 7.3550000000000013 3.8050000000000002 3.8750000000000004 13.794700000000001 13.742700000000001 1.0000000180025095e-35 1.1050000000000002 3.0750000000000006 3.1350000000000002 1.0000000180025095e-35 1.0000000180025095e-35 15.028300000000002 0.50500000000000012 15.381700000000002 1.0000000180025095e-35 1.0000000180025095e-35 15.447300000000002 1.0000000180025095e-35 1 7.9850000000000012 9.6849500000000024 9.7279000000000018 10.185
decision_type=9 2 2 2 2 2 2 2 2 2 2 2 2 2 2 2 2 2 2 2 2 2 2 2 2 9 2 2 2 2
left_child=19 17 8 4 5 6 7 -4 10 -10 11 12 13 -3 -15 -16 -11 25 -5 -1 24 22 23 -22 -21 -2 -27 -28 -29 -30
right_child=1 2 3 18 -6 -7 -8 -9 9 16 -12 -13 -14 14 15 -17 -18 -19 -20 20 21 -23 -24 -25 -26 26 27 28 29 -31
leaf_value=0.13782305000807685 0.01945493888815043 -159.99747623851545 -1174.0134963136732 -0.33943438189691894 -65.31294261890973 -127.29915907722464 -3351.2699891046304 -29.399257361152777 104.40060710868914 -49.173545278929168 -1.147157167816464 -0.83311643323474316 0.05001381069748493 -4255.1662675245443 -50.949722805265111 -2234.7155284875112 -0.48084752829977467 4.5052735319316684 -31.913735244325718 -0.26934420421275163 99.207714219474838 -0.1099259380493684 216.81541970501917 -5.2479734445818318 0.74847029285819322 -0.16231922790929709 -0.12123106963213182 -0.30643493919318132 -1296.3631625982753 -2118.3481618499918
leaf_weight=330.91815354097224 676.70016618108832 0.041237183613541492 0.0017036306085251051 0.23745469762577157 0.081215710657260007 0.0019646510481834689 0.0017008731636851846 0.0017036255806062105 0.23778003518075252 0.25166731288003652 7.2933443428706406 0.18848515985164252 0.14053426682949066 0.0017038312680057012 0.0019646510481834412 0.0017004782579908024 0.64183443784713745 5.079349513606302 0.17044553458058551 71.720833576514735 0.51213844709676004 2.4972729512283638 0.33661170823975339 0.88436817871745887 69.761494713148068 133.46115781403842 7.7828532654445812 0.13654341648727081 0.0047442248628762783 0.013406990364945592
leaf_count=828 70468 151 85 15 204 6 245 5 33 441 708 20 1 168 3 88 12 105 175 1975 11 17 101 133 98 4794 856 3 280 1117
internal_value=0.109597 -0.0639845 -3.54429 -37.9391 -150.697 -1131.15 -1517.24 -601.707 -1.60499 10.7315 -3.42481 -47.6488 -94.8009 -380.811 -2076.8 -1064.13 -14.1958 -0.0254575 -13.5331 0.405605 1.04158 28.1002 68.7487 33.0589 0.232515 -0.0535875 -0.377808 -4.47698 -223.62 -1903.5
internal_weight=1309.11 832.475 9.29644 0.496189 0.0882885 0.00707278 0.00510813 0.00340726 8.80025 1.13128 7.66897 0.375626 0.18714 0.0466061 0.00536896 0.00366513 0.893502 823.178 0.4079 476.631 145.713 4.23039 1.73312 1.39651 141.482 818.099 141.399 7.93755 0.154695 0.0181512
internal_count=83146 79983 2360 735 545 341 335 90 1625 486 1139 431 411 410 259 91 453 77623 190 3163 2335 262 245 144 2073 77518 7050 2256 1400 1397
cat_boundaries=0 1 2
cat_threshold=136 1030
is_linear=0
shrinkage=0.05


Tree=8
num_leaves=31
num_cat=0
split_feature=1 0 0 1 2 11 1 0 1 2 2 0 0 2 1 2 1 1 2 1 0 2 1 0 1 2 0 0 0 2
split_gain=13413 323634 8.45261e+06 2.94928e+07 9.39455e+06 100378 2.07527e+06 952471 251759 50582.1 1.47691e+06 2.91878e+06 7695.12 45558.4 3441.99 14870.5 1839.04 2740.83 4977.79 9532.77 1465.85 1417.08 4199.88 46693.8 149372 1770.76 1070.07 335078 6.0481e+06 4.88629e+07
threshold=14.320600000000001 4.7001500000000007 3.4767500000000005 14.919850000000002 1.0050000000000001 1.0000000180025095e-35 13.262450000000001 2.8434500000000003 13.742700000000001 7.1250000000000009 7.9750000000000005 11.448250000000002 11.175250000000002 9.3250000000000011 13.836400000000001 0.74500000000000011 15.317600000000001 15.381700000000002 7.245000000000001 15.416350000000001 7.8705000000000007 0.41500000000000004 15.477100000000002 8.148950000000001 15.864400000000002 1.4550000000000003 1.8578500000000002 1.4940000000000002 1.7587500000000003 7.785000000000001
decision_type=2 2 2 2 2 2 2 2 2 2 2 2 2 2 2 2 2 2 2 2 2 2 2 2 2 2 2 2 2 2
left_child=5 2 3 -2 -5 12 -7 -8 -9 21 16 -12 26 14 15 -14 -11 -18 -19 -20 -10 -3 -23 -24 25 -25 27 -1 -29 -30
right_child=1 9 -4 4 -6 6 7 8 20 10 11 -13 13 -15 -16 -17 17 18 19 -21 -22 22 23 24 -26 -27 -28 28 29 -31
leaf_value=-0.04004598151556954 1386.85084418109 0.10327483823290243 -0.06149230014109789 511.75082454888565 -84.976897039452382 -187.77153452060759 148.71276713331824 -71.762151094406931 -0.38709937674983852 -0.18011642167693631 -21.176096789674666 252.38715415595877 -0.51894803272349099 -27.557311133560546 -0.24091395091913248 -21.713854700256615 -0.17458297472676626 -0.58889709953471869 -0.14825710285446139 -14.492581204978954 -4.6261031754524895 0.0077297472690844365 -0.071665753720470543 -6.0370249375940004 -47.43113041128462 -1.0607092336525772 -0.13325444593212088 -4.181142365018224 -112.85616586199845 5657.6723695584114
leaf_weight=419.70064346134916 0.048828097204652587 401.03804537193037 9.6479158253487434 0.089623286806594427 0.24978245084678141 0.15412603318700346 0.10530963387734305 0.133682087190094 1.7591096824321948 6.1399438810082563 0.22351321187551096 0.17295319605851969 0.41505884476602317 0.17199975431905112 2.3334353981771123 0.10336664323298561 1.1265304787168442 0.56384128339810768 0.22351308166980743 0.24039792508351399 0.23068311673467579 229.08067304386043 16.083096424089398 0.22896276582697483 0.22061748716901219 0.81539314505850191 201.25494269508476 0.43596133823302707 0.024821340120979585 0.0043047193903475991
leaf_count=64256 297 191 90 151 599 695 253 230 125 92 650 416 48 771 27 267 12 11 1 86 355 726 107 54 274 184 11457 467 206 48
internal_value=0.0762367 0.232445 9.14325 237.888 72.5947 -0.0897818 -10.3323 1.93803 -5.34098 0.0961511 3.88534 98.1622 -0.0506958 -2.56688 -1.05967 -4.74491 -0.621124 -1.87805 -3.74523 -7.58146 -0.878541 0.0452903 -0.0490736 -0.799161 -10.0487 -2.15171 -0.0384519 0.00695752 42.4235 740.006
internal_weight=1293.02 666.194 10.0361 0.388234 0.339406 626.827 2.38291 2.22878 2.12347 656.157 8.69069 0.396466 624.445 3.02386 2.85186 0.518425 8.29423 2.15428 1.02775 0.463911 1.98979 647.467 246.429 17.3481 1.26497 1.04436 621.421 420.166 0.465087 0.0291261
internal_count=83146 3941 1137 1047 750 79205 1658 963 710 2804 1268 1066 77547 1113 342 315 202 110 98 87 480 1536 1345 619 512 238 76434 64977 721 254
is_linear=0
shrinkage=0.05


Tree=9
num_leaves=31
num_cat=2
split_feature=3 5 0 4 2 2 2 0 0 0 2 2 0 2 5 2 4 2 2 2 2 3 0 6 0 2 2 2 2 2
split_gain=17493.8 25797.1 130919 94814.4 76957.1 78323.5 33808.2 148647 673808 2.21544e+06 15511.8 8868.07 26673.9 319107 1.41831e+06 6.24793e+06 1.74123e+06 6.6028e+06 994648 193672 245002 19615.3 8819.38 8413.35 26666.2 58259 17419.1 7445.45 7011.23 4903.81
threshold=0 1.0000000180025095e-35 5.4615000000000009 1.0000000180025095e-35 2.0550000000000002 10.565000000000003 7.9650000000000007 14.217000000000002 10.409250000000002 10.701450000000003 6.9350000000000014 3.9950000000000006 3.0069500000000002 0.50500000000000012 1.0000000180025095e-35 3.7050000000000005 1.0000000180025095e-35 2.4050000000000007 0.60500000000000009 1.0050000000000001 0.74500000000000011 1 8.0966500000000021 1.0000000180025095e-35 10.8573 1.8350000000000002 4.7750000000000012 5.7650000000000006 1.2150000000000001 1.5650000000000002
decision_type=9 2 2 2 2 2 2 2 2 2 2 2 2 2 2 2 2 2 2 2 2 9 2 2 2 2 2 2 2 2
left_child=1 -1 3 -3 -5 10 23 8 -8 -10 -6 12 13 -2 18 16 28 29 -15 20 -20 22 -13 24 25 -4 -27 -24 -16 -18
right_child=11 2 6 4 5 -7 7 -9 9 -11 -12 21 -14 14 15 -17 17 -19 19 -21 -22 -23 27 -25 -26 26 -28 -29 -30 -31
leaf_value=-0.97323715716537407 -0.11253536778011777 -25.019220414435573 -8.2436198790580182 -17.920989788145075 -341.7531275672298 -102.3679217461705 -30.641614853815106 -4.45525481389486 -46.255043419046387 -2321.1678694205043 -211.27272363425223 0.01148976078664434 0.025131643987355286 106.05576239308863 -32.447022396645103 784.46649538662223 -50.24267949882347 912.70817585516204 -0.32234588551015292 -0.67670399905322154 45.903403781539566 -0.95546165289364904 -9.7496110793058151 -1.0774202315811414 -3.5334122615041217 -73.063323924956208 -168.54214716534898 -1.3057957898074692 -10.554927570243361 -81.319994257531775
leaf_weight=9.3106620906384538 70.099768286021259 0.13617914324172292 0.066409053506732457 0.016787018757895553 0.0043897758586050051 0.024433657061308622 0.040860911482013734 0.24227452278137207 0.0043285347055643832 0.0014217287635548649 0.0047343398818189969 405.88897443564082 732.72892856378712 0.23936464046328509 0.043213937343465125 0.030980744492113743 0.033869530147072613 0.025587177195120603 0.60611263736791332 6.6800323748745196 0.54383398550817219 55.673443606849503 0.26890603102213084 2.6828781370473496 0.64039486932928147 0.017804976669140639 0.0065284953185056815 8.9567385947213509 0.2379854224382143 0.020302715303841978
leaf_count=3818 600 166 39 30 45 93 139 75 18 205 35 65544 3226 14 81 50 79 72 22 2227 78 4217 184 112 143 79 70 1421 208 56
internal_value=-0.00583422 -1.36658 -5.82178 -46.6944 -105.324 -149.047 -3.76293 -20.187 -101.957 -608.718 -274.049 0.0186892 0.119008 0.994584 10.1668 103.052 44.5669 250.766 5.65524 2.58596 21.5388 -0.15379 -0.0227088 -2.37317 -7.12786 -32.4949 -98.6796 -1.55191 -13.9192 -61.8899
internal_weight=1295.28 13.2001 3.88943 0.186524 0.0503448 0.0335578 3.7029 0.288886 0.0466112 0.00575026 0.00912412 1282.08 811.29 78.5611 8.46128 0.39194 0.360959 0.0797594 8.06934 7.82998 1.14995 470.788 415.115 3.41402 0.731137 0.0907425 0.0243335 9.22564 0.281199 0.0541722
internal_count=83146 5067 1249 369 203 173 880 437 362 223 80 78079 6713 3487 2887 546 496 207 2341 2327 100 71366 67149 443 331 188 149 1605 289 135
cat_boundaries=0 1 2
cat_threshold=528 1028
is_linear=0
shrinkage=0.05


Tree=10
num_leaves=31
num_cat=1
split_feature=3 11 1 0 0 1 0 0 0 6 0 0 0 0 1 1 1 8 1 1 1 5 1 1 0 1 1 1 11 1
split_gain=8311.73 187805 614474 145757 33927.3 181130 765113 14934.6 6423.81 88105.4 51974.2 353178 19255 39958.4 172302 380187 24736 4957.67 10052.4 21214.9 26226 4571.2 4517.08 7121.84 3483.75 2592.82 2292.68 6250.67 2117.62 27170.6
threshold=0 1.0000000180025095e-35 13.989350000000002 7.7317000000000009 7.2551000000000014 9.6609000000000016 4.6103500000000013 11.019700000000002 11.175250000000002 1.0000000180025095e-35 13.570150000000002 13.838100000000003 12.933400000000001 11.287150000000002 14.233800000000002 13.692350000000001 14.275750000000002 1.0000000180025095e-35 7.986250000000001 8.5462500000000023 9.5470500000000023 1.0000000180025095e-35 15.381700000000002 15.546550000000002 2.0806500000000008 15.028300000000002 15.198500000000001 14.717500000000003 1.0000000180025095e-35 14.069300000000002
decision_type=9 2 2 2 2 2 2 2 2 2 2 2 2 2 2 2 2 2 2 2 2 2 2 2 2 2 2 2 2 2
left_child=1 4 -3 -4 5 21 -7 -5 17 10 12 -12 13 -10 15 -15 -16 22 -19 -20 -21 -1 28 -24 -23 -14 27 -8 -2 -30
right_child=8 2 3 7 -6 6 26 -9 9 -11 11 -13 25 14 16 -17 -18 18 19 20 -22 24 23 -25 -26 -27 -28 -29 29 -31
leaf_value=-0.080198019303445944 -0.016142035824799023 -178.61120696742375 -59.195811131349139 -1.2740882227517591 -0.10925690468593954 -160.60936239504076 -18.763702998576683 -24.320111545692104 -3.3026124165848216 -0.22908384081463692 -5.4940140835995877 -264.83092853278839 -1.3055648856740882 -506.97534779317868 -1.0745684287557717 -26.779230269676397 -36.79127392842522 -0.29142920740915657 -0.19900830008935924 -0.47063636485104204 -34.50627390411249 -29.441514963249126 0.52031724888829733 0.061098443880350087 -5.361061199032326 -10.092792193896287 -3.0914376725874138 -0.50287716869820254 -8.6333244144227042 -0.16712556752196198
leaf_weight=3.3754234063658415 700.18688773447582 0.059084494296506529 0.13950931030792224 0.68778956636070032 134.73240074989178 0.094606626676538186 0.098318223225163912 0.078300695413038746 0.19338385068889236 29.145983034977114 0.072094720848652732 0.016051055158908395 0.25741621504268763 0.0060154747355960587 0.088494919240473841 0.013094608486409798 0.10719648951777758 1.5850926609500064 0.34797434404026728 0.099881032911131262 0.13060943225627852 0.022115239041693775 108.39624010093172 381.8507961190432 0.04681187185211088 0.12457327544689178 0.31757941985045446 0.089541957556869015 0.98031580399771101 28.466185287897876
leaf_count=3532 72194 337 278 216 1803 463 69 176 60 256 57 267 120 410 4 35 192 37 13 13 120 169 114 543 181 35 84 41 907 420
internal_value=-0.0189855 -0.370984 -22.3826 -12.1897 -0.244706 -4.75698 -30.1082 -3.62958 0.0230791 -0.699272 -16.3019 -52.7184 -12.2396 -19.7901 -34.6336 -177.935 -20.6396 0.0410154 -2.35032 -7.99202 -19.7572 -0.340491 0.0452566 0.162634 -13.0873 -4.17123 -5.68143 -10.0598 -0.0336104 -0.448977
internal_weight=1391.81 139.741 0.964684 0.9056 138.777 4.0444 0.600046 0.76609 1252.07 30.0243 0.878321 0.0881458 0.790175 0.408185 0.214801 0.0191101 0.195691 1222.04 2.16356 0.578465 0.23049 3.44435 1219.88 490.247 0.0689271 0.381989 0.50544 0.18786 729.633 29.4465
internal_count=83146 7349 1007 670 6342 4539 657 392 75797 1436 1180 324 856 701 641 445 196 74361 183 146 133 3882 74178 657 350 155 194 110 73521 1327
cat_boundaries=0 1
cat_threshold=768
is_linear=0
shrinkage=0.05


Tree=11
num_leaves=31
num_cat=1
split_feature=3 1 0 0 11 6 0 0 1 1 0 0 0 0 1 5 1 1 0 0 0 1 0 1 0 0 0 5 1 1
split_gain=9305.85 342892 1.61978e+06 2.89822e+06 231217 241675 4.39027e+06 37277.6 6093.16 79756.2 146914 157212 2487.96 560716 5.92236e+06 19818.2 842606 1.49944e+06 11990.2 64688.8 107783 9491.9 19279.3 614221 217487 418386 288287 3289.88 2057.87 2286.31
threshold=0 15.817350000000001 7.9489500000000008 8.0966500000000021 1.0000000180025095e-35 1.0000000180025095e-35 10.8573 5.5256000000000007 15.154500000000002 15.416350000000001 13.570150000000002 11.506600000000001 1.8578500000000002 0.25075000000000008 9.3131000000000022 1.0000000180025095e-35 9.5470500000000023 9.5861000000000018 1.1002500000000002 1.3363000000000003 1.3875500000000003 13.692350000000001 10.913500000000001 9.5470500000000023 8.0966500000000021 10.618350000000001 7.3795000000000011 1.0000000180025095e-35 15.416350000000001 9.6609000000000016
decision_type=9 2 2 2 2 2 2 2 2 2 2 2 2 2 2 2 2 2 2 2 2 2 2 2 2 2 2 2 2 2
left_child=8 4 7 -4 28 6 -6 -3 12 10 11 -10 13 15 18 -1 -17 -18 -15 -20 -21 22 23 27 26 -26 -25 -14 29 -2
right_child=1 2 3 -5 5 -7 -8 -9 9 -11 -12 -13 21 14 -16 16 17 -19 19 20 -22 -23 -24 24 25 -27 -28 -29 -30 -31
leaf_value=-0.0081810673742573874 -0.094433772102603078 -29.191352931939448 -5.3560739986777586 -822.71385888769601 -659.28297955691653 -1.671432994150579 -9.0823456671817926 -2.452154979425762 13.201459649963383 0.047281602144126494 0.045511704762714766 -0.077128703592527464 -0.12856444852176094 -1.0839015710119291 325.48568150006508 -0.19909665519193714 -0.63571619303885174 -348.37478397144173 -0.56412396015497812 -0.050078709606676076 -150.65705879119915 0.031689939633916024 -0.039671603362436442 -76.048914940102136 -163.97457671157952 -16.655401745823486 -5.901498007081134 -2.2151879823747889 0.021265488609114189 -0.48593251715105812
leaf_weight=286.70200464735422 114.45160796009574 0.23231704533097541 0.027739030289922084 0.017808022425040093 0.027911286487835918 0.47262270309320137 0.37171976831255021 0.29695341736078262 5.6219117546639454 385.80442799080913 16.079979527848121 3.6935104206204423 22.989952572659178 1.0682887301802502 0.15285330624829052 6.4251999935931057 0.08541269417037245 0.048661568519070109 0.19569748529022146 0.02749758136757309 0.02091536400077508 253.72875132164876 51.223590147271864 0.22242490550490757 0.096389353275299072 0.096389353275299072 0.42889875173568726 2.0581073548857267 178.19028531095881 55.315182051099356
leaf_count=5171 62978 161 6 410 798 49 278 62 128 641 11 20 2267 226 76 2061 8 383 41 27 170 820 732 413 331 34 57 2585 491 1711
internal_value=0.000336705 -0.219182 -38.8111 -324.927 -0.161872 -25.8726 -54.4941 -14.189 0.0757011 0.225938 2.94008 7.93658 -0.0218426 0.0838041 30.9372 -0.070352 -2.78781 -126.846 -3.36844 -13.3662 -65.1153 -0.115956 -0.601745 -1.71372 -43.6643 -90.315 -29.8566 -0.300015 -0.0974207 -0.221996
internal_weight=1386.18 349.404 0.574818 0.0455471 348.829 0.872254 0.399631 0.52927 1036.77 411.2 25.3954 9.31542 625.571 294.727 1.46525 293.261 6.55927 0.134074 1.3124 0.24411 0.0484129 330.845 77.1158 25.8922 0.844102 0.192779 0.651324 25.0481 347.957 169.767
internal_count=83146 66944 639 416 66305 1125 1076 223 16202 800 159 148 15402 8163 540 7623 2452 391 464 238 197 7239 6419 5687 835 365 470 4852 65180 64689
cat_boundaries=0 1
cat_threshold=142
is_linear=0
shrinkage=0.05


Tree=12
num_leaves=31
num_cat=2
split_feature=3 2 1 1 2 1 1 1 3 2 1 0 5 1 2 1 1 1 1 5 2 0 0 2 1 0 1 1 2 0
split_gain=13228.8 50143.8 186399 51599.5 106079 27191.5 42651.7 139851 5266.75 189933 2.4887e+06 56600.4 289622 4858.21 4481.92 13681.3 49944.9 10477.1 70718.7 83312.5 955009 431060 3242.35 24893.3 359268 3273.24 1.65219e+06 7.05613e+06 3.30041e+07 324523
threshold=0 0.50500000000000012 15.381700000000002 14.367050000000003 1.5650000000000002 9.6849500000000024 14.233800000000002 14.200250000000002 1 7.9750000000000005 9.5470500000000023 5.3996500000000003 1.0000000180025095e-35 10.004750000000001 2.5050000000000003 14.491350000000002 13.933900000000001 15.447300000000002 15.477100000000002 1.0000000180025095e-35 3.0050000000000003 11.681300000000002 7.9489500000000008 8.0050000000000008 9.7279000000000018 1.5717000000000001 9.5106000000000019 9.6609000000000016 0.115 2.5956500000000005
decision_type=9 2 2 2 2 2 2 2 9 2 2 2 2 2 2 2 2 2 2 2 2 2 2 2 2 2 2 2 2 2
left_child=1 -1 3 5 -5 -3 7 -7 22 11 -11 12 13 -10 -13 16 -16 -17 -19 -20 -21 -22 25 -24 -25 26 -2 -28 -29 -27
right_child=8 2 -4 4 -6 6 -8 -9 9 10 -12 14 -14 -15 15 17 -18 18 19 20 21 -23 23 24 -26 29 27 28 -30 -31
leaf_value=0.039475585798044908 0.019424388936419033 -0.37111060720505307 12.735076966570929 -0.031726243985625721 8.4366303138599008 -76.539833257424391 -0.49274296470403672 -0.75718169938480218 -0.14975239760245596 -0.22856261021644025 -193.86568082082698 0.017959309716301171 -69.788954018952879 -6.093513526543239 -25.254433178288505 -0.11906337450379474 -0.55370915258186915 -0.14036835071028206 -3.3028249901512838 -3.1856733467460208 -712.4045918789451 -201.08329384187505 -0.14441438413828486 -0.35443229519406039 -86.46352240675138 18.892211673949603 -1.2668161381952203 -96.240410975371844 -3678.433027117846 0.030403255318059805
leaf_weight=207.68645710221944 293.53684119443011 20.814976424546369 3.650837499808687 10.150919844975004 5.8172931063404123 0.090750187148124772 0.42867994365586398 0.18495309362755913 1.002634980994118 2.3511266756213951 0.17853409277018384 214.08950539242755 0.17679827488464628 0.52318199926477604 0.26047918504176504 23.927882163642547 0.95482187759327608 1.8702212844272301 0.16958354978303636 0.11181582398067394 0.0068082375646678342 0.010446044616401196 110.0032468077726 1.9757207289920988 0.12904413716795371 2.2915720129292927 0.20545651893733768 0.039505399763584151 0.0076800058009927471 469.47605977883921
leaf_count=539 58879 1364 148 41 86 199 19 7 3361 857 1738 529 475 134 362 368 136 19 33 31 211 69 1345 966 357 2154 246 96 948 7429
internal_value=0.0193656 0.341646 1.9502 0.899881 3.05333 -0.698066 -10.3598 -25.7017 -0.0545793 -0.254529 -13.8948 -0.123064 -9.20744 -2.18779 -0.0589912 -0.662179 -5.84789 -0.420685 -3.74829 -26.3417 -56.6123 -402.842 0.00361807 -0.247475 -5.63382 0.0404353 -0.0905781 -127.899 -679.286 0.122023
internal_weight=1372.12 248.825 41.1384 37.4876 15.9682 21.5194 0.704383 0.275703 1123.3 245.634 2.52966 243.104 1.70262 1.52582 241.402 27.3121 1.2153 26.0968 2.16887 0.298654 0.12907 0.0172543 877.665 112.108 2.10476 765.557 293.789 0.252642 0.0471854 471.768
internal_count=83146 2403 1864 1716 127 1589 225 206 80743 8323 2595 5728 3970 3495 1758 1229 498 731 363 344 311 280 72420 2668 1323 69752 60169 1290 1044 9583
cat_boundaries=0 1 2
cat_threshold=128 1038
is_linear=0
shrinkage=0.05


Tree=13
num_leaves=31
num_cat=2
split_feature=3 0 0 0 5 0 0 0 5 0 0 4 3 11 0 4 0 0 0 0 0 4 0 0 4 4 0 5 6 0
split_gain=33491.9 394042 1.91433e+06 6.48446e+06 1.22461e+08 2.85517e+06 765483 2.58868e+06 35582.4 91387.7 263400 18943.4 11018.6 30829.2 45435.6 161817 550283 241944 463596 22114 21845.8 30540.6 36619.8 16156.4 14659.9 8424.8 8005.59 6506.32 7321.18 11749
threshold=0 1.4940000000000002 2.5956500000000005 1.8578500000000002 1.0000000180025095e-35 2.3983500000000002 2.2486500000000005 2.1288000000000005 1.0000000180025095e-35 11.397250000000001 6.9426500000000013 1.0000000180025095e-35 1 1.0000000180025095e-35 6.6820500000000012 1.0000000180025095e-35 3.6826500000000002 5.151250000000001 4.3526000000000016 10.804450000000001 10.476950000000002 1.0000000180025095e-35 9.6184500000000011 0.32570000000000005 1.0000000180025095e-35 1.0000000180025095e-35 4.2048500000000013 1.0000000180025095e-35 1.0000000180025095e-35 3.0912500000000005
decision_type=9 2 2 2 2 2 2 2 2 2 2 2 9 2 2 2 2 2 2 2 2 2 2 2 2 2 2 2 2 2
left_child=1 11 3 -3 5 6 7 -5 -4 10 26 -1 23 -14 15 16 -15 18 -17 20 21 -16 -23 24 -2 -21 -10 28 29 -25
right_child=12 2 8 4 -6 -7 -8 -9 9 -11 -12 -13 13 14 19 17 -18 -19 -20 25 -22 22 -24 27 -26 -27 -28 -29 -30 -31
leaf_value=-0.094971415138960777 0.31733183188176084 -21.337129263727277 -0.68597082929769826 -6062.7924839056095 -5.8265559127465636 -7974.9034106051713 -5814.3706915126168 -3319.8335912758957 -18.775182166476302 -5.3717992931426899 -366.75874236466268 -19.108012034071134 -0.029801604547738659 86.580922634682949 -7.1444096196121398 -110.22228554777135 -5.3699828153206788 -0.34265671600645797 -2.7907460338559349 -33.655345151048017 -1.1192832125804859 -52.230593677751749 -12.95598178390162 -21.475199831077106 1.567302820107787 -15.707280422214817 -59.111717304643946 0.13454793698873413 -0.37351060873308789 -2.7337935757305463
leaf_weight=98.046481182638217 58.356912375418112 0.81363739071989094 5.3879379496194497 0.0019545394261513138 0.14438221550153685 0.0012601974585777507 0.0051596164412330836 0.0015362277399617597 0.0293723020751392 0.26327362284064343 0.0068174040819532896 0.13118224789573574 807.24140304918808 0.2248992621898902 1.0794484616526518 0.15142875636621972 0.58841876696989337 4.1062853057558684 0.29810705894686035 0.088994762646723652 0.99395907379528048 0.088935910152650371 0.17842121331023972 0.086347293866110841 39.222838645993086 0.24643311371593971 0.021164322063881916 358.47525462537777 9.0330516208424285 2.652252818246096
leaf_count=56297 1023 558 4095 242 29 202 612 108 63 143 200 139 15156 164 330 419 132 75 35 186 118 182 168 151 468 244 86 528 104 889
internal_value=-0.0216211 -0.839614 -12.6735 -77.6934 -374.879 -5751.41 -5427.49 -4855.66 -1.64894 -17.831 -75.023 -0.120376 0.0513673 -0.0597635 -3.14032 -0.487531 20.0563 -4.15508 -38.9797 -8.4625 -6.74196 -10.8916 -26.0206 0.242234 0.819766 -20.4692 -35.6678 0.0965656 -1.06009 -3.3247
internal_weight=1387.97 104.854 6.6765 0.96793 0.154293 0.00991058 0.00865038 0.00349077 5.70857 0.320628 0.057354 98.1777 1283.11 815.287 8.04533 5.36914 0.813318 4.55582 0.449536 2.67619 2.34076 1.34681 0.267357 467.827 97.5798 0.335428 0.0505366 370.247 11.7717 2.7386
internal_count=83146 62774 6338 1751 1193 1164 962 350 4587 492 349 56436 20372 17209 2053 825 296 529 454 1228 798 680 350 3163 1491 430 149 1672 1144 1040
cat_boundaries=0 1 2
cat_threshold=1536 136
is_linear=0
shrinkage=0.05


Tree=14
num_leaves=31
num_cat=2
split_feature=3 2 2 0 4 0 1 0 1 0 2 1 0 1 1 0 0 0 4 3 0 5 0 1 2 0 1 1 1 1
split_gain=12732.9 23692.1 156353 1.48357e+06 24660.5 676197 5.87037e+06 9.03855e+06 9.86334e+06 6944.8 122338 335622 391976 36690 578272 2.95033e+06 6158.84 10619.4 8202.34 5302.59 149288 790992 1.28316e+06 79707.6 16041.3 3051.32 26962.6 39747.7 3037.44 140613
threshold=0 0.50500000000000012 1.4550000000000003 0.39540000000000003 1.0000000180025095e-35 0.14410000000000003 14.405750000000003 8.3575000000000017 13.933900000000001 8.0068500000000018 8.0550000000000015 9.7279000000000018 15.874950000000002 14.034400000000002 9.7701000000000011 11.762650000000002 10.701450000000003 10.804450000000001 1.0000000180025095e-35 1 6.9426500000000013 1.0000000180025095e-35 6.2167500000000002 9.7279000000000018 3.0050000000000003 10.176900000000002 9.6849500000000024 14.880550000000001 11.203800000000003 9.5015500000000017
decision_type=9 2 2 2 2 2 2 2 2 2 2 2 2 2 2 2 2 2 2 9 2 2 2 2 2 2 2 2 2 2
left_child=1 -1 3 -3 25 -6 7 8 -7 19 13 16 -13 14 -11 -16 -12 -18 -19 20 21 23 -23 -2 -25 26 -4 -28 29 -21
right_child=9 2 4 -5 5 6 -8 -9 -10 10 11 12 -14 -15 15 -17 17 18 -20 28 -22 22 -24 24 -26 -27 27 -29 -30 -31
leaf_value=0.033695671573548504 -0.099605759955407103 56.234955284045057 -0.086432715645624117 -0.38765567077646473 -0.85711659641708948 -38.763777732018525 -3.5739055659377912 -11.545038933366028 1253.3308056377819 -0.42522054415952426 -0.050408475063167424 -99.005220857730592 -2.9659603800129375 -0.092279887005577876 -500.79117038048639 -5.5668703002183531 -0.050309652435800135 -93.295733691950545 -23.894099787008514 -0.047233881400352652 0.014328768604068707 -223.13655342332746 -6.0232525208728971 -23.329191054991753 -64.926741948655277 0.031536507730837354 -40.256086997908227 -4.6704092670899424 0.11207508605542234 -23.371845691883909
leaf_weight=319.06478225169423 2.0301296964978941 1.3209356988494594 4.3544007392830828 9.311539843657803 14.36167823616921 0.023247560476175849 1.0245048105130254 0.082026070253371372 0.040501620744781794 4.0901808922312002 1.1981180084505243 0.21800813078880255 0.20723828673362732 134.06196577807603 0.035540081615893615 0.19558555391064658 0.031463277174843478 0.0064346272067188964 0.012581879181268962 306.28652466252413 55.133312220880818 0.1116195418009284 0.17435591172553286 0.040630575269460505 0.053950762019767291 84.179933243668884 0.10322462502892921 0.32720618695021625 405.24048718769205 0.64751914980462189
leaf_count=828 3545 87 889 291 312 173 135 110 9 665 656 1252 27 1343 510 68 24 337 317 67570 237 982 123 35 209 146 120 63 1088 995
internal_value=0.0303576 0.249804 0.870418 6.64691 0.282664 2.12096 38.6679 335.542 782.14 -0.0762816 -0.400972 -13.8373 -52.2017 -0.238449 -4.77314 -81.7173 -0.771212 -17.8792 -47.3776 -0.0181924 -0.441483 -12.6974 -90.7651 -2.18992 -47.0571 -0.0382761 -1.2665 -13.2045 0.0219013 -0.0964403
internal_weight=1343.97 434.194 115.129 10.6325 104.497 15.532 1.17028 0.145775 0.0637492 909.776 140.057 1.67384 0.425246 138.383 4.32131 0.231126 1.2486 0.0504798 0.0190165 769.719 57.544 2.41069 0.285975 2.12471 0.0945813 88.9648 4.78483 0.430431 712.175 306.934
internal_count=83146 3163 2335 378 1957 739 427 292 182 79983 5199 2613 1279 2586 1243 578 1334 678 654 74784 5131 4894 1105 3789 244 1218 1072 183 69653 68565
cat_boundaries=0 1 2
cat_threshold=136 768
is_linear=0
shrinkage=0.05


Tree=15
num_leaves=31
num_cat=0
split_feature=1 0 0 2 6 1 1 0 0 2 2 2 0 0 0 0 2 2 2 0 4 2 0 0 1 1 0 0 2 2
split_gain=8704.58 165772 4.13286e+06 9.59722e+07 22450.6 67453.9 70605.9 13358.3 623116 1.71086e+07 156937 276122 533511 5.96923e+06 348135 81163.7 283780 157010 51034.3 50138.6 73211.1 47383.7 21904.2 18258.1 2.19321e+06 1.55001e+07 3.62694e+06 6.07475e+06 17482.2 17054.9
threshold=13.262450000000001 4.2924500000000014 2.6679000000000004 3.8750000000000004 1.0000000180025095e-35 8.7801000000000027 9.1006000000000018 1.8578500000000002 1.2252500000000002 8.0650000000000031 1.3250000000000004 0.84500000000000008 13.149250000000002 5.9505500000000007 2.7603000000000004 1.3875500000000003 7.3850000000000007 7.2150000000000007 1.2150000000000001 5.1990000000000007 1.0000000180025095e-35 7.8450000000000006 3.6060500000000002 10.913500000000001 9.466350000000002 9.5015500000000017 4.1110500000000014 9.770500000000002 7.9250000000000007 8.0150000000000023
decision_type=2 2 2 2 2 2 2 2 2 2 2 2 2 2 2 2 2 2 2 2 2 2 2 2 2 2 2 2 2 2
left_child=4 2 3 -2 7 -6 -7 8 -1 15 11 12 13 14 -9 -10 17 -17 19 22 -21 -18 -13 24 -12 -26 -27 -28 -23 -30
right_child=1 -3 -4 -5 5 6 -8 10 9 -11 23 18 -14 -15 -16 16 21 -19 -20 20 -22 28 -24 -25 25 26 27 -29 29 -31
leaf_value=-0.057793354088454346 2926.6612094033244 0.066006701925761413 -0.32432200896604063 -151.20828994113921 -0.079075051478284086 -0.056398083410746008 -55.963499069820458 -483.32647618173991 -0.58790732358219544 1863.4269768891086 -0.55110065076088666 -90.359091316668298 -0.052157092442991854 -3311.4226222120556 -38.96498031168197 -793.51316092441368 -23.3003905811557 -106.19113597387582 -2.3448925588099185 -329.43973874202993 -56.93506827174599 -88.662859179162936 -9.800540409757172 -0.026184005988814919 -0.41969964508253099 -564.57770326028367 -3020.0074113033343 -830.37657391749735 -386.68008623470678 -141.47940935363042
leaf_weight=343.42320032813808 0.028690767541149742 886.42011771113835 5.5404333225369546 0.21602755295265297 0.67770434967988413 0.10057523846626287 0.12879095431569015 0.0053789167320157675 0.1859295872429875 0.012747625341383823 27.632565038655397 0.011626728042243281 0.03964716822688974 0.0015401468191795836 0.024412197328607849 0.0020164768631068175 0.045160668910870908 0.0014132136267903661 0.24223585012442617 0.0037948967263332772 0.00703172577088651 0.0028212632089568779 0.030767669741180725 53.793750992796078 0.13602202712034545 0.0066427249068972726 0.0068378453673281162 0.0059012946424357171 0.0014225486305978485 0.0014141337408910936
leaf_count=64011 535 3891 150 885 31 1 163 94 155 80 9502 78 23 333 381 197 375 34 80 79 49 12 84 1012 21 139 539 105 79 28
internal_value=0.0322467 0.121066 8.55744 209.641 -0.153543 -8.01134 -31.4487 -0.136797 -1.5524e-05 78.4509 -0.710434 -33.3587 -121.912 -276.116 -119.196 -16.288 -70.0983 -510.3 -12.0853 -56.4187 -152.452 -40.3896 -31.8938 -0.56379 -1.60452 -188.915 -1511.77 -2005.68 -176.793 -264.443
internal_weight=1318.74 892.205 5.78515 0.244718 426.531 0.907071 0.229366 425.624 343.676 0.252926 81.9482 0.366435 0.0709784 0.0313313 0.0297911 0.240178 0.0542483 0.00342969 0.295457 0.053221 0.0108266 0.0508186 0.0423944 81.5817 27.788 0.155404 0.0193819 0.0127391 0.00565795 0.00283668
internal_count=83146 5461 1570 1420 77685 195 164 77490 64971 960 12519 1201 831 808 475 880 725 231 370 290 128 494 162 11318 10306 804 783 644 119 107
is_linear=0
shrinkage=0.05


Tree=16
num_leaves=31
num_cat=1
split_feature=8 2 3 5 4 6 2 2 2 2 5 4 2 5 4 2 2 6 4 2 2 2 6 2 2 2 6 11 4 2
split_gain=6666.28 5502.23 17898.9 56054.9 114232 79678.9 252461 359625 30232.2 6677.46 105391 614834 13616.3 19398.1 75285.6 28752.1 5180.69 8772.95 45579.3 29333.4 17754.8 4564.74 10581.1 7981.24 4522.85 3815.05 4771.19 149886 231060 84426.9
threshold=1.0000000180025095e-35 3.9950000000000006 0 1.0000000180025095e-35 1.0000000180025095e-35 1.0000000180025095e-35 7.5950000000000006 7.285000000000001 10.565000000000003 10.095000000000001 1.0000000180025095e-35 1.0000000180025095e-35 8.1550000000000029 1.0000000180025095e-35 1.0000000180025095e-35 9.4050000000000029 4.9850000000000012 1.0000000180025095e-35 1.0000000180025095e-35 4.1250000000000009 4.2750000000000012 7.4250000000000007 1.0000000180025095e-35 6.745000000000001 4.5050000000000008 3.8050000000000002 1.0000000180025095e-35 1.0000000180025095e-35 1.0000000180025095e-35 1.8350000000000002
decision_type=2 2 9 2 2 2 2 2 2 2 2 2 2 2 2 2 2 2 2 2 2 2 2 2 2 2 2 2 2 2
left_child=1 25 9 -4 5 6 7 -5 -8 12 -11 -12 16 -14 -15 -16 17 18 -3 -20 -21 23 -23 -6 -22 26 27 -1 -29 -30
right_child=-2 2 3 4 21 -7 8 -9 -10 10 11 -13 13 14 15 -17 -18 -19 19 20 24 22 -24 -25 -26 -27 -28 28 29 -31
leaf_value=-0.0088485787383106602 -2.8973643148035571 -1.3910003046545705 -0.95929641583044811 -1106.3127043501095 -25.878395213641149 -23.190458349037986 -41.100639415266009 -129.49689986599577 -118.64769196646444 0.035332860347076771 25.999836667338151 -47.03549152850465 -1.891036501061587 -10.081749636679284 -65.644214963900509 -194.67707099086738 -0.18516208119521563 -0.37805086614917571 -7.151328232317046 -86.318026012838175 -19.111109222304432 -4.0706371014286757 -16.047677165717118 -6.6575417939691377 -40.639491536727071 0.48486026316058145 0.14050140910634132 -47.021134192914808 -2.9929153799829518 -38.199723404282743
leaf_weight=341.70412217769422 1.9918866074376627 1.5699739822333274 18.478311641597806 0.0014462488199373583 0.075511359217894536 0.11839613318511011 0.03897627515666921 0.002703811923305508 0.018550112321394502 179.45727097010223 1.5032378588941515 0.35649605924248806 0.97775303193246421 0.2990472753630653 0.011433945378834687 0.0069363004258693453 178.17577986488877 3.9230615442461314 0.1268465539957174 0.018546866312307772 0.036724088631859164 1.9831692862807568 0.20330913178622712 0.18966589413769341 0.072678606209661253 51.251354940138981 491.10376365352386 0.39706642661356939 2.1569426664322653 0.18487674089143968
leaf_count=5792 200 1029 3677 96 100 93 218 25 284 3229 2151 1434 706 627 71 75 59793 76 55 77 89 448 115 49 172 494 620 777 231 343
internal_value=-0.00708193 -0.00256457 -0.1597 -1.31074 -8.75885 -47.1958 -93.2774 -469.906 -66.1067 -0.0561167 0.158048 11.9996 -0.268799 -5.37751 -16.117 -114.365 -0.232824 -1.71029 -4.57446 -24.19 -41.0817 -5.93567 -5.18432 -12.1308 -33.4129 0.066124 0.0404392 -0.102229 -11.7523 -5.77234
internal_weight=1276.44 1274.44 387.646 21.11 2.63173 0.180073 0.0616764 0.00415006 0.0575264 366.536 181.317 1.85973 185.219 1.29517 0.317418 0.0183702 183.924 5.74783 1.82477 0.254796 0.12795 2.45166 2.18648 0.265177 0.109403 886.798 835.547 344.443 2.73889 2.34182
internal_count=83146 82946 74689 5105 1428 716 623 121 502 69584 6814 3585 62770 1479 773 146 61291 1498 1422 393 338 712 563 149 261 8257 7763 7143 1351 574
cat_boundaries=0 1
cat_threshold=1284
is_linear=0
shrinkage=0.05


Tree=17
num_leaves=31
num_cat=0
split_feature=2 1 1 0 0 0 0 2 2 2 1 1 2 1 1 0 0 0 0 4 2 0 0 2 2 0 4 2 1 1
split_gain=21009.1 560357 5.78411e+06 527373 2.70803e+06 39079.4 171736 7.40093e+06 1.55978e+07 3.36721e+07 1.29944e+06 6.13863e+06 99651.9 92038.1 4.51218e+06 1.33896e+07 1.15361e+07 290300 61405.3 34955.6 39555.6 74830.3 29169.7 212114 177980 12515.2 9285.82 19450.9 8228.77 5004.35
threshold=5.2250000000000005 15.447300000000002 15.477100000000002 14.000600000000002 14.487500000000002 1.8578500000000002 1.2223000000000004 8.0150000000000023 8.0650000000000031 8.0950000000000006 9.466350000000002 9.5470500000000023 10.285000000000002 13.692350000000001 9.466350000000002 7.7317000000000009 8.4286000000000012 7.6239000000000008 5.083050000000001 1.0000000180025095e-35 10.095000000000001 8.0068500000000018 1.3363000000000003 7.7750000000000012 7.8150000000000004 2.7862500000000003 1.0000000180025095e-35 10.095000000000001 8.153850000000002 1.0000000180025095e-35
decision_type=2 2 2 2 2 2 2 2 2 2 2 2 2 2 2 2 2 2 2 2 2 2 2 2 2 2 2 2 2 2
left_child=-1 3 -3 5 -5 6 10 22 -9 -10 26 -12 -13 14 19 17 -17 18 -16 20 -7 -22 -8 -24 -25 28 27 -2 -21 -23
right_child=1 2 -4 4 -6 13 7 8 9 -11 11 12 -14 -15 15 16 -18 -19 -20 25 21 29 23 24 -26 -27 -28 -29 -30 -31
leaf_value=0.070886475763026466 -0.05318413084275684 -2.0574422420689547 -620.20557903326539 319.56749549398273 -1.8794058356723415 -1.5934397963821791 -0.11217655626161677 -12.605414193030777 -203.35165900731715 6347.9762720721465 -0.7495798680406589 -568.32383806471216 -717.05491920038048 -0.089319884675885031 -171.57117357125816 -416.45877016799864 -4185.7159152861341 -9.2337599507090555 -268.98590351326249 -23.480040364474867 -7.0385286274887697 -34.559573319161011 -12.075084577415032 -127.87230885636097 -882.02373826026314 -0.072923969054235094 0.06835191003838062 -1.578863392899688 -3.5300481392658067 -9.4488393330989204
leaf_weight=932.58510156607963 64.091031500733052 0.45457296328582408 0.041280102459454682 0.079014864647504901 0.38363461899989076 2.8331796151378561 0.80486599623689425 0.015929452085401863 0.0044269203208386898 0.0035215523821534589 0.21487668907640867 0.022524398839531719 0.022524289786815647 23.453882670623759 0.032357846105783739 0.0040825170472089667 0.0040375895167139575 0.021780181472422555 0.032349922901858008 0.093897021254248994 2.4399347789959949 0.29540661272898194 0.0457378504821052 0.0019558406203018098 0.0013038937472548691 6.8094214033102078 167.23957178778471 30.992909861678342 0.11498366654969065 0.02126983110578351
leaf_count=11831 52305 47 921 66 195 5946 756 43 22 70 146 751 459 1182 197 46 399 9 252 83 540 581 496 37 123 1471 2322 1817 16 17
internal_value=-0.0462784 -0.409801 -53.5187 -0.322044 53.0198 -0.40441 -0.192869 21.8868 890.099 2699.2 -0.266675 -112.007 -642.689 -1.94584 -5.37368 -349.387 -2290.66 -167.127 -220.273 -2.79228 -5.74228 -10.0064 -2.39235 -39.8479 -429.533 -0.442724 -0.155956 -0.550484 -12.4981 -32.873
internal_weight=1233.16 300.576 0.495853 300.08 0.462649 299.618 263.461 0.877742 0.0238779 0.00794847 262.583 0.259925 0.0450487 36.1566 12.7027 0.0946081 0.00812011 0.086488 0.0647078 12.6081 5.58979 2.75661 0.853864 0.0489976 0.00325973 7.0183 262.324 95.0839 0.208881 0.316676
internal_count=83146 71315 968 70347 261 70086 59347 1547 135 92 57800 1356 1210 10739 9557 903 445 458 449 8654 7084 1138 1412 656 160 1570 56444 54122 99 598
is_linear=0
shrinkage=0.05


Tree=18
num_leaves=31
num_cat=0
split_feature=2 5 0 2 4 1 2 1 4 1 1 1 1 0 0 1 1 2 2 0 1 1 2 1 1 2 1 2 0 0
split_gain=22964.5 142876 3.31672e+06 3.21197e+07 1.45406e+08 895331 1.9842e+06 249521 894970 224287 677015 2.175e+06 2.06222e+06 122084 856542 3.29072e+06 7.69617e+06 439654 121538 4.3851e+06 27487.3 505802 13430.4 9456.28 8714.74 5770.33 14387.7 15529.1 4920.67 4787.68
threshold=7.2150000000000007 1.0000000180025095e-35 1.8578500000000002 8.2250000000000032 1.0000000180025095e-35 9.5015500000000017 7.9050000000000011 15.381700000000002 1.0000000180025095e-35 8.9874000000000027 9.1888000000000023 9.2339000000000002 9.267850000000001 6.6245000000000012 2.7084000000000006 14.275750000000002 8.8476500000000016 10.135000000000003 7.0850000000000009 9.8891500000000025 13.933900000000001 9.2339000000000002 7.2650000000000006 8.1394500000000019 8.6566500000000008 5.2250000000000005 15.447300000000002 7.0450000000000008 7.1715000000000009 3.0912500000000005
decision_type=2 2 2 2 2 2 2 2 2 2 2 2 2 2 2 2 2 2 2 2 2 2 2 2 2 2 2 2 2 2
left_child=18 5 3 9 -5 -2 -7 13 22 -3 -11 -12 -13 14 -4 16 17 -16 25 23 21 28 -9 -20 -25 29 -27 -28 -15 -1
right_child=1 2 7 4 -6 6 -8 8 -10 10 11 12 -14 20 15 -17 -18 -19 19 -21 -22 -23 -24 24 -26 26 27 -29 -30 -31
leaf_value=0.48460026674506385 0.0074032484653213347 -1.2147303672388037 -3.076231225134936 -7756.6388268601122 -283.0727888658281 -23.274399976277245 -410.17762547873201 -0.066026699160553745 141.95882767273642 -0.050051787574877417 -0.050051830620585935 -0.050052490921139829 -2864.0719835860609 -6.5698893283709232 -0.050001978261083713 -2.4226959865922009 -5026.9956798657586 -647.12045400967554 -0.10550856160612561 447.14646590252926 -0.02894164834819813 -90.856204539007493 -20.165201000425771 -0.050063465899325657 -44.00311123218296 -0.8280805007769283 -38.169670036873434 -2.2500174798019335 -0.98827445463858032 0.037705540179846675
leaf_weight=64.551165749141319 241.90784929790979 0.60102449383817991 0.65629703276490392 0.0074516332474786747 0.05140932826189136 0.15293264184483329 0.042304143599729727 0.18381243944167974 0.13839701622382616 0.024786115274764597 0.0062045501545071602 0.0010475864401087165 0.0015712170138700854 0.42958742383653969 0.0032576096957332356 0.060577694326844185 0.001004572317697682 0.013520394895749632 1.7683975459659964 0.056361855939030758 17.043476376849149 0.16300619123460958 0.15171307379142468 0.021363142412155825 0.023888137702867393 12.92306536576165 0.053782276955877673 0.068304866552352905 4.8847047112242148 837.41245936708333
leaf_count=7426 53611 653 91 1569 602 476 913 3 300 27 6 1 135 170 303 70 205 327 1669 25 643 450 201 17 67 7438 140 5 1198 4405
internal_value=-0.0381407 -0.446665 -4.09154 -111.874 -1229.21 -0.0789776 -107.109 -0.94158 34.9745 -8.24375 -133.941 -510.06 -1718.39 -1.67351 -21.7314 -177.976 -776.011 -521.486 0.0806125 12.8145 -1.0192 -4.10054 -9.15418 -0.683045 -23.2529 0.0545882 -0.989477 -18.0735 -1.43947 0.0696886
internal_weight=1183.4 266.526 24.4228 0.693495 0.058861 242.103 0.195237 23.7294 0.473923 0.634634 0.0336095 0.00882335 0.0026188 23.2554 0.734657 0.0783603 0.0177826 0.016778 916.879 1.87001 22.5208 5.4773 0.335526 1.81365 0.0452513 915.009 13.0452 0.122087 5.31429 901.964
internal_count=83146 61954 6954 2993 2171 55000 1389 3961 504 822 169 142 136 3457 996 905 835 630 21192 1778 2461 1818 204 1753 84 19414 7583 145 1368 11831
is_linear=0
shrinkage=0.05


Tree=19
num_leaves=31
num_cat=1
split_feature=3 2 0 6 2 2 0 2 0 0 0 0 2 1 1 1 5 1 1 2 2 0 1 2 2 2 1 2 4 2
split_gain=9451.95 28182.9 60716.3 6077.61 21552.1 398471 153888 962621 12194.9 1.08436e+06 2.29532e+07 2.03368e+08 3.15295e+08 41023 8.48251e+06 3.79565e+07 36155.8 3.6257e+07 3.57122e+08 1.80967e+07 2.32344e+08 3473.54 48856 3025.3 93388.4 291659 2728.87 1652.4 1315.14 5352.3
threshold=0 1.3250000000000004 10.371450000000001 1.0000000180025095e-35 7.4750000000000005 7.5650000000000004 9.9408000000000012 8.0350000000000019 1.8578500000000002 1.2223000000000004 1.2252500000000002 1.3363000000000003 1.8350000000000002 14.200250000000002 9.466350000000002 13.836400000000001 1.0000000180025095e-35 9.1236000000000015 9.2339000000000002 8.0550000000000015 8.1350000000000033 10.8573 15.070250000000003 1.2150000000000001 5.1750000000000007 4.1650000000000009 9.3131000000000022 7.3850000000000007 1.0000000180025095e-35 1.8350000000000002
decision_type=9 2 2 2 2 2 2 2 2 2 2 2 2 2 2 2 2 2 2 2 2 2 2 2 2 2 2 2 2 2
left_child=1 -1 -3 8 21 -6 7 -7 9 16 -11 -12 -13 14 -10 -16 26 19 -19 23 -21 -5 -23 -18 25 -25 -2 -17 29 -15
right_child=3 2 -4 4 5 6 -8 -9 13 10 11 12 -14 28 15 27 17 18 -20 20 -22 22 -24 24 -26 -27 -28 -29 -30 -31
leaf_value=0.018884037625881624 0.01287264371410129 3.5279968702109237 0.0095446934992607056 0.038483046156302846 41.805436146645796 -1.0264671474238172 1.3852564814768946 -197.46462854316039 -0.51134894941508857 -0.34058708246200026 -13.678338687033921 -48.83309751407964 30176.762547910901 -0.2967569083312897 -2272.1000820684635 -14.454815715398935 -0.26312530206838153 -0.050049239825585103 -30013.602509459022 -0.050017734287581751 24619.65597812842 5.5537468176642308 -0.17915369019843266 -646.70693078769455 -0.42473290510129624 -21.161802254058024 -0.50976641328119154 -1.5562230043199008 -0.02739360173374077 -4.9088961064547716
leaf_weight=124.80165394890821 251.88036397320136 20.393132272448497 30.750104266934528 473.63161116243896 0.60322608053685911 0.51711860341688787 14.197657618826513 0.070918224980681011 35.76717584516809 0.68837945286219038 0.029350666200362918 0.0020498914105292988 0.0014898795003441857 7.7718857772744325 0.022512719624532329 0.041362477205650394 0.63693397448539102 0.010807938408106565 0.0010911737302581334 0.013103403965942562 0.0010339240945675962 4.2763429769860926 28.375718142626731 0.0023196226478852172 0.26687374886159754 0.0094733970240860003 27.724902278299936 0.062119994689345037 135.82840298908403 0.68443299230622745
leaf_count=373 59197 299 88 639 13 34 484 616 11217 720 70 72 825 246 1443 242 56 15 790 47 1605 73 249 175 757 25 1251 106 978 441
internal_value=0.0745202 0.401179 1.41251 0.0118581 0.1289 1.97226 0.347143 -24.7172 -0.120203 0.0855231 61.3137 1351.71 12673 -0.441354 -1.954 -411.49 -0.071891 -9.85298 -2752.36 25.2465 1800.5 0.07287 0.571667 -2.16419 -6.50935 -144.203 -0.0389508 -6.71186 -0.0650589 -0.670052
internal_weight=1159.06 175.945 51.1432 983.119 521.673 15.3889 14.7857 0.588037 461.446 281.268 0.72127 0.0328904 0.00353977 180.178 35.8932 0.125995 280.547 0.941637 0.0118991 0.929738 0.0141373 506.284 32.6521 0.915601 0.278667 0.011793 279.605 0.103482 144.285 8.45632
internal_count=83146 760 387 82386 2108 1147 1134 650 80278 65605 1687 967 897 14673 13008 1791 63918 3470 805 2665 1652 961 322 1013 957 200 60448 348 1665 687
cat_boundaries=0 1
cat_threshold=8
is_linear=0
shrinkage=0.05


Tree=20
num_leaves=31
num_cat=1
split_feature=2 2 2 5 0 2 2 0 0 0 0 0 0 2 2 4 2 0 6 0 0 0 0 0 0 2 2 3 2 0
split_gain=36773.6 194902 307528 183629 7.7959e+06 4.74272e+08 3.25734e+09 161256 9.13385e+06 1.38466e+08 164668 1.08121e+06 84976.4 72143.9 47541.7 37820.8 765080 53321.3 36850.9 276672 2.34704e+06 127191 2.36182e+06 39011.7 18979.3 17341.1 146256 15248.9 55420.6 20503.7
threshold=7.4850000000000012 7.4650000000000007 7.4750000000000005 1.0000000180025095e-35 1.9466000000000003 8.0750000000000011 8.1050000000000022 1.2252500000000002 2.9499500000000007 1.9466000000000003 10.231600000000002 10.747100000000001 2.5956500000000005 8.0650000000000031 7.6750000000000007 1.0000000180025095e-35 9.4050000000000029 6.7921500000000004 1.0000000180025095e-35 8.0068500000000018 11.506600000000001 11.546750000000001 11.448250000000002 10.8573 9.0492500000000025 7.8650000000000011 7.955000000000001 0 1.3250000000000004 6.5633000000000008
decision_type=2 2 2 2 2 2 2 2 2 2 2 2 2 2 2 2 2 2 2 2 2 2 2 2 2 2 2 9 2 2
left_child=1 27 -3 7 5 14 -7 -2 9 -9 15 -12 13 -11 -5 16 17 -10 19 -6 23 22 25 24 -21 -20 -27 28 -1 -29
right_child=3 2 -4 4 18 6 -8 8 10 12 11 -13 -14 -15 -16 -17 -18 -19 21 20 -22 -23 -24 -25 -26 26 -28 29 -30 -31
leaf_value=0.018010148519038451 0.0038807542018933481 -0.60131835780705523 50.665612846910278 -1.6887883870105356 -0.65275658192191521 -55.626877345280185 -88742.458775657433 -13728.97581911118 -8.3671442243956005 -593.48015080698451 -17.723442966255917 -879.98357639862013 -3.8841662345764343 -134.41370135078532 -53.974445508172678 -1.2825592939408035 -1111.7619248019917 -318.06009412102566 -1.0352530285042816 -27.502233317084688 -844.90842651148705 -0.71582583714522818 246.10633778173701 -10.321906677483623 -70.636962775420386 -0.4952407646022769 -98.099163806523961 -0.76739731913832809 2.3562602063291345 0.033375101087195339
leaf_weight=124.32676092392256 226.62388541693969 0.72561457412315544 0.49008334697792555 0.53926808257060121 19.975044965896036 0.0080968956535798497 0.0011871437959714024 0.0019593564326494109 0.078151841174672831 0.0010109135199141582 0.03677854465013828 0.004034395437892877 0.026084957829483214 0.0055787974177309782 0.047288399803087966 3.8156251449907184 0.0016191244881033481 0.0014150494302214286 0.68224055334632205 0.051002965530432792 0.0089945204877616147 3.9785310067606998 0.10320361703634573 0.17886359123318579 0.051002978001176563 0.2486648307781642 0.045386552935902158 91.236531489189815 31.828968302883879 645.51797778485923
leaf_count=373 38879 669 478 275 1340 44 2195 630 2395 692 81 410 241 72 290 713 341 99 34 284 706 192 22 182 525 7 466 26908 176 3427
internal_value=-0.091945 0.0594548 20.0659 -0.619674 -4.60995 -183.377 -11396 -0.171172 -10.1582 -818.591 -3.04749 -102.959 -44.4118 -204.838 -5.90408 -2.00108 -35.7704 -13.8748 -0.403614 -1.35653 -49.8549 3.41424 18.6358 -24.3943 -49.0696 -5.41009 -15.5603 0.032216 0.464844 -0.0649081
internal_weight=1150.64 894.126 1.2157 256.515 25.9188 0.595841 0.00928404 230.596 3.97226 0.034634 3.93762 0.0408129 0.0326747 0.00658971 0.586556 3.89681 0.081186 0.0795669 25.3229 20.2649 0.289864 5.05803 1.0795 0.28087 0.102006 0.976292 0.294051 892.91 156.156 736.755
internal_count=83146 32031 1147 51115 6562 2804 2239 44553 5674 1635 4039 491 1005 764 565 3548 2835 2494 3758 3037 1697 721 529 991 809 507 473 30884 549 30335
cat_boundaries=0 1
cat_threshold=8
is_linear=0
shrinkage=0.05


Tree=21
num_leaves=31
num_cat=1
split_feature=3 1 1 2 2 11 7 2 2 1 2 2 1 2 1 1 4 1 2 1 1 1 1 4 1 2 2 1 2 5
split_gain=37402.1 538411 1.99879e+06 23329.6 458765 14965.6 322112 3.75501e+06 7.5412e+07 174785 157321 34948.6 14384.9 9118.58 780744 4.61638e+06 2.65574e+06 1.20493e+07 80826 13761.4 63974.4 742368 216752 3.81058e+06 5.16158e+06 1.17276e+07 741635 366219 7192.43 16452.4
threshold=0 9.6849500000000024 14.839450000000001 7.4850000000000012 7.4650000000000007 1.0000000180025095e-35 1.0000000180025095e-35 1.8350000000000002 3.7050000000000005 14.320600000000001 2.4050000000000007 1.2150000000000001 6.2543500000000014 7.205000000000001 14.320600000000001 14.578600000000002 1.0000000180025095e-35 15.546550000000002 7.8850000000000007 11.516400000000003 4.2579000000000002 5.347900000000001 9.2798500000000015 1.0000000180025095e-35 9.4250500000000024 10.655000000000003 7.9050000000000011 9.466350000000002 5.2250000000000005 1.0000000180025095e-35
decision_type=9 2 2 2 2 2 2 2 2 2 2 2 2 2 2 2 2 2 2 2 2 2 2 2 2 2 2 2 2 2
left_child=1 3 -3 4 -1 13 7 9 10 11 -9 -7 -6 28 19 -16 18 -18 -17 20 -15 -22 -23 24 -24 26 -26 -25 -2 -30
right_child=5 2 -4 -5 12 6 -8 8 -10 -11 -12 -13 -14 14 15 16 17 -19 -20 -21 21 22 23 27 25 -27 -28 -29 29 -31
leaf_value=-1.0147827025442184 0.09478549751067171 -552.3039816810234 -24.506775040923127 -0.61411943458612683 -60.724296488517922 -47.21151205161496 0.073972903263100964 -33.217918608253449 -6575.1326297002861 -1.1216566710642686 -137.87703756198806 -17.368271633172895 -36.984058057857801 0.0093231123083157477 267.73352675064325 -0.47206004694109316 -19.372200708251306 932.0078172912971 -31.743068640023154 -2.0168484198802044 79.21213016881164 -0.20673104729058889 -5.0552866441232602 -0.54320343480728051 -584.62310522050564 2082.8132853411976 -2032.8579761227536 -166.70330514932857 -11.796426974024746 -0.96129653436674056
leaf_weight=8.8281049055202736 749.52608974377142 0.020642712810879205 0.13690071187604053 43.97909456664398 0.31726796661082879 0.24919553289736968 115.50233897939324 0.10856176147944982 0.0045778893925635658 3.7624714045637209 0.053651552647352219 0.16179794074680426 0.079872192771290429 204.92396822252323 0.1848864164204852 2.4361091727228001 0.15276575131676337 0.042550809813147544 0.22578850393615324 7.4448618898989869 0.32041407457421467 6.5272757955074079 0.019980261348369881 0.10170371497517222 0.0029936377250187303 0.010948822833597665 0.0012544224882731266 0.049204320152061415 0.37235529590181826 5.9283689309811294
leaf_count=21840 5020 556 186 39105 909 384 13 141 1133 292 343 94 178 8051 129 83 359 389 457 529 7 774 52 57 91 105 125 304 692 748
internal_value=0.0309241 -1.15121 -93.6634 -1.09365 -3.37969 0.0979604 -0.42852 -13.8008 -246.438 -4.50351 -67.8336 -35.463 -55.9497 0.163458 0.444845 25.6012 9.93313 187.891 -3.12454 0.0960427 0.170257 4.85894 1.31022 54.52 523.156 1217.63 -1012.28 -54.7205 0.0806439 -1.60162
internal_weight=1151.48 53.3619 0.157543 53.2043 9.22525 1098.11 119.843 4.34026 0.166791 4.17346 0.162213 0.410993 0.39714 978.272 222.445 3.0421 2.85721 0.195317 2.6619 219.403 211.958 7.03378 6.71336 0.186085 0.0351771 0.0151969 0.00424806 0.150908 755.827 6.30072
internal_count=83146 62774 742 62032 22927 20372 2400 2387 1617 770 484 478 1087 17972 11512 1417 1288 748 540 10095 9566 1515 1508 734 373 321 216 361 6460 1440
cat_boundaries=0 1
cat_threshold=1536
is_linear=0
shrinkage=0.05


Tree=22
num_leaves=31
num_cat=2
split_feature=3 1 3 1 1 1 11 7 1 1 2 2 1 1 2 1 1 2 2 2 1 2 1 2 2 2 2 2 1 1
split_gain=31220.9 657210 12273 241533 1.45575e+06 61210.5 9174.89 138940 2.68309e+06 1.46807e+07 6327.87 67189.1 49183.3 45054.9 5362.31 12969.3 5175.83 43115.3 813926 1.99609e+06 13326.6 7925.04 6533.7 5615.17 4658.84 181265 500519 39532 1.69121e+06 2.07446e+07
threshold=0 9.6849500000000024 1 15.154500000000002 14.631350000000003 1.0000000180025095e-35 1.0000000180025095e-35 1.0000000180025095e-35 14.717500000000003 14.367050000000003 7.4850000000000012 7.4650000000000007 6.3674000000000008 6.2713500000000009 0.74500000000000011 14.449450000000002 14.405750000000003 4.8250000000000011 7.8450000000000006 7.8550000000000013 13.794700000000001 7.4750000000000005 15.381700000000002 7.0450000000000008 10.255000000000001 10.515000000000002 10.285000000000002 5.3450000000000006 9.0681000000000029 9.3503000000000025
decision_type=9 2 9 2 2 2 2 2 2 2 2 2 2 2 2 2 2 2 2 2 2 2 2 2 2 2 2 2 2 2
left_child=1 10 3 4 5 -2 16 8 9 -8 11 -1 13 -13 -11 -16 20 -18 22 -20 24 -22 -19 -24 27 26 -26 -4 -29 -30
right_child=2 -3 6 -5 -6 -7 7 -9 -10 14 -12 12 -14 -15 15 -17 17 18 19 -21 21 -23 23 -25 25 -27 -28 28 29 -31
leaf_value=-2.3615521554984031 8.2623529341393702 -117.25657268310532 -0.077531240030641727 0.022047447408865675 84.964646363061192 -1.4212241210297802 -1015.7874364319944 0.072075129222465673 -1.2247309071713799 -3.0725858322763169 -1.0702941935117647 -402.97472613134033 -42.128430274786858 -54.205903155208517 -5.793878606575035 -37.27844486935242 -0.0035998146570114945 -0.34172740847543254 -0.43096252494825854 -352.90434479756328 0.32575924451468236 1.1416137592544082 -3.1955498316474831 -14.413822625258653 67.639732800882896 0.054979224887556903 -0.51199628301644617 -1.9525801086564851 -8.4583586438796416 -4885.1332895441001
leaf_weight=3.6689885497029322 2.8774412661878719 0.12286870869235755 155.33489551486355 119.36964366295116 0.58620073646480886 3.770018636126176 0.042383041253564957 112.73097991943359 8.2806182347080313 0.11608262117373355 24.283096021248802 0.0018609322222945524 0.065199038770515472 0.0018431158969178798 0.087085433304310012 0.052383434027433923 348.01019771403395 5.1769556286030873 0.13462002575397453 0.057247944178872523 87.522440205434577 45.1058705317555 0.50941890497219899 0.14281728354667544 0.37373076760560242 206.4302455458996 0.96511028587658088 2.9029604534297118 0.029605250274609168 0.0023541052182366176
leaf_count=21840 296 742 3630 206 63 195 1460 11 572 44 39105 916 162 9 52 160 866 170 3 1169 110 221 142 81 67 5965 210 4087 99 493
internal_value=0.0265967 -1.38052 0.074445 0.518688 9.43129 2.77044 0.0120171 -0.394714 -6.52881 -153.947 -1.36509 -3.28021 -52.1972 -229.429 -11.0115 -17.6192 0.0700219 -0.0761779 -4.27111 -105.599 0.173817 0.603225 -0.935897 -5.65197 0.0182281 0.173916 18.5122 -0.186151 -5.93501 -367.671
internal_weight=1128.76 28.1439 1100.61 126.603 7.23366 6.64746 974.008 121.31 8.57855 0.297935 28.021 3.73789 0.0689031 0.00370405 0.255551 0.139469 852.698 354.031 6.02106 0.191868 498.667 132.628 5.82919 0.652236 366.039 207.769 1.33884 158.27 2.93492 0.0319594
internal_count=83146 62774 20372 760 554 491 19612 2299 2288 1716 62032 22927 1087 925 256 212 17313 2431 1565 1172 14882 331 393 223 14551 6242 277 8309 4679 592
cat_boundaries=0 1 2
cat_threshold=1536 8
is_linear=0
shrinkage=0.05


Tree=23
num_leaves=31
num_cat=0
split_feature=0 6 0 0 0 2 2 2 2 2 0 0 5 2 0 2 0 2 0 4 0 0 0 0 2 2 2 4 2 4
split_gain=48538.4 13888.7 113470 14683.2 450080 637020 6823.06 158665 1.0095e+06 133055 3.45613e+06 93068.2 8.93165e+06 1.45747e+08 4.86697e+06 2.89257e+06 93148.2 30213 22688 326816 1.96984e+06 1.81789e+06 16352.2 22791.1 14996.5 15280.7 15066 25793.3 13733.7 1.36826e+06
threshold=14.000600000000002 1.0000000180025095e-35 3.8071500000000005 10.3238 10.969800000000001 3.8750000000000004 10.255000000000001 10.565000000000003 10.325000000000001 5.3450000000000006 6.7921500000000004 1.3363000000000003 1.0000000180025095e-35 7.4250000000000007 1.9466000000000003 6.5150000000000006 2.5014500000000006 9.9750000000000032 7.8705000000000007 1.0000000180025095e-35 10.129600000000002 10.176900000000002 8.517450000000002 8.9111000000000029 7.4850000000000012 8.1550000000000029 9.4550000000000018 1.0000000180025095e-35 5.5950000000000006 1.0000000180025095e-35
decision_type=2 2 2 2 2 2 2 2 2 2 2 2 2 2 2 2 2 2 2 2 2 2 2 2 2 2 2 2 2 2
left_child=1 6 -3 -4 5 -5 9 8 -8 -1 11 17 13 14 15 -13 -16 24 -9 -20 22 -22 -21 -24 28 -26 27 -27 -11 -30
right_child=-2 2 3 4 -6 -7 7 18 -10 10 -12 12 -14 -15 16 -17 -18 -19 19 20 21 -23 23 -25 25 26 -28 -29 29 -31
leaf_value=-0.081196049250996882 2.7778367553306147 5.4355871247701772 0.041126600045039735 55.048581337139844 -0.32859220500640474 -1.7115931161710636 125.30478962076415 0.043618394497841807 -0.87481827729799166 -1.8816050092739047 -802.32444231617842 -678.44994043446957 -1.340211681171033 -12786.612650215604 -1.8689022201630001 -3533.2165578099821 -308.53782129634453 -78.423859343719599 -1.8165345855405854 -12.85303136935493 -28.224326494684558 -2198.3448851205112 -154.20550120348807 -47.412982974284354 -0.69299983070186355 -48.046320288443411 -13.070979208084111 -293.52295571770765 -10.196378944854969 -1739.1070926015429
leaf_weight=369.44238284795307 16.333236480911182 10.24966073037575 439.66634204444057 0.90871661695512362 31.569032236226636 1.0839626069249602 0.18607144292579736 210.97096530706781 1.0703294940105887 0.2512293630785401 0.013584704520181456 0.0020636797416792069 4.0048725050683309 0.0023618422746551895 0.054810120638401266 0.0015566331573717306 0.002593295938350385 0.012759357333405386 2.0826756209135677 0.023432116344338304 0.0017746671801432972 0.002115275839391756 0.0061626096172067426 0.026391934413712181 8.3356068078387029 0.010417465689822547 0.099426246939707988 0.0011926141594842269 0.23159245929117267 0.0011500485024325538
leaf_count=11226 482 607 783 35 600 145 143 5027 211 494 1262 30 772 4482 268 124 1063 338 756 81 8 546 68 208 36031 458 451 63 16259 125
internal_value=0.0725192 0.0316176 0.230807 0.118076 1.12613 24.1726 -0.129739 0.0960735 17.8122 -0.256304 -5.22301 -4.3908 -10.6606 -599.546 -127.862 -1905.92 -15.7232 -1.53874 -0.00837129 -5.12765 -120.297 -1208.29 -44.7035 -67.6289 -1.4289 -0.93845 -19.3646 -73.2622 -9.98855 -18.7394
internal_weight=1096.65 1080.32 483.478 473.228 33.5617 1.99268 596.838 214.37 1.2564 382.468 13.0252 13.0116 4.06826 0.0633856 0.0610237 0.00362031 0.0574034 8.94337 213.114 2.14255 0.0598766 0.00388994 0.0559867 0.0325545 8.93062 8.44664 0.111036 0.0116101 0.483972 0.232743
internal_count=83146 82664 2170 1563 780 180 80494 7048 354 73446 62220 60958 6739 5967 1485 154 1331 54219 6694 1667 911 554 357 276 53881 37003 972 521 16878 16384
is_linear=0
shrinkage=0.05


Tree=24
num_leaves=31
num_cat=0
split_feature=0 1 0 6 0 0 0 0 1 1 1 0 0 0 5 0 1 4 1 1 0 0 0 1 1 1 0 0 0 0
split_gain=581367 4.48938e+06 41768.2 9852.65 129260 1.96237e+06 1.95743e+07 9.48158e+07 5084.48 177779 5.0462e+06 184819 1.64896e+06 9.21051e+06 23566.1 636275 9.15805e+06 1.14409e+07 2.55127e+06 7.33934e+06 88985.7 1.92286e+06 1.33344e+07 444478 913379 6.93742e+06 29395.1 170414 150023 642891
threshold=14.000600000000002 14.919850000000002 15.069100000000002 1.0000000180025095e-35 4.7444500000000014 4.3526000000000016 3.8071500000000005 3.2471000000000005 11.516400000000003 15.447300000000002 14.233800000000002 7.5786000000000007 6.3983500000000015 5.1990000000000007 1.0000000180025095e-35 1.8578500000000002 4.2579000000000002 1.0000000180025095e-35 8.8174500000000027 7.6670500000000006 0.34005000000000007 1.8578500000000002 1.2223000000000004 9.1236000000000015 9.3131000000000022 9.3922500000000024 3.0912500000000005 2.4501500000000003 2.5014500000000006 2.5657000000000005
decision_type=2 2 2 2 2 2 2 2 2 2 2 2 2 2 2 2 2 2 2 2 2 2 2 2 2 2 2 2 2 2
left_child=3 2 -2 8 5 6 7 -5 14 10 -10 12 13 -12 20 16 -16 18 19 -18 -1 22 -22 -23 -25 -26 27 -17 -29 -30
right_child=1 -3 -4 4 -6 -7 -8 -9 9 -11 11 -13 -14 -15 15 26 17 -19 -20 -21 21 23 -24 24 25 -27 -28 28 29 -31
leaf_value=-0.0022419029309640524 233.44008827923045 -4.4076525989789319 279.87657991070557 5245.6683679102807 0.064277630839683866 0.03902383795939969 -0.7680327339812929 -7.6267340731573157 -232.90688947852288 -0.018111018019980833 -2077.6035336589848 -0.20691272397751204 -0.53238885882256037 -3.1195721500307294 -3.142305169368345 -0.25532774188662211 1560.9470912321053 -38.096804256700494 1657.5060215834521 -3.6431474215318036 -4.4619195882285565 -0.26520020128650357 -1022.8240493328939 -0.050196041429256835 -0.050148474470937711 -2626.3375623486845 -0.40117398002621152 -0.22717699601369856 -0.29911099924140705 98.867531726752659
leaf_weight=290.50654305829198 0.10521278461376371 1.1668640770480794 0.089717723429203033 0.010583066381681827 463.43214647091582 8.4506971314549446 0.51606041796912905 0.045592278242111206 0.24074037457555597 252.2107423549779 0.0064017614270244208 10.43264225916055 0.34185232881077809 0.03258664388543786 1.0561401122342386 6.6104603494721266 0.016242757475302908 0.044684696002946112 0.01390897028865808 0.013918095702190526 0.26073497208323371 10.164903197235265 0.03666498983395694 0.037355898458808365 0.015325585816754042 0.0030080485350936206 40.629757473737811 0.53047938041766474 0.46075246456082397 0.25327608927157019
leaf_count=59372 149 192 141 587 1524 16 23 20 1771 791 435 804 77 58 2520 162 69 104 165 99 850 7629 1571 30 39 291 3473 10 13 161
internal_value=0.0489576 32.6978 254.813 0.00803157 0.179677 6.10677 95.7144 982.06 -0.124062 -0.290128 -6.49641 -1.45583 -35.6684 -343.743 0.000617452 1.01011 37.852 525.666 1097.29 838.948 -0.165817 -4.68376 -130.011 -1.03698 -141.908 -430.952 0.140148 2.94013 19.9135 34.8767
internal_weight=1087.74 1.36179 0.194931 1086.37 472.455 9.02293 0.572236 0.0561753 613.919 263.265 11.0542 10.8135 0.380841 0.0389884 350.654 49.6296 1.14489 0.0887545 0.0440698 0.0301609 301.025 10.518 0.2974 10.2206 0.0556895 0.0183336 48.4847 7.85497 1.24451 0.714029
internal_count=83146 482 290 82664 2170 646 630 607 80494 3936 3145 1374 570 493 76558 6776 2957 437 333 168 69782 10410 2421 7989 360 330 3819 346 184 174
is_linear=0
shrinkage=0.05


Tree=25
num_leaves=31
num_cat=0
split_feature=7 1 0 0 2 1 1 11 5 0 2 0 0 1 0 0 0 2 2 1 0 0 0 0 2 1 0 2 2 2
split_gain=36214.2 738330 497835 535447 391358 5.5386e+06 80288 59203.1 8633.45 69013.8 1.60407e+06 1.69826e+07 370235 154001 52207.3 5.62795e+06 3.34196e+08 53003.4 37996 2.35365e+06 6.19046e+06 56769.4 92955.3 13552.1 199299 6080.42 14171.6 17531.9 337672 1.3402e+06
threshold=1.0000000180025095e-35 16.029050000000002 15.363350000000002 16.688450000000003 1.0000000180025095e-35 16.214600000000004 15.546550000000002 1.0000000180025095e-35 1.0000000180025095e-35 3.0912500000000005 8.0450000000000017 2.3613500000000003 3.0450000000000004 8.7336500000000026 0.21105000000000004 1.8578500000000002 0.88170000000000015 1.7050000000000003 5.1250000000000009 9.3131000000000022 4.3956500000000007 4.0606000000000009 3.8901000000000008 1.8578500000000002 0.31500000000000006 13.692350000000001 6.6820500000000012 10.655000000000003 10.465000000000002 3.6550000000000007
decision_type=2 2 2 2 2 2 2 2 2 2 2 2 2 2 2 2 2 2 2 2 2 2 2 2 2 2 2 2 2 2
left_child=1 2 7 -4 -3 -6 -2 8 14 10 12 -12 13 23 -1 16 17 -16 -17 -20 21 22 -21 24 -10 26 27 28 29 -11
right_child=6 4 3 -5 5 -7 -8 -9 9 25 11 -13 -14 -15 15 18 -18 -19 19 20 -22 -23 -24 -25 -26 -27 -28 -29 -30 -31
leaf_value=-0.038122498163691981 1.8978316826889543 -12.580484789066565 -1.9313209171623917 102.83266559578824 -32.617331953767568 -846.393834269531 0.065918544762536044 -2.5536622527435866 -0.085682361274720953 -61.80975126603645 1341.7869883209332 -3.5136913781253178 35.309015623335235 -45.521463175460042 -158.77044728644736 -0.39334256256063388 -22508.041152105223 -1.570790189307945 -0.39612213017052683 -433.4055616804817 -2727.1323608964753 -17.53161738440668 -35.013090935276104 -0.66886958885096226 -95.247378899591993 0.093585122201508303 -0.35699656688529524 -2.3932983348207109 -0.29792398712785434 -1253.0165410271939
leaf_weight=290.2092384283817 81.291705335835616 0.22391220927238364 0.24392837031234396 0.24392835795879517 0.24461440742015839 0.022863080725073814 226.34924859314418 23.405906748722145 0.67820415593334638 0.020215131881631803 0.025904621656709925 0.24845564440062495 0.70546227693557728 0.20290409622091932 0.0056702322314293582 21.318285326160673 0.0016771820729301326 0.098698376032990573 0.85972910999024887 0.0029998470708961188 0.002860199795660605 0.0057203415781259537 0.0028601707890629768 6.7324414484251545 0.059877703216042688 511.62286636867407 50.429467140332463 0.77389143837353913 0.24987642467021942 0.0026734923410406562
leaf_count=59310 151 68 96 42 203 433 83 2611 26 375 2093 68 18 273 62 1691 1788 929 6264 72 458 20 9 221 1006 1406 2354 347 10 659
internal_value=0.0811019 -0.0776492 -0.0444955 50.4507 -61.35 -102.176 0.549987 -0.0716359 -0.00593795 0.109566 4.54092 123.507 0.645462 -2.54136 -0.21726 -2.54869 -365.93 -10.1113 -0.812288 -11.0291 -644.07 -129.58 -238.957 -1.37399 -7.80578 0.0414689 -0.476515 -6.23511 -17.1351 -200.948
internal_weight=1216.29 908.645 908.154 0.487857 0.49139 0.267477 307.641 907.666 884.26 571.752 8.65325 0.27436 8.37889 7.67343 312.508 22.2985 0.106046 0.104369 22.1925 0.87417 0.0144406 0.0115804 0.00586002 7.47052 0.738082 563.099 51.4761 1.04666 0.272765 0.0228886
internal_count=83146 82912 82208 138 704 636 234 82070 79459 8856 3705 2161 1544 1526 70603 11293 2779 991 8514 6823 559 101 81 1253 1032 5151 3745 1391 1044 1034
is_linear=0
shrinkage=0.05


Tree=26
num_leaves=31
num_cat=2
split_feature=7 6 3 5 0 0 6 0 0 0 4 4 11 5 0 0 4 0 0 3 0 0 0 0 0 4 0 0 0 0
split_gain=34754.9 28534.9 22817.3 27031.8 295078 2.63855e+06 14944.2 24730.7 38192.5 14058.3 827206 114701 11914.5 10667.1 108050 1.8765e+06 349694 920529 158731 11522.8 9603.71 110837 9121.17 7169.6 8172.86 20191.9 31006.1 7606.12 3656.51 3624.07
threshold=1.0000000180025095e-35 1.0000000180025095e-35 0 1.0000000180025095e-35 2.1983000000000001 2.0028500000000005 1.0000000180025095e-35 11.12035 2.3974500000000005 1.3363000000000003 1.0000000180025095e-35 1.0000000180025095e-35 1.0000000180025095e-35 1.0000000180025095e-35 3.0912500000000005 3.0440500000000008 1.0000000180025095e-35 1.8578500000000002 2.3974500000000005 1 6.2981000000000007 4.6497500000000009 16.688450000000003 6.7921500000000004 9.9408000000000012 1.0000000180025095e-35 10.371450000000001 5.3028000000000004 15.069100000000002 0.39540000000000003
decision_type=2 2 9 2 2 2 2 2 2 2 2 2 2 2 2 2 2 2 2 9 2 2 2 2 2 2 2 2 2 2
left_child=2 -2 3 9 5 -5 7 8 -6 11 -11 -1 13 19 15 16 17 -15 -18 29 21 -16 -9 27 -25 -26 -27 -21 -22 -4
right_child=1 -3 12 4 6 -7 -8 22 -10 10 -12 -13 -14 14 20 -17 18 -19 -20 23 28 -23 -24 24 25 26 -28 -29 -30 -31
leaf_value=-0.67068587229550025 1.1692515374348051 0.063051616343996877 0.0029911199304047519 -872.26456053285528 -1.898178934451181 -0.051635499931085488 -2.6918327418155865 -18.484042886632064 -84.46899393227865 -320.08719110772006 -1.9395540538966167 -199.43735409571332 -0.41325382865798321 70.693605091232826 0.033602281184812684 207.49530693820316 -81.928140309243176 -0.68840008131463382 -9.4635490049255626 -5.7295393879717986 0.042969169649629324 6.4662288463664543 -1.4172135963111474 -0.80227945088083663 -2.7692652273872382 -2.130323224519509 -44.861253479773374 -28.727492489678596 0.46731911457122266 -0.6360836606060678
leaf_weight=3.7056107792235711 135.16141278189718 102.51280212404015 281.23754436177711 0.0098026336107940315 0.027063842862844217 0.075098996981978416 1.3069137681943854 0.13568974140980627 0.029022129889309661 0.020772353531426924 1.2444818565022202 0.0072722831927193301 121.71244895174959 0.49811210076181733 62.597068817798331 0.11445230245590821 0.16671533195623675 4.8418109309503814 0.13822625053389073 2.4439263903764998 416.24063878942638 7.4987207506601541 0.18505150081519539 2.1670953318833077 0.69663749994301838 0.091491653286539229 0.079202781018666915 0.036488939795789821 57.815404128432647 24.083315859513732
leaf_count=52556 215 19 4961 529 3 4 154 169 252 5617 150 57 2505 2217 518 45 759 189 64 3953 3729 719 21 185 128 16 230 102 119 2961
internal_value=0.149218 0.692129 0.0187735 -1.81193 -9.80727 -100.756 -5.22122 -13.9937 -44.6251 -2.61109 -7.16275 -1.06 0.0492865 0.115264 0.247599 7.06017 2.99625 5.97017 -49.0808 -0.118855 0.175494 0.721753 -8.63734 -1.44807 -2.4439 -6.54561 -21.9576 -6.06786 0.0947225 -0.0459145
internal_weight=1226.88 237.674 989.206 6.74678 1.76864 0.0849016 1.68374 0.376827 0.056086 4.97814 1.26525 3.71288 982.459 860.747 549.911 5.75932 5.64486 5.33992 0.304942 310.836 544.152 70.0958 0.320741 5.51484 3.03443 0.867332 0.170694 2.48042 474.056 305.321
internal_count=83146 234 82912 59512 1132 533 599 445 255 58380 5767 52613 23400 20895 8359 3274 3229 2406 823 12536 5085 1237 190 4614 559 374 246 4055 3848 7922
cat_boundaries=0 1 2
cat_threshold=1040 132
is_linear=0
shrinkage=0.05


Tree=27
num_leaves=31
num_cat=0
split_feature=0 5 1 0 0 1 0 4 1 0 4 0 2 1 2 0 1 1 1 0 2 0 0 2 2 2 5 0 2 1
split_gain=22457.5 800486 7.10315e+06 397510 1.14204e+07 8.63626e+07 1.25746e+08 9.67622e+07 1.5462e+06 134944 2.39523e+06 8.76812e+06 1.26595e+07 25210 354830 258354 1.57826e+06 4.14634e+06 4.03695e+07 959526 478755 2.92395e+06 51166.1 16481.5 183925 1.30336e+06 13874.9 44745.5 32580.9 12230.7
threshold=1.7926000000000004 1.0000000180025095e-35 5.749950000000001 3.3125500000000003 2.5956500000000005 8.7720500000000019 3.2471000000000005 1.0000000180025095e-35 7.8808000000000007 0.072350000000000012 1.0000000180025095e-35 0.32570000000000005 7.7350000000000012 14.367050000000003 0.60500000000000009 6.6820500000000012 9.7279000000000018 6.9564500000000011 8.2338000000000005 4.3526000000000016 2.8150000000000004 5.0176000000000007 12.596050000000002 2.5050000000000003 7.4750000000000005 7.8150000000000004 1.0000000180025095e-35 2.1983000000000001 5.455000000000001 15.447300000000002
decision_type=2 2 2 2 2 2 2 2 2 2 2 2 2 2 2 2 2 2 2 2 2 2 2 2 2 2 2 2 2 2
left_child=1 9 -3 4 8 7 -7 -6 26 -1 11 -11 -13 14 -5 16 17 20 -19 -18 21 -16 -17 -15 29 -26 27 28 -2 -25
right_child=3 2 -4 13 5 6 -8 -9 -10 10 -12 12 -14 23 15 22 19 18 -20 -21 -22 -23 -24 24 25 -27 -28 -29 -30 -31
leaf_value=-0.072692851964381508 -86.961776609280363 49.720147806863977 -341.90366099483538 10.046591799902483 11231.415218964165 -1462.4622113802629 21834.862148917979 -11.754573356117854 177.33098121914497 -11.786377336698827 -5.1846173792437211 -7527.0939786356266 -188.73373034076803 0.086667737432979036 -0.054066626345592284 -0.17025990774080882 -91.776721335936429 4410.2471872657261 -0.050060225994044305 -512.79804988961575 -0.13728696087863418 347.31894638100374 2.5746167888426341 -0.28300657353645176 -6.0645329259431913 -379.62987957975275 -0.47154431854163453 -9.2408562011708781 -366.48182798953053 -5.7262008060420131
leaf_weight=287.3316017065419 0.0068995134099673339 0.41689053177832652 0.16030839085579723 9.654833411607056 0.0019725749785247512 0.001162462986531442 0.001154339755885303 0.064089535642167142 0.12545783687097367 0.0085205302373257061 0.26516824748346252 0.0010561915173031365 0.0013249685080795883 619.83466722897572 0.34953995355911904 191.17689839910059 0.040292318910360281 0.0057716987794265281 0.051367702834537496 0.020376654979283815 1.4892551637646134 0.073278272269291178 18.6322624335169 9.6932394789618002 0.23298148438386768 0.025949835777282715 3.4692661944264254 0.1787231663532893 0.001228059278219007 1.1549739714737786
leaf_count=59520 53 2519 1443 702 1406 115 16 171 125 199 176 1568 919 786 320 3954 100 42 356 289 4015 130 602 457 96 1111 172 980 413 391
internal_value=0.157472 -0.224316 -59.0475 0.285964 16.3161 656.727 10145.4 323.96 4.73613 -0.106264 -35.0467 -761.4 -3443.75 0.213565 0.672488 0.245251 17.9974 25.736 445.438 -233.184 13.1938 60.1489 0.073501 0.052459 -1.85656 -43.5029 -1.18637 -14.4587 -129.197 -0.862526
internal_weight=1144.47 288.185 0.577199 856.286 3.84995 0.0683789 0.0023168 0.0660621 3.78157 287.608 0.27607 0.0109017 0.00238116 852.436 221.494 211.839 2.02988 1.96921 0.0571394 0.060669 1.91207 0.422818 209.809 630.942 11.1071 0.258931 3.65612 0.186851 0.00812757 10.8482
internal_count=83146 66344 3962 16802 3451 1708 131 1577 1743 62382 2862 2686 2487 13351 10510 9808 5252 4863 398 389 4465 450 4556 2841 2055 1207 1618 1446 466 848
is_linear=0
shrinkage=0.05


Tree=28
num_leaves=31
num_cat=2
split_feature=7 6 3 2 0 0 2 5 2 2 0 6 0 2 11 2 2 8 2 0 3 2 5 0 2 2 2 0 0 0
split_gain=44474.9 51319.3 36837.1 4.69751e+06 46958.2 1.4634e+07 308351 250823 604090 3.30276e+06 36369.4 13532.6 7471.98 6830.75 5598.96 4136.25 4460.51 3605.28 2491.05 19331.4 9725.48 23774.8 17017.5 684416 5.66232e+06 69712.4 1.21963e+06 1.01796e+07 16400.4 39524.7
threshold=1.0000000180025095e-35 1.0000000180025095e-35 0 8.1350000000000033 6.3983500000000015 2.3974500000000005 3.4350000000000005 1.0000000180025095e-35 7.2550000000000008 7.5750000000000011 1.0000000180025095e-35 1.0000000180025095e-35 15.069100000000002 4.8750000000000009 1.0000000180025095e-35 3.9250000000000003 3.5750000000000006 1.0000000180025095e-35 0.84500000000000008 10.8573 1 2.5050000000000003 1.0000000180025095e-35 6.9796000000000005 3.7050000000000005 7.4150000000000009 7.455000000000001 7.3207000000000013 0.25075000000000008 8.9111000000000029
decision_type=2 2 9 2 2 2 2 2 2 2 2 2 2 2 2 2 2 2 2 2 9 2 2 2 2 2 2 2 2 2
left_child=2 -2 3 4 5 6 -1 10 -9 -10 13 -6 14 15 17 16 -8 18 19 -4 -20 -22 28 24 -24 -25 -27 -28 -23 -30
right_child=1 -3 12 -5 11 -7 7 8 9 -11 -12 -13 -14 -15 -16 -17 -18 -19 20 -21 21 22 23 25 -26 26 27 -29 29 -31
leaf_value=-652.3014547267959 1.8572438396990991 0.059892285181453002 0.015874648011694564 -1822.7360173330817 -13.704982901999498 -2533.0476688452791 -75.669537681329615 -22.678520276570101 -122.29637294622512 -2813.3791434412428 -230.15070339364752 -1.413189941104481 0.64725208202008377 -1.0586772814488326 -0.38200616979619628 -81.965742347656061 -0.050000566555692919 -2.3436394293886855 0.016092027845284074 2.1542889418610178 -0.09285793426774791 -0.69982249248026174 -3.5365158020947143 -0.75678767432146765 -1016.2975041499622 -0.29683552623334902 -21.107982633234396 -3876.3151585782603 -38.41812075933931 -3.8669912522347412
leaf_weight=0.001839781256844363 67.969382440542404 95.539176940932975 288.05818045038006 0.0035661655093121017 0.24993899838570621 0.0057441815349620331 0.0026448191519262698 0.037565032951618949 0.0094072601059451699 0.0012973953271284708 0.0017383693255795798 2.1509382314007661 37.406057219647892 1.7349498947984054 127.10807666746757 0.0036622997358790607 0.0074240540689061163 1.67360506344903 431.74685644049788 10.971158408829977 63.000223641367413 15.567651090078575 0.12940320372580408 6.9976268578079477 0.0154490043989641 0.29847963154315943 0.016615460976026931 0.0019090221120893957 0.095140389770242528 0.63670818218692904
leaf_count=242 215 19 1173 462 374 4467 289 89 123 243 2982 135 181 48800 2497 608 698 154 11496 118 843 3765 35 403 879 5 30 1013 491 317
internal_value=0.0432032 0.807039 -0.0832159 -2.6111 -7.27463 -13.3647 -5.32625 -4.6645 -117.102 -448.453 -1.56393 -2.6928 -0.045391 -1.33669 -0.0732495 -36.4635 -19.9132 -0.025343 -0.0205971 0.0943314 -0.086878 -0.539022 -1.94896 -3.92701 -111.551 -1.79572 -24.7293 -418.403 -1.0437 -8.35864
internal_weight=1151.44 163.509 987.934 4.21072 4.20715 1.80627 1.80053 1.79869 0.0482697 0.0107047 1.75042 2.40088 983.723 1.74868 946.317 0.0137312 0.0100689 819.209 817.535 299.029 518.506 86.7592 23.759 7.45948 0.144852 7.31463 0.317004 0.0185245 16.2995 0.731849
internal_count=83146 234 82912 59512 59050 58541 54074 53832 455 366 53377 509 23400 50395 23219 1595 987 20722 20568 1291 19277 7781 6938 2365 914 1451 1048 1043 4573 808
cat_boundaries=0 1 2
cat_threshold=1040 12
is_linear=0
shrinkage=0.05


Tree=29
num_leaves=31
num_cat=2
split_feature=7 3 2 6 1 2 2 2 0 2 0 0 0 2 1 1 1 1 3 0 1 1 1 1 1 1 2 0 0 2
split_gain=60591.4 35369.6 8.05411e+06 217945 1.82081e+07 7.72682e+06 3.72957e+07 208569 11344.3 219709 631886 750415 81527.5 571875 201360 2.41241e+06 2.64884e+06 19069.1 18408.3 140362 8.93083e+06 9462.56 9242.52 16582 64982.1 76528.5 8540.96 7517.1 14788.1 7387.25
threshold=1.0000000180025095e-35 0 8.1150000000000002 1.0000000180025095e-35 9.3922500000000024 7.4850000000000012 5.1250000000000009 3.9250000000000003 10.8573 6.2950000000000008 11.506600000000001 13.71635 8.0966500000000021 7.4150000000000009 13.742700000000001 8.7720500000000019 9.3922500000000024 14.069300000000002 1 6.7921500000000004 9.5861000000000018 14.320600000000001 15.416350000000001 15.447300000000002 15.477100000000002 15.817350000000001 0.60500000000000009 1.6104000000000001 4.0244500000000007 3.7450000000000006
decision_type=2 9 2 2 2 2 2 2 2 2 2 2 2 2 2 2 2 2 9 2 2 2 2 2 2 2 2 2 2 2
left_child=1 2 3 4 5 6 7 29 12 26 -11 17 18 14 15 -14 -17 -12 -3 20 27 -19 -16 -24 -25 -26 -10 -20 -29 -1
right_child=-2 8 -4 -5 -6 -7 -8 -9 9 10 11 -13 13 -15 22 16 -18 21 19 -21 -22 -23 23 24 25 -27 -28 28 -30 -31
leaf_value=-144.03642561312375 1.2038236735132291 0.0025047651925882795 -3221.7551510119342 -2.5799413691518502 -5973.6215917465306 -2.1465829988897824 -9306.8073689031244 -813.20224828195319 1.0142935152481618 92.872090009423857 -16.5968642870975 88.880199520225062 -0.32755471814343773 -155.6921532949313 -0.40750294199646159 -0.050928808530442397 -860.09481392849057 0.050147599859601183 -0.49128311520429579 -0.047941210317400014 -586.77534828228386 -10.286831527712414 -0.28751395130651242 -0.77481676141168676 -23.717185917448376 -156.12854871872085 -0.033433894591009976 -28.466196868337665 -3.2280555053782578 -41.780653432407931
leaf_weight=0.0034725460671547366 106.67133102831167 778.30916707037261 0.001955486211954737 1.7449549132815037 0.0012890110853084327 0.59620847170054958 0.0013001305955047228 0.0011682929024345867 23.151421680820292 0.23655826313903938 0.23683610558509838 0.2484454214608488 0.37043478706878347 0.063608944156897773 3.5345920843647276 0.017904832922323977 0.017906062866131833 1.4940346479415891 4.1804203814978003 27.626609685290333 0.066032864118990342 0.25990562634251535 0.26226630057281475 0.12084772203385372 0.031634994835915725 0.016658370691430946 121.70848089086978 0.070392598975567211 0.3307945929624681 0.0035944800756624318
leaf_count=1046 234 12523 611 178 908 38169 17131 1141 196 377 497 336 392 1423 503 16 332 24 3598 331 1195 269 9 10 85 88 695 249 252 328
internal_value=0.0730436 -0.0519908 -2.71025 -11.5571 -37.3626 -24.7304 -1436.79 -194.335 -0.0171477 0.386432 15.1557 6.94547 -0.0903155 -6.85034 -4.68494 -38.2113 -430.088 -3.27984 -0.0533218 -1.06912 -9.4396 -1.48163 -1.25077 -8.15976 -20.3663 -69.3913 0.134013 -1.11869 -7.65636 -92.0264
internal_weight=1071.38 964.709 2.35394 2.35199 0.607033 0.605744 0.00953545 0.00823532 962.355 147.336 2.47578 2.23922 815.019 4.43585 4.37225 0.406246 0.0358109 1.99078 810.583 32.2743 4.64764 1.75394 3.966 0.431407 0.169141 0.0482934 144.86 4.58161 0.401187 0.00706703
internal_count=83146 82912 59512 58901 58723 57815 19646 2515 23400 2394 1503 1126 21006 2858 1435 740 348 790 18148 5625 5294 293 695 192 183 173 891 4099 501 1374
cat_boundaries=0 1 2
cat_threshold=1040 134
is_linear=0
shrinkage=0.05


Tree=30
num_leaves=31
num_cat=0
split_feature=7 0 0 6 1 0 1 1 0 1 0 0 0 1 0 1 1 0 0 0 0 0 4 0 0 1 0 5 0 1
split_gain=133623 24643.8 13113.5 7030.86 39686.1 3.27147e+06 1.26812e+08 884511 1.50577e+06 2.86699e+07 23753.6 93148.3 447674 188279 370059 12198.2 19918 17995.9 7500.18 763357 34445.5 1.49151e+06 1.00356e+07 6.27452e+07 2.70046e+06 498447 129572 127792 18020.1 5971.45
threshold=1.0000000180025095e-35 15.069100000000002 13.838100000000003 1.0000000180025095e-35 11.516400000000003 13.71635 14.839450000000001 15.070250000000003 7.5164500000000016 15.198500000000001 7.9489500000000008 10.8573 11.506600000000001 15.416350000000001 11.019700000000002 15.416350000000001 15.447300000000002 12.248250000000002 1.8578500000000002 1.2223000000000004 6.6245000000000012 2.5657000000000005 1.0000000180025095e-35 3.9739000000000004 4.7001500000000007 9.1888000000000023 5.3511000000000015 1.0000000180025095e-35 4.509500000000001 14.839450000000001
decision_type=2 2 2 2 2 2 2 2 2 2 2 2 2 2 2 2 2 2 2 2 2 2 2 2 2 2 2 2 2 2
left_child=1 2 3 4 18 6 -6 -8 -9 -10 -5 29 13 14 -13 -14 -17 -18 19 -1 21 -20 23 -23 -25 27 28 -24 -27 -12
right_child=-2 -3 -4 10 5 -7 7 8 9 -11 11 12 15 -15 -16 16 17 -19 20 -21 -22 22 25 24 -26 26 -28 -29 -30 -31
leaf_value=0.034125977173213667 2.744539364497351 2.6693327810455822 -7.9139161172718619 0.014587026481522339 -5231.7132638106978 0.054422544413299592 -2.9880356972354374 -80.937969526310482 -19.564567470651181 -8307.262585114855 -4.8222143455741149 55.96073771406342 -0.9002439377143685 59.683257866262501 -1.4737188914322563 -0.11022913341046664 -11.008809376703054 -41.1767746936018 -0.34078110602389544 88.174283498410048 -0.10226068716747805 -12633.773150587956 -9.3769585983002592 -69.891464409461307 -1692.6833580318971 -738.86110972246161 -252.52941686437646 -187.89429256982717 -505.00876422369896 -0.3421777048140473
leaf_weight=322.84624520674754 45.179853649942856 8.3292207237506073 0.53149627769744157 431.1056731380616 0.011860474152449729 59.465129263699055 0.72199686219251391 0.1641954498050083 0.015373752741808865 0.0011195027883438456 0.80184175520544698 0.44502405880484752 3.2383106432596618 0.39149027848465223 0.75841401074624892 0.28272436023690017 0.17241449339525161 0.069303805195943369 9.5686150848432643 0.24583904502651321 102.00342033666234 0.0011437641802188895 0.17154688048315272 0.010738629253775486 0.0033675340397027595 0.0020302890397435325 0.0055450079962611198 0.010647146713057554 0.00138625199906528 10.275787887104473
leaf_count=63071 234 236 295 916 2411 18 246 436 61 546 228 29 213 91 96 6 79 107 1520 1674 3281 2863 771 1166 1622 73 63 391 27 376
internal_value=0.087692 -0.0384423 -0.0623511 -0.0579248 -0.187723 -1.38891 -95.2367 -27.7481 -126.684 -582.104 0.0857109 1.95132 7.36389 29.5635 19.7652 -2.0459 -9.12006 -19.6584 -0.0209441 0.101191 -0.373973 -3.20932 -136.19 -1370.55 -457.297 -37.7157 -401.766 -19.8092 -643.976 -0.66646
internal_weight=996.832 951.652 943.323 942.791 495.25 60.3797 0.914546 0.902686 0.180689 0.0164933 447.541 16.4353 5.35768 1.59493 1.20344 3.76275 0.524443 0.241718 434.871 323.092 111.778 9.77502 0.206406 0.0152499 0.0141062 0.191156 0.00896155 0.182194 0.00341654 11.0776
internal_count=83146 82912 82676 82381 80240 3718 3700 1289 1043 607 2141 1225 621 216 125 405 192 186 76522 64745 11777 8496 6976 5651 2788 1325 163 1162 100 604
is_linear=0
shrinkage=0.05


Tree=31
num_leaves=31
num_cat=4
split_feature=0 1 7 0 0 0 1 1 1 6 1 3 0 0 0 0 3 0 0 3 0 0 0 0 1 3 1 5 0 6
split_gain=939698 4.11368e+06 369578 249575 14306 117101 446479 1.48658e+07 48916.8 21800.5 39258.6 10517.5 7576.15 657923 1.6929e+07 7.61079e+07 6897.36 532512 325304 3188.33 2376.15 91817.4 1.23498e+06 23636.8 6723.93 25131.9 9.80552e+06 5684.72 21913.2 405837
threshold=14.000600000000002 15.028300000000002 1.0000000180025095e-35 11.287150000000002 10.8573 8.0966500000000021 13.742700000000001 8.7720500000000019 15.447300000000002 1.0000000180025095e-35 14.116850000000001 0 7.7974000000000006 7.2551000000000014 6.9426500000000013 6.3983500000000015 1 3.0450000000000004 7.3795000000000011 2 1.7926000000000004 2.3613500000000003 1.9466000000000003 1.0969500000000003 5.749950000000001 3 9.3503000000000025 1.0000000180025095e-35 2.5657000000000005 1.0000000180025095e-35
decision_type=2 2 2 2 2 2 2 2 2 2 2 9 2 2 2 2 9 2 2 9 2 2 2 2 2 9 2 2 2 2
left_child=2 -2 4 -4 5 11 7 -7 -8 19 -11 12 13 14 15 -1 17 -13 -19 -6 23 22 -22 24 -18 -26 -27 28 -23 -30
right_child=1 -3 3 -5 9 6 8 -9 -10 10 -12 16 -14 -15 -16 -17 20 18 -20 -21 21 27 -24 -25 25 26 -28 -29 29 -31
leaf_value=-7846.9284959829447 260.44037281264576 -7.9063986461544564 20.59755098847182 3.9078715689931638 -0.020234910784014348 -0.27140983500380284 -0.45994240460816127 -1580.192628470196 -25.032839442769358 6.5300526392028688 1.0078755199925997 -2.016214002447462 0.025725259172225186 0.017590877191131459 -1.5760932590358911 -56.170546221896814 0.081769624585720763 89.521040611347431 -1.6067510571890633 0.50867927000391866 135.73962209394077 -0.11772121706155758 -1.2425223555194249 -15.554923800161104 -0.053728146796765297 -1.1385480536122192 -869.21801296878755 0.084811417585153231 -136.89361493771602 -0.52935941894911986
leaf_weight=0.0038040199415950151 0.18592315139159477 0.61597837038408021 3.473261587981316 6.3084141594032932 93.635473725181384 0.41581129057782418 2.6809984669423552 0.015441651826649916 0.21907791850041336 3.5040088237995226 39.501021628854446 3.8744139208677111 11.100872983272305 18.916616107729524 0.57311530129359445 0.01781907938571442 237.59382491083645 0.27340631356946338 0.15258970764625729 32.123349912931232 0.18007364869119102 5.3419551437514068 1.9074184238191803 0.24611547323701088 80.599641806885089 2.8579798437748005 0.032905097003491313 447.88029752134844 0.057730152640045551 0.99424113359424382
leaf_count=1411 299 183 187 36 1044 1160 918 619 374 103 531 305 59 113 74 128 49675 154 20 602 172 735 588 1781 398 11738 1457 2538 5707 37
internal_value=0.206672 54.3106 0.163045 9.83402 0.0669773 -0.0196966 -9.3749 -56.8428 -2.31623 0.486026 1.45782 0.0186557 -0.766659 -1.61041 -53.3916 -1426.75 0.0584544 1.14813 56.8795 0.153709 0.0379294 0.111754 10.574 -0.0657384 -0.0538657 -0.439851 -2.47118 0.0636781 -1.41667 -8.01277
internal_weight=995.284 0.801902 994.482 9.78168 984.7 815.936 3.33133 0.431253 2.90008 168.764 43.005 812.605 30.6122 19.5114 0.594738 0.0216231 781.993 4.30041 0.425996 125.759 777.692 456.362 2.08749 321.33 321.084 83.4905 2.89088 454.274 6.39393 1.05197
internal_count=83146 482 82664 223 82441 80161 3071 1779 1292 2280 634 77090 1785 1726 1613 1539 75305 479 174 1646 74826 9777 760 65049 63268 13593 13195 9017 6479 5744
cat_boundaries=0 1 2 3 4
cat_threshold=272 8 260 128
is_linear=0
shrinkage=0.05


Tree=32
num_leaves=31
num_cat=4
split_feature=3 0 0 0 0 1 0 1 1 1 3 0 1 1 1 1 1 1 3 3 0 0 0 0 0 1 1 0 0 4
split_gain=36986 182184 2.7315e+06 16477.9 100506 601745 22049.7 1.69261e+06 2.78257e+06 599285 17118 9.5437e+06 5.23237e+08 14029.2 25330.9 6098.1 25853.5 45287.9 4822.16 3529.82 1912.67 36681.5 309705 1.5289e+06 739456 4573.31 3355.46 132401 252533 696878
threshold=0 4.6103500000000013 3.0450000000000004 9.8891500000000025 8.148950000000001 14.034400000000002 11.506600000000001 13.794700000000001 14.919850000000002 15.416350000000001 1 6.4496000000000011 8.6037500000000033 6.6673500000000008 7.4260500000000009 15.317600000000001 15.350350000000002 15.416350000000001 2 3 1.7926000000000004 2.3983500000000002 2.3031000000000001 2.1983000000000001 2.1288000000000005 5.749950000000001 6.999550000000001 5.3996500000000003 2.5014500000000006 1.0000000180025095e-35
decision_type=9 2 2 2 2 2 2 2 2 2 9 2 2 2 2 2 2 2 9 9 2 2 2 2 2 2 2 2 2 2
left_child=1 2 -1 4 10 -6 7 -5 -9 -10 20 12 13 -12 -15 -7 -17 -18 -8 -20 25 22 23 24 -22 -2 27 28 -23 -30
right_child=3 -3 -4 6 5 15 18 8 9 -11 11 -13 -14 14 -16 16 17 -19 19 -21 21 26 -24 -25 -26 -27 -28 -29 29 -31
leaf_value=-3.3923246633680542 0.065653752498182699 0.92461275726277126 149.27733486471431 -0.28421832467782554 -118.64048948424168 -0.52475733049784967 0.045910829007096005 215.77946416090592 -1.7363826028324039 98.380034869675271 -14.353818463252194 -0.083884701011958995 -36048.116486349631 -280.18115657404695 -18.92441688321194 -0.057437386284262017 -0.051798054503367934 -86.926182435096592 0.16714822257542239 0.67530477036646841 276.39247864901466 -0.0686414555160898 -0.24031760915868405 -1.3110909967738744 -9.8406272783287072 -0.36094236956420495 0.024229812129606464 -0.1273534596781247 106.63402239321567 -1.7246267819097085
leaf_weight=2.5199160296459322 247.30147347437088 21.980593604340715 0.33152240226996932 37.232220807903587 0.12427297465205622 0.84887177882153864 177.64354946017042 0.23399720110687883 0.65632293636455863 0.19355351050779313 0.055929121898444026 30.390188024243688 0.0010250203021011572 0.0014279025758621089 0.0026490884674785775 0.18198407441377634 0.034668046224396676 0.026444942835562146 94.38356018066689 79.130508268280764 0.085567789200832189 1.158254097887109 4.3218186274300354 0.47748620411401765 0.030644666869193316 84.221746726549441 396.57174765613644 37.319133845630887 0.238585669547416 0.39243811368933945
leaf_count=334 6593 372 54 879 1201 305 847 497 213 312 53510 578 3684 2204 4176 6 21 208 69 1042 148 36 133 60 35 1535 1123 1404 927 640
internal_value=0.151169 1.75884 14.3578 0.102118 -0.026363 -14.3888 0.369895 1.50881 63.1014 21.0644 -0.00459771 -1.00744 -625.96 -20.8812 -110.426 -2.5243 -9.50652 -37.6443 0.245624 0.423062 0.0473871 0.116264 4.41136 38.2731 200.914 -0.0427208 0.0678047 0.509668 13.7961 39.245
internal_weight=1218.09 24.832 2.85144 1193.26 803.786 1.21624 389.474 38.3161 1.08387 0.849876 802.57 30.4512 0.0610311 0.0600061 0.00407699 1.09197 0.243097 0.061113 351.158 173.514 772.119 440.596 4.91552 0.593699 0.116212 331.523 435.68 39.1084 1.78928 0.631024
internal_count=83146 760 388 82386 78527 1741 3859 1901 1022 525 76786 64152 63574 59890 6380 540 235 229 1958 1111 12634 4506 376 243 183 8128 4130 3007 1603 1567
cat_boundaries=0 1 2 3 4
cat_threshold=8 134 384 2
is_linear=0
shrinkage=0.05


Tree=33
num_leaves=31
num_cat=3
split_feature=3 2 2 4 3 2 2 2 2 2 11 2 3 2 2 4 6 2 2 2 2 2 2 2 2 2 2 5 2 2
split_gain=61218.2 582251 96248.4 711797 4670.39 41554.1 1.56192e+06 583611 690256 14133.4 5711.78 2926.18 7176.7 4.18405e+06 3.31862e+07 22829 541807 2874.4 211368 8021.47 162871 635888 72330.9 50057.1 1.45456e+06 607282 34188.7 15879.4 12956.4 10147
threshold=0 0.84500000000000008 4.2750000000000012 1.0000000180025095e-35 1 2.7150000000000003 6.6050000000000013 3.4350000000000005 4.1650000000000009 3.5250000000000004 1.0000000180025095e-35 0.60500000000000009 2 7.2550000000000008 7.4050000000000011 1.0000000180025095e-35 1.0000000180025095e-35 7.0150000000000006 7.1050000000000013 10.255000000000001 7.4750000000000005 7.6850000000000014 7.535000000000001 8.0550000000000015 10.095000000000001 8.1150000000000002 8.0950000000000006 1.0000000180025095e-35 7.5750000000000011 7.5050000000000008
decision_type=9 2 2 2 9 2 2 2 2 2 2 2 9 2 2 2 2 2 2 2 2 2 2 2 2 2 2 2 2 2
left_child=1 -1 -3 -4 5 -2 7 -7 9 -9 11 -6 17 15 -15 16 -14 -13 -19 20 -20 22 29 -23 25 26 -25 -21 -24 -22
right_child=4 2 3 -5 10 6 -8 8 -10 -11 -12 12 13 14 -16 -17 -18 18 19 27 21 23 28 24 -26 -27 -28 -29 -30 -31
leaf_value=39.263808565665819 0.11007555252452728 -0.49908149392263551 84.027575772994012 -2.2922745838991556 0.20451904050668218 179.88285621742756 0.32147245910424993 -3.0146645784630124 125.30948259464063 -32.948625134355659 -0.2741857956526958 -0.045345641656907097 -697.74692613803529 -9.6699468275757603 -3397.5350462675242 -0.051044922627360635 -7.2442871665179327 21.433238332663876 -0.29065161730637201 0.030935819759303502 -628.5075976129998 -9.452484868269428 -213.55411496914331 -752.65914276074363 -3.0589131501441362 -2009.4356113083206 -398.7962698842432 1.3031714605037001 -339.56247920383771 -470.90350314264651
leaf_weight=1.1269797784104945 284.92896154685405 9.2042142925746315 0.28826355537505155 1.3924304325229611 321.6655238003504 0.13284933554221423 20.968224790427016 0.11837466061115262 0.18349925271483106 0.059130247796133517 126.51308524420017 184.07373243401685 0.0028665746362354074 0.06757953294436482 0.0080942234932863538 89.811357199317172 0.31699788098070059 1.1682598553600474 17.460940677513914 188.67277362004603 0.0020683865005020488 0.20744055359139757 0.0030439947687744828 0.0017273242318459232 0.06655459851026535 0.0010699788004295647 0.0011285372194894117 28.191383458673954 0.0061847824367923937 0.0020173310840618797
leaf_count=307 1215 196 101 156 534 95 1724 19 153 111 2166 3201 13295 4460 46508 683 122 62 422 2797 55 484 93 98 169 1144 40 2493 192 51
internal_value=0.14144 2.75697 1.51004 12.5128 0.0940523 0.261356 2.39153 90.2826 57.3098 -12.9862 0.0384114 0.0864218 0.0119454 -0.369584 -372.043 -0.0985339 -13.4325 0.10033 0.218313 0.112674 -0.909173 -37.9925 -375.541 -21.8213 -58.2258 -993.468 -612.825 0.196321 -298 -550.69
internal_weight=1276.65 12.0119 10.8849 1.68069 1264.63 306.391 21.4621 0.493853 0.361004 0.177505 958.244 831.731 510.065 90.2069 0.0756738 90.1312 0.319864 419.858 235.785 234.616 17.7522 0.291235 0.0133145 0.277921 0.0704804 0.00392584 0.00285586 216.864 0.00922878 0.00408572
internal_count=83146 760 453 257 82386 3317 2102 378 283 130 79069 76903 76369 65068 50968 14100 13417 11301 8100 8038 2748 2326 391 1935 1451 1282 138 5290 285 106
cat_boundaries=0 1 2 3
cat_threshold=8 144 4
is_linear=0
shrinkage=0.05


Tree=34
num_leaves=31
num_cat=0
split_feature=7 1 1 11 5 1 1 1 2 2 2 2 1 2 1 1 2 2 2 2 2 2 2 2 2 1 4 2 2 4
split_gain=16047 6584.91 6773.62 2.56719e+06 5028.73 100778 1.18694e+06 30909.3 241884 474209 4.61742e+06 5.79548e+06 78472.2 1.66953e+06 1.87593e+06 814554 20982.4 8618.25 11414 7669.97 3429.27 2380.67 657.179 596.309 219859 5.86434e+06 1.34115e+06 1.87199e+06 2.29393e+06 3442.9
threshold=1.0000000180025095e-35 15.773200000000001 15.546550000000002 1.0000000180025095e-35 1.0000000180025095e-35 13.933900000000001 14.405750000000003 11.516400000000003 3.8050000000000002 2.7150000000000003 3.2850000000000006 3.0050000000000003 4.2579000000000002 7.0150000000000006 9.1888000000000023 8.7720500000000019 5.3450000000000006 1.3250000000000004 1.9550000000000003 5.2250000000000005 0.60500000000000009 0.60500000000000009 1.5650000000000002 10.655000000000003 5.1750000000000007 8.9135500000000025 1.0000000180025095e-35 10.325000000000001 5.2250000000000005 1.0000000180025095e-35
decision_type=2 2 2 2 2 2 2 2 2 2 2 2 2 2 2 2 2 2 2 2 2 2 2 2 2 2 2 2 2 2
left_child=1 2 3 4 5 23 -7 8 9 17 11 -11 16 -14 15 -15 -10 -6 22 21 -8 -9 -19 24 29 26 27 28 -26 -1
right_child=-2 -3 -4 -5 7 6 20 19 12 10 -12 -13 13 14 -16 -17 -18 18 -20 -21 -22 -23 -24 -25 25 -27 -28 -29 -30 -31
leaf_value=0.024182618276405422 0.69905508458740739 -0.28789068145649616 0.46898063499100318 -113.8104754413927 -27.747367890612612 127.88584688147328 -8.3853634165152577 0.25529340771756609 2.0598770738443788 1111.5832391429856 -2.6470960752220893 -19.801102577383556 -0.13497433591227234 116.0661856702948 203.93324777046442 -2.6071415371912439 -0.23137776898721737 -2.0046220466318601 -38.869099390189653 -0.69013552958960667 -1.5325280097026286 0.029012538635037569 -8.6997959698601175 0.0032748570235121136 -0.050059854177722123 -2157.3922407525456 -2.745452316171642 -0.05001073387051265 -2861.0026510999323 -0.81471419444759707
leaf_weight=146.89375543999313 123.00751627518684 100.59711173591018 133.17504243202734 0.49446465562357289 0.083053318508260615 0.19620235874472469 0.21026824417946 228.57463820890723 12.199200519799829 0.022493837298341691 0.27498005184264918 0.022784162095874704 13.680594444369415 0.20263460278511125 0.20263460278511047 0.5048275962471962 55.222776529914356 0.12402536644199388 0.027048865263401639 29.578798368401465 1.3852610797702469 236.50865732808904 0.052027441368150212 214.35498680278619 0.0011942189886843494 0.0032447334136819208 0.2783493730564407 0.0039073156767699402 0.0016952395211995185 13.341408484859071
leaf_count=5965 234 1067 432 2506 511 89 69 35 293 71 140 82 128 242 428 147 4479 95 153 1248 317 288 118 3223 100 2083 612 53 56782 1156
internal_value=0.155417 0.0991376 0.134935 0.0883251 0.147363 0.00524465 11.8351 0.240093 1.13532 32.5976 74.3923 542.264 0.902687 4.22737 69.8022 31.3838 0.183197 -14.1781 -8.62926 0.0905708 -2.43563 0.140223 -3.98319 -0.0512963 -0.124168 -43.7417 -19.69 -713.624 -1678.57 -0.0456651
internal_weight=1311.23 1188.22 1087.62 954.446 953.951 376.67 1.79173 577.281 82.6191 0.606413 0.320258 0.045278 82.0127 14.5907 0.910097 0.707462 67.422 0.286155 0.203102 494.662 1.59553 465.083 0.176053 374.879 160.524 0.288391 0.285146 0.00679677 0.00288946 160.235
internal_count=83146 82912 81845 81413 78907 70449 475 8458 6887 1170 293 153 5717 945 817 389 4772 877 366 1571 386 323 213 69974 66751 59630 57547 56935 56882 7121
is_linear=0
shrinkage=0.05


Tree=35
num_leaves=31
num_cat=4
split_feature=3 0 0 0 0 0 0 1 0 1 3 0 3 1 1 0 0 1 3 0 0 0 1 1 1 4 0 1 1 4
split_gain=86631.2 193598 2.00158e+06 2.80619e+06 560565 19757.6 453054 3.11137e+06 1.38319e+07 359568 14677 2.26787e+06 9742.11 26215.7 3758.16 1884.65 16457.1 11908 801.16 1128.13 117094 879092 12442 324196 184380 5015.92 57804.3 716.558 1043.96 437.347
threshold=0 10.371450000000001 3.0450000000000004 7.3207000000000013 9.5603500000000015 10.8573 8.148950000000001 14.116850000000001 8.680550000000002 15.350350000000002 1 6.9426500000000013 2 14.320600000000001 10.361100000000002 9.4417000000000026 9.8891500000000025 15.070250000000003 3 1.8578500000000002 1.0000000180025095e-35 1.0278000000000003 13.692350000000001 8.9135500000000025 9.0448500000000021 1.0000000180025095e-35 2.5014500000000006 9.7701000000000011 9.8073000000000015 1.0000000180025095e-35
decision_type=9 2 2 2 2 2 2 2 2 2 9 2 9 2 2 2 2 2 9 2 2 2 2 2 2 2 2 2 2 2
left_child=1 2 -1 -4 -5 6 10 8 -8 15 18 -12 14 -14 -7 -9 -17 -18 19 20 29 -22 23 25 -25 -21 -27 -20 -29 -2
right_child=5 -3 3 4 -6 12 7 9 -10 -11 11 -13 13 -15 -16 16 17 -19 27 22 21 -23 -24 24 -26 26 -28 28 -30 -31
leaf_value=-2.673329154753401 0.18255335676447668 1.5133257329905236 254.08075426270258 -2.7506656557258209 89.334323760151065 0.56618472859922742 -75.163073135046247 -0.6316304718927257 -2199.9403401801997 -170.1455706283738 -155.08290536305486 -0.049401978959671522 0.23094127641824946 1.5127536230933953 0.088471982073916655 -0.74564609631513401 -97.85147817835275 -19.265513395483342 -0.28894755789328258 -0.27176212801455041 -0.5595727013597166 111.61932820433067 0.073533842949358899 -0.81166039897895004 -74.623251573420347 -1.072236427688076 -54.5984440432659 0.065570771331425526 -0.2247319817033164 0.0050400622447769336
leaf_weight=3.7519724986097134 42.679995791031416 15.533227058577895 0.18536458000820177 0.40557590119344311 0.27892832271754742 47.805832660463579 0.054586607962873283 0.57403676586871111 0.0089095354204489288 0.033216938577149357 0.23781163990588439 29.177316809710536 123.94781917699845 58.817756065702497 296.60272726281858 0.1452969432042153 0.0076681984117845719 0.012980376827281891 33.097422796728864 26.739839320663698 1.3702179894721618 0.20015441528201816 344.80518348621592 0.13292761147022147 0.23274827003479004 0.98422495927664622 0.053163598000336321 93.809440612792969 46.229977699470425 185.53065460367588
leaf_count=334 3898 162 156 75 33 501 347 195 1568 409 63772 380 769 1044 349 95 273 50 1479 1924 245 282 238 49 574 101 974 2 410 2458
internal_value=0.147247 2.79808 13.17 81.5064 34.773 0.0855465 -0.0694631 -36.843 -373.304 -9.21244 -0.031255 -0.972265 0.324199 0.610075 0.150414 -1.98834 -6.68146 -48.4497 0.0167368 0.0439909 0.131868 13.7384 -0.00897262 -1.01984 -47.7918 -0.404102 -3.81532 -0.0753623 -0.0302643 0.0382386
internal_weight=1353.45 20.1551 4.62184 0.869869 0.684504 1333.29 806.118 0.836695 0.0634961 0.773199 805.281 29.4151 527.174 182.766 344.409 0.739982 0.165946 0.0206486 775.866 602.729 229.781 1.57037 372.948 28.1429 0.365676 27.7772 1.03739 173.137 140.039 228.211
internal_count=83146 760 598 264 108 82386 79723 2937 1915 1022 76786 64152 2663 1813 850 613 418 323 12634 10743 6883 527 3860 3622 623 2999 1075 1891 412 6356
cat_boundaries=0 1 2 3 4
cat_threshold=8 134 6 6
is_linear=0
shrinkage=0.05


Tree=36
num_leaves=31
num_cat=2
split_feature=3 2 5 2 0 0 0 0 2 2 0 0 0 0 2 2 0 0 0 2 2 2 0 3 0 2 5 0 2 2
split_gain=171798 2.70616e+06 6.40544e+06 629716 185242 44842.9 231868 9.89875e+06 4.99166e+08 3.28715e+08 1.48517e+06 6.8448e+06 2.36167e+07 4.95311e+06 129672 46578.7 41899.9 154965 65154.4 307560 1.39531e+06 31569.4 77240 14062.9 4.0648e+06 3120.71 19150.4 453075 15353.1 32286.1
threshold=0 3.7050000000000005 1.0000000180025095e-35 2.2650000000000001 3.8406000000000007 8.8487500000000008 11.506600000000001 10.913500000000001 0.60500000000000009 0.50500000000000012 10.618350000000001 9.5076000000000018 9.6184500000000011 10.660200000000001 4.1250000000000009 4.5650000000000004 8.0068500000000018 8.148950000000001 8.517450000000002 1.1050000000000002 2.8950000000000005 1.0050000000000001 13.149250000000002 1 6.9796000000000005 10.255000000000001 1.0000000180025095e-35 6.6820500000000012 7.4350000000000014 7.4650000000000007
decision_type=9 2 2 2 2 2 2 2 2 2 2 2 2 2 2 2 2 2 2 2 2 2 2 9 2 2 2 2 2 2
left_child=1 2 3 -1 -3 16 7 8 9 -7 11 14 -13 -12 -10 -16 23 -18 -19 -20 -21 -8 -23 25 -25 28 -27 -28 -2 -30
right_child=5 4 -4 -5 -6 6 21 -9 10 -11 13 12 -14 -15 15 -17 17 18 19 20 -22 22 -24 24 -26 26 27 -29 29 -31
leaf_value=-199.2274385625675 -0.028113378955532977 24.52541594301124 320.90153121871208 -3.184417663799227 -0.53386829479890996 19984.772637877115 0.097092818823505372 0.63470555853439392 -5.9007834434090114 3415.7521540124299 611.29443148714552 -159.51527804843329 -6337.2877729974989 -22.563933187395772 -31.562992414296698 -152.5495905497157 -2.8300115230057878 -49.985381899638909 -36.563020263292273 -77.932467538710341 -1928.9873158281969 0.32497961520584834 4.3308840402079225 -275.99041725784576 -0.025812125014141797 0.017723498033947595 28.561284408423134 -0.21898967463812366 -0.37938469675146791 -11.415425964177469
leaf_weight=0.050960283578854182 535.09976711770298 0.92782221373305818 0.22945482344122325 0.20878188908443662 3.5944969654112229 0.0050298236310235556 366.31107665109681 30.416867284318172 0.42305302250179572 0.0073935501277446747 0.040737930685281754 0.0081522660813959785 0.0019093492345220045 0.12659471007264694 0.012693439570057308 0.021311668845427567 0.42534405825600075 0.05207033049525478 0.016387233510613441 0.0051297065110702525 0.0012701294232755345 50.229463599336661 15.824093067430118 0.1340337366883898 29.908730543785033 216.54584083399121 1.4540628045797408 22.964715125409466 2.3830156028271006 0.91802183489673383
leaf_count=359 4873 120 106 28 147 142 200 644 158 25 53 112 1122 271 20 432 121 300 40 42 281 1053 705 63795 313 2797 1752 222 59 2854
internal_value=0.250748 5.57246 128.404 -41.6472 4.60742 0.184591 0.578299 4.75081 198.295 10124 3.93696 -41.8492 -1331.84 131.752 -13.4514 -107.388 -0.0384091 -14.5051 -80.8438 -151.358 -445.298 0.27852 1.28465 -0.0294689 -0.943093 0.0176239 0.167406 1.49479 -0.0490845 -3.44852
internal_weight=1278.35 5.01152 0.489197 0.259742 4.52232 1273.34 463.428 31.0637 0.646876 0.0124234 0.634452 0.46712 0.0100616 0.167333 0.457058 0.0340051 809.908 0.500201 0.0748574 0.0227871 0.00639984 432.365 66.0536 809.408 30.0428 779.365 240.965 24.4188 538.401 3.30104
internal_count=83146 760 493 387 267 82386 4937 2979 2335 167 2168 1844 1234 324 610 452 77449 784 663 363 323 1958 1758 76665 64108 12557 4771 1974 7786 2913
cat_boundaries=0 1 2
cat_threshold=8 134
is_linear=0
shrinkage=0.05


Tree=37
num_leaves=31
num_cat=2
split_feature=3 0 2 1 0 0 2 1 0 7 0 1 0 1 3 1 1 0 2 1 0 0 2 4 0 2 2 6 0 0
split_gain=25922.8 24394 115049 6.47188e+06 7.7935e+07 8.68654e+07 982552 90658.5 80539.4 1.31954e+06 2.66588e+07 70047.4 1.3919e+06 14325.3 13733.2 3.06106e+06 13139.9 405436 310941 3320.58 31742 99930.1 3028.35 16741.4 65768.6 13619.1 47526.6 4432.87 16527.7 87295.8
threshold=0 10.027300000000002 0.60500000000000009 15.381700000000002 11.609600000000002 11.506600000000001 1.1050000000000002 15.447300000000002 8.0068500000000018 1.0000000180025095e-35 8.148950000000001 14.320600000000001 13.71635 10.361100000000002 1 14.405750000000003 14.449450000000002 7.7974000000000006 2.0550000000000002 15.028300000000002 12.505550000000001 12.099050000000002 10.255000000000001 1.0000000180025095e-35 1.9466000000000003 7.4250000000000007 7.455000000000001 1.0000000180025095e-35 1.0278000000000003 2.3613500000000003
decision_type=9 2 2 2 2 2 2 2 2 2 2 2 2 2 9 2 2 2 2 2 2 2 2 2 2 2 2 2 2 2
left_child=-1 8 -3 11 5 -5 -6 -8 14 10 -10 13 19 -4 22 -16 -17 18 -18 20 21 -13 25 24 -24 27 -27 28 -2 -30
right_child=1 2 3 4 6 -7 7 -9 9 -11 -12 12 -14 -15 15 16 17 -19 -20 -21 -22 -23 23 -25 -26 26 -28 -29 29 -31
leaf_value=2.1186116937484445 -0.14235836641418695 0.08554266414986772 1.4182302093817936 5777.8590366501821 104.25384049041628 801.73466185652933 -0.50133612832455032 -45.166733505935056 -7.8865958215969973 -0.048806290984008349 -3180.8980459508243 -250.53205559587906 147.0063046123469 -0.34368025193354951 -410.03310323030519 0.038638053935183721 -8.188143938026327 0.034576428599938799 -99.25674445885997 -0.74410781352696953 -0.59583528010566178 -10.973978067313437 4.5319200985100911 -0.0032466748929918681 -0.23823067668184758 -0.2138293134249668 -14.314431420979929 0.060555281217568549 -45.558437634935252 -1.9060404880056212
leaf_weight=6.2246293756658915 137.89586239690033 366.04130411545179 16.725289165972242 0.012230153428178236 0.23427085578441614 0.030999417062763213 0.23876014913354779 0.21673392625152918 0.14687085837137054 2.5238083573495729 0.0069321142262959703 0.0053874850858490189 0.16968065435721591 37.186971117248575 0.045722160244319521 21.87062072753907 0.18999234145334912 8.3108072069131538 0.18499573135694822 2.0302165355312125 0.22706246381324963 0.022677073265086278 10.300292755941745 208.85558889748293 24.209716949615078 2.9498856461140917 0.74940180448348837 395.25896212290314 0.11646500729227849 6.891144342717209
leaf_count=760 2129 251 1272 288 30 31 22 380 121 9 1915 345 68 654 63171 21 94 35 787 240 63 32 1636 2622 513 56 2877 162 359 2203
internal_value=0.129799 0.10199 0.411171 2.49861 150.113 2209.54 21.0431 -21.7541 -0.0562149 -8.71368 -150.899 0.579049 8.83883 0.20292 -0.0278699 -0.924409 -0.614776 -2.26006 -53.1157 -1.41974 -6.79617 -56.9614 0.0184892 0.165325 1.18553 -0.0468766 -3.07033 -0.0261706 -0.262736 -2.63153
internal_weight=1249.87 1243.65 423.142 57.1003 0.732995 0.0432296 0.689765 0.455494 820.507 2.67761 0.153803 56.3673 2.45502 53.9123 817.829 30.6021 30.5564 8.6858 0.374988 2.28534 0.255127 0.0280646 787.227 243.366 34.51 543.862 3.69929 540.162 144.903 7.00761
internal_count=83146 82386 3676 3425 751 319 432 402 78710 2045 2036 2674 748 1926 76665 64108 937 916 881 680 440 377 12557 4771 2149 7786 2933 4853 4691 2562
cat_boundaries=0 1 2
cat_threshold=8 134
is_linear=0
shrinkage=0.05


Tree=38
num_leaves=31
num_cat=1
split_feature=3 6 2 0 2 2 2 2 5 1 1 0 0 2 2 2 0 0 0 0 2 2 2 2 2 2 2 2 1 1
split_gain=27078.1 2.97669e+06 4.31802e+07 9.13967e+08 4.97749e+06 360118 124576 257992 5473.4 429856 2.58876e+06 187601 749553 9234.9 562303 1.04276e+06 65943.9 17149 47598.8 15556.5 129396 583121 1.43196e+06 158553 145673 14655.4 10917.3 28326.6 7253.78 14258.6
threshold=0 1.0000000180025095e-35 4.2750000000000012 3.0450000000000004 2.5050000000000003 5.5950000000000006 3.8050000000000002 5.285000000000001 1.0000000180025095e-35 9.8073000000000015 14.680450000000002 11.069350000000002 7.3795000000000011 10.255000000000001 10.565000000000003 10.385000000000003 6.7465500000000009 7.8705000000000007 7.9489500000000008 3.6826500000000002 5.8250000000000011 4.1650000000000009 3.7450000000000006 0.21500000000000002 0.31500000000000006 5.7650000000000006 7.4350000000000014 7.4450000000000012 15.070250000000003 15.114450000000001
decision_type=9 2 2 2 2 2 2 2 2 2 2 2 2 2 2 2 2 2 2 2 2 2 2 2 2 2 2 2 2 2
left_child=1 2 4 5 -1 -4 -3 -8 9 -2 -11 12 -12 19 15 -15 -16 -18 -19 20 21 22 23 -10 -25 -23 -22 -28 -13 -30
right_child=8 6 3 -5 -6 -7 7 -9 13 10 11 28 -14 14 16 -17 17 18 -20 -21 26 25 -24 24 -26 -27 27 -29 29 -31
leaf_value=348.23843198703815 -0.019198533380237179 -0.24663881199210641 -396.44246289640881 37668.702686859258 -8.8704733654078805 -869.61854419985639 -3.701947341170317 -63.788420077316857 -792.09443823735046 -341.47041275034871 -433.20712759173853 -0.58207752691240111 -21.220611999138363 161.94036034558664 12.169732805450971 -2.2266262944002975 -0.1686556393490197 -0.19730167445632613 -24.900864333209167 0.13585134276749108 -0.21738594907656017 -13.672764838004012 -17.866438072423271 -68.831991834774684 -446.25441556571946 -0.19676147931773427 -0.25382533528281653 -14.376779172960068 -0.54139738585932695 -18.829977990675566
leaf_weight=0.11214557846989848 413.83791008794719 30.125817686180262 0.0056747569883555385 0.001683483444876315 0.75114102736053467 0.013798349260689013 0.72367886908341328 0.23720120174286341 0.0029035103514563924 0.063558650628978475 0.01292835357890898 0.4496387842809807 0.075592491125163974 0.15404063463214468 1.0826685726678942 0.25997983757445953 22.833824425489862 0.71825203299522433 0.26765551426892253 823.88626476248089 30.686730443845427 0.33850086101117727 0.072983957827091217 0.0029035103507339946 0.021398077022234421 0.49939575791358948 1.2426529824733736 0.49706312761194338 0.21315722167491913 0.21314329208234994
leaf_count=814 68861 367 81 1426 475 548 131 1028 71 738 190 34 102 72 1803 72 198 11 919 2854 350 142 51 12 571 5 18 1074 4 124
internal_value=0.0915233 1.34178 92.2117 2323.89 37.5199 -731.728 -0.81192 -18.5348 0.0499875 -0.0994149 -32.3912 -12.0227 -81.3907 0.120783 1.06195 58.8534 0.101121 -0.447428 -6.90386 0.0929885 -0.965445 -19.2724 -133.275 -442.884 -401.161 -5.64092 -0.435831 -4.28897 -5.01246 -9.68539
internal_weight=1329.4 31.9711 0.884443 0.0211566 0.863287 0.0194731 31.0867 0.96088 1297.43 414.866 1.02802 0.96446 0.0885208 882.567 25.3164 0.41402 24.9024 23.8197 0.985908 857.251 33.3645 0.938086 0.100189 0.0272051 0.0243016 0.837897 32.4264 1.73972 0.875939 0.426301
internal_count=83146 4870 3344 2055 1289 629 1526 1159 78276 70053 1192 454 292 8223 3075 144 2931 1128 930 5148 2294 852 705 654 583 147 1442 1092 162 128
cat_boundaries=0 1
cat_threshold=280
is_linear=0
shrinkage=0.05


Tree=39
num_leaves=31
num_cat=0
split_feature=11 2 2 2 0 0 1 1 1 2 0 0 0 1 1 2 0 1 2 1 1 0 0 1 2 0 0 2 2 2
split_gain=12336.7 9165.69 110392 390617 28759.4 728831 1.09277e+06 3.23661e+06 1.51454e+08 817080 105076 786478 4.64354e+07 58411.2 1.34722e+07 31992.4 1.40624e+06 7171.64 5286.58 30361.4 813513 1.23167e+06 13718.1 4686.17 2723.15 65735.5 1.20207e+06 5692.94 47959.6 11301.8
threshold=1.0000000180025095e-35 7.035000000000001 6.8750000000000009 6.9750000000000005 1.8578500000000002 0.34005000000000007 9.1609500000000015 9.2108000000000008 9.3131000000000022 7.2350000000000012 6.7921500000000004 6.7465500000000009 6.6820500000000012 4.2579000000000002 6.3674000000000008 8.0050000000000008 7.8705000000000007 9.5470500000000023 0.74500000000000011 15.283200000000003 15.447300000000002 10.618350000000001 8.2948500000000021 6.0884000000000009 4.9850000000000012 6.5633000000000008 6.6245000000000012 3.7050000000000005 4.2750000000000012 4.7750000000000012
decision_type=2 2 2 2 2 2 2 2 2 2 2 2 2 2 2 2 2 2 2 2 2 2 2 2 2 2 2 2 2 2
left_child=1 2 17 -4 5 6 13 -8 -9 -7 11 12 -6 -3 -15 -12 -17 23 -19 22 21 -21 -20 24 25 27 -27 -1 -29 -30
right_child=-2 4 3 -5 10 9 7 8 -10 -11 15 -13 -14 14 -16 16 -18 18 19 20 -22 -23 -24 -25 -26 26 -28 28 29 -31
leaf_value=-0.48564914638419981 -0.48354030313317753 -0.021997382877164254 -0.90410803402113837 50.652535188829667 -7889.5124265641925 -1.027424082536293 -0.79665925254486725 -0.053798128825181625 -14291.955741501864 164.8304059324953 -0.079481383021686974 -0.63252929955827875 -6.5823539847366082 1350.1219781924683 -0.61993577329005634 -0.33086468130137381 -76.652506787267953 0.061484296591957713 0.0040124191155979753 102.94917263618375 -1.7485986424779769 -1.2715392958146448 1.0207219211534666 -7.4806323680294078 -0.10545444554280257 -0.32426290586802137 -481.54745363725078 -2.835199382777073 -151.72175215255706 -34.356693403963106
leaf_weight=23.326173194726554 124.90549502546287 306.10961565217673 1.4695433520475318 0.48984777992501904 0.0019012702476297596 0.15535745024680991 0.206590935587882 0.066722256713546813 0.0019066736567765466 0.14224511625957348 44.144196326895496 0.78477388621507593 0.10727306256444524 0.018556813418409646 3.5425273266799202 22.546735945163736 0.62013781071215035 564.61086516865191 160.47279515354506 0.48826885755930216 9.8895742064716483 0.67590490598125719 41.824342389977147 0.23639777546830387 29.609944152010254 0.24361500144004386 0.013707255301575377 0.14379738627701627 0.0069228456275744477 0.0029148846251678684
leaf_count=4384 2707 38000 817 451 6068 71 142 281 1540 2132 415 38 33 2929 8572 493 2704 393 339 62 638 39 282 243 5811 9 748 1192 1105 508
internal_value=-0.0104125 0.0383487 0.131002 11.9851 -0.165712 0.0386556 -0.0364388 -99.6231 -397.117 78.2477 -1.09532 -18.1248 -143.864 0.0520689 6.41878 -0.869154 -2.37387 0.10307 0.141606 0.35364 2.90531 42.4399 0.214214 -0.45643 -0.425304 -0.824287 -25.9585 -0.548834 -10.1421 -116.947
internal_weight=1336.86 1211.95 833.505 1.95939 378.449 310.244 309.946 0.27522 0.0686289 0.297603 68.205 0.893948 0.109174 309.671 3.56108 67.3111 23.1669 831.545 777.962 213.351 11.0537 1.16417 202.297 53.5835 53.3471 23.7371 0.257322 23.4798 0.153635 0.00983773
internal_count=83146 80439 17021 1268 63418 53667 51464 1963 1821 2203 9751 6139 6101 49501 11501 3612 3197 15753 1753 1360 739 101 621 14000 13757 7946 757 7189 2805 1613
is_linear=0
shrinkage=0.05


Tree=40
num_leaves=31
num_cat=1
split_feature=3 2 1 0 1 2 2 1 0 0 1 2 0 1 1 1 1 1 2 2 0 0 0 4 2 2 2 2 2 2
split_gain=38130.7 1.74488e+07 3.37364e+08 35912.2 44381.5 23615.5 123329 7961.64 11699.5 7808.71 4758.38 30667.5 497186 2.46606e+06 6.10374e+06 574847 1.71712e+06 4778.96 63476.7 7158.67 17070.4 2023.01 1323.99 974.155 1244.42 10340.2 88801.5 191785 29643.9 4351.55
threshold=0 5.1250000000000009 15.317600000000001 11.175250000000002 15.198500000000001 3.7450000000000006 2.8950000000000005 15.154500000000002 12.248250000000002 7.9489500000000008 1.0000000180025095e-35 7.0150000000000006 1.8578500000000002 9.1888000000000023 9.2108000000000008 7.9688500000000007 6.9054000000000011 13.692350000000001 1.0000000180025095e-35 1.1050000000000002 7.8705000000000007 11.12035 7.7974000000000006 1.0000000180025095e-35 10.385000000000003 1.3250000000000004 2.5050000000000003 5.1750000000000007 3.0050000000000003 3.9250000000000003
decision_type=9 2 2 2 2 2 2 2 2 2 2 2 2 2 2 2 2 2 2 2 2 2 2 2 2 2 2 2 2 2
left_child=10 3 -3 9 7 6 -6 8 -5 -2 22 17 13 15 -15 16 -13 18 -12 -19 -21 -11 23 -1 25 -25 -27 28 -28 -30
right_child=1 2 -4 4 5 -7 -8 -9 -10 21 11 12 -14 14 -16 -17 -18 19 -20 20 -22 -23 -24 24 -26 26 27 -29 29 -31
leaf_value=-0.14368872362001198 -0.85643961174681715 -12679.666667820034 -134.56565280591207 -31.73971108100919 -136.4345529089081 -13.602671954019636 -12.794247855044615 -0.18990740706043829 -6.0897185297762011 -0.17909186626446436 0.038735107632120444 239.95015672581209 0.15740848316731415 -0.81656866110522641 595.10023521100914 -0.65935611555155615 -3.0910515299985679 0.070965663315768077 -5.8390787052811852 -0.10497101631739003 1.3750894065331456 0.23356671927710529 -1.2999809646179716 -0.1850939240766328 0.050855035715608982 -2.5327764026382891 -171.88220313088135 -688.65280790896668 -63.238640107648145 -14.957756835846567
leaf_weight=162.08723917800921 26.283227011154338 0.0054930683692465667 0.21971653352790099 0.053650200877448317 0.028228404233233903 0.09963565704128996 0.070643052458763136 0.4692324697971344 0.25941676329177255 45.824410640539327 96.799613000677084 0.10293586338183036 47.15115100636006 0.13205024600028981 0.063697505160234869 2.1800366391417683 0.24720197170972824 641.11192227978381 4.8220962653870734 42.274468738808679 36.13307511115849 84.404579162597656 2.1337707766324447 14.31950338790819 201.73330455869655 0.44350676792381938 0.0052376717185389802 0.00130699426852469 0.0087041084195590979 0.010061976789288538
leaf_count=6151 5769 59842 970 114 160 51 35 10 128 607 77 59 1205 9 490 274 99 495 835 277 348 18 1537 488 2103 186 45 538 85 141
internal_value=-0.00548024 -0.713706 -440.552 -0.130068 -9.66775 -30.7821 -48.0943 -4.31002 -10.4854 -0.0702991 0.0887467 0.153908 1.35771 22.1197 193.098 8.89185 68.3598 0.0807882 -0.240176 0.12612 0.577095 0.0883622 -0.0579915 -0.0509919 0.0184006 -0.424323 -7.73131 -98.8224 -66.7064 -37.3515
internal_weight=1409.48 157.718 0.22521 157.493 0.980807 0.198507 0.0988715 0.782299 0.313067 156.512 1251.76 871.018 49.8771 2.72592 0.195748 2.53017 0.350138 821.141 101.622 719.519 78.4075 130.229 380.743 378.609 216.522 14.7883 0.468818 0.0253108 0.0240038 0.0187661
internal_count=83146 67704 60812 6892 498 246 195 252 242 6394 15442 4168 2136 931 499 432 158 2032 912 1120 625 625 11274 9737 3586 1483 995 809 271 226
cat_boundaries=0 1
cat_threshold=134
is_linear=0
shrinkage=0.05


Tree=41
num_leaves=31
num_cat=3
split_feature=3 5 3 2 1 2 1 5 1 1 1 11 2 1 1 2 2 5 2 2 2 1 5 3 2 5 2 2 1 1
split_gain=29500.5 3.53261e+06 15974.3 31050.9 5053.06 35246.5 851516 1.32709e+07 9.67853e+06 9.95852e+06 216366 2984.76 5752.88 67467.9 1143.15 983.206 6729.53 27676 199572 712850 1173.22 303.178 262.844 275.074 226.887 149.253 105.434 21.0484 19.779 10.95
threshold=0 1.0000000180025095e-35 1 0.84500000000000008 1.0000000180025095e-35 7.0150000000000006 11.516400000000003 1.0000000180025095e-35 8.9135500000000025 7.6804000000000014 9.1888000000000023 1.0000000180025095e-35 1.1050000000000002 13.933900000000001 6.1351000000000004 2.6050000000000004 0.41500000000000004 1.0000000180025095e-35 1.5650000000000002 1.2150000000000001 1.8350000000000002 8.1981500000000018 1.0000000180025095e-35 2 1.2150000000000001 1.0000000180025095e-35 2.8150000000000004 7.455000000000001 8.699950000000003 8.8538500000000013
decision_type=9 2 9 2 2 2 2 2 2 2 2 2 2 2 2 2 2 2 2 2 2 2 2 9 2 2 2 2 2 2
left_child=4 -2 -3 -4 15 11 7 10 9 -9 21 12 25 14 -14 16 -1 18 19 -18 -20 -7 23 -17 -19 -6 -24 -28 -23 -30
right_child=1 2 3 -5 5 6 -8 8 -10 -11 -12 -13 13 -15 -16 22 17 24 20 -21 -22 28 26 -25 -26 -27 27 -29 29 -31
leaf_value=-0.23009788699399902 -241.52458535146312 0.11169654225957765 0.012098653220672021 -1.6927256421831052 0.0058963567003238451 -2.1619059173939901 0.18295656481622585 1273.7796017133801 1239.6254585820884 -9.762251470193462 -90.680608487079439 -0.13026038859929409 0.21580630357932584 4.2424023878739829 -0.090569118462780762 0.003486688998588477 -1382.8506625869604 -0.4949794019701772 -3.6224322793936667 -47.021743236361132 -17.066780472043078 -0.054996396548408689 0.018633534476552784 -0.1391324664133497 -2.5697823133065683 0.074094561797541092 -0.12134636077699903 -0.1803661048720433 -0.76279045415773961 -0.31503488147465519
leaf_weight=13.175739409317133 0.15199007205285298 95.750367675442249 53.697415919501481 53.140662064700024 95.424894188009375 0.26285180053673585 41.428394317626953 0.019119429867741455 0.034775028479190062 0.072093721462792359 0.07006780058145512 126.91005443036556 90.624229431152273 10.663776081382592 45.850305939958915 267.86439804083972 0.0012293890632993762 0.24782784283161385 0.041995885978394654 0.0053223692446628945 0.026445348708327834 0.53267404623329617 12.257882118652416 28.758520761810814 0.28135091155366188 503.70938481440635 46.495242237201182 22.376794199314674 0.21193262714950833 0.38385120828615982
leaf_count=593 63171 210 145 4178 191 158 718 59 374 149 389 1086 5 264 374 4836 277 242 54 90 127 107 21 760 302 112 934 3038 76 106
internal_value=0.00966393 -0.536806 -0.382504 -0.76433 0.0977418 0.16274 1.55998 37.4987 529.876 259.284 -4.95008 0.0939072 0.132029 0.412161 0.112876 -0.0518592 -0.466707 -5.62667 -34.0538 -297.68 -8.81726 -0.6326 -0.0367261 -0.0149137 -1.5981 0.0632325 -0.116475 -0.140522 -0.276379 -0.474311
internal_weight=1510.47 202.74 202.588 106.838 1307.73 916.198 43.0158 1.58737 0.125988 0.0912132 1.46138 873.183 746.273 147.138 136.475 391.533 13.7799 0.604172 0.074993 0.00655176 0.0684412 1.39131 377.753 296.623 0.529179 599.134 81.1299 68.872 1.12846 0.595784
internal_count=83146 67704 4533 4323 15442 4168 2136 1418 582 208 836 2032 946 643 379 11274 1685 1092 548 367 181 447 9589 5596 544 303 3993 3972 289 182
cat_boundaries=0 1 2 3
cat_threshold=134 8 4
is_linear=0
shrinkage=0.05


Tree=42
num_leaves=31
num_cat=2
split_feature=3 0 5 0 5 0 0 2 2 2 2 2 0 0 2 0 2 2 2 2 2 1 0 1 0 4 2 3 2 6
split_gain=19635 8.33047e+06 3.98823e+08 9776.37 5016.88 23397.6 1.58464e+06 3.45955e+06 68952.1 16654.7 126229 542907 5022.38 12417.4 4937.64 16306.5 8718.03 48769.8 715298 515825 622784 10256.9 3947.44 2197.58 1321.13 960.46 715.79 655.555 450.866 378.795
threshold=0 7.6239000000000008 1.0000000180025095e-35 8.0068500000000018 1.0000000180025095e-35 1.8578500000000002 0.14410000000000003 7.3750000000000009 7.4350000000000014 6.3550000000000013 5.7650000000000006 5.2250000000000005 0.56245000000000012 0.59055000000000013 8.0050000000000008 7.7974000000000006 1.1050000000000002 2.8150000000000004 2.5050000000000003 1.2150000000000001 1.7050000000000003 10.361100000000002 6.7921500000000004 4.2579000000000002 10.913500000000001 1.0000000180025095e-35 1.4550000000000003 1 3.1350000000000002 1.0000000180025095e-35
decision_type=9 2 2 2 2 2 2 2 2 2 2 2 2 2 2 2 2 2 2 2 2 2 2 2 2 2 2 9 2 2
left_child=4 2 -2 -3 23 6 8 12 9 10 11 -6 -8 -14 16 22 29 18 19 -18 26 -19 -16 24 25 -1 -21 -27 -23 -7
right_child=1 3 -4 -5 5 14 7 -9 -10 -11 -12 -13 13 -15 15 -17 17 21 -20 20 -22 28 -24 -25 -26 27 -28 -29 -30 -31
leaf_value=-0.16539389404912697 -105.94936703740677 0.063981194210015219 -24542.914994616756 -0.55194974939921893 -167.92094025276143 -0.019494117949341971 -0.47965861926576825 252.47032398836143 12.153846048932884 -0.15383502707460731 -0.18707407283451499 -2.2194658691249596 -0.055101417299566149 -30.095856070276582 -3.3711032968786152 -6.8992939593561688 110.55955548033572 1.2804657061048943 -0.01518880078014761 -2.1368719056802865 93.129382353918771 0.04796663641084211 -0.16534010496081553 -0.2386736763235629 0.18362186523366375 0.066274967488056544 -6.208107863986605 -0.14996825134807534 -0.18537919747233506 0.087629257763335855
leaf_weight=87.177639174187192 0.16385491715266098 177.1014217359463 0.0016868377552441407 101.26099791067293 0.061021191478633496 98.124897480019399 0.23789817129727486 0.19881990551948547 1.1125486720020337 25.964581372402783 2.2511073350906372 0.26029163375369535 0.084010802209377275 0.058250458527054252 1.0091436795919495 0.98653485873069158 0.22330162702460576 17.460211675868123 12.042564396433342 0.43528808694100007 0.23664250739984194 49.256984740910013 19.827046485019991 96.518762448100347 100.87888336181641 189.4793776170556 0.14357218946355821 33.053228933131976 35.707099858495269 519.02016772121647
leaf_count=3376 62418 132 2072 3082 376 627 22 88 1921 169 17 17 2 107 635 946 60 952 54 99 241 18 238 1764 193 2526 75 501 389 29
internal_value=0.015298 -0.358094 -354.957 -0.160078 0.0978201 0.177788 1.5418 83.4646 -0.0579464 -0.534038 -4.37159 -33.6882 -4.92382 -12.3556 0.123138 -0.618004 0.145214 0.543892 3.41876 43.2276 24.7907 0.176721 -0.320602 -0.0239943 0.0264712 -0.0247159 -3.14664 0.030395 -0.0500995 0.0705968
internal_weight=1570.34 278.528 0.165542 278.362 1291.81 784.702 30.2285 0.578979 29.6496 28.537 2.57242 0.321313 0.380159 0.142261 754.473 21.8227 732.651 115.506 13.0814 1.0388 0.815503 102.424 20.8362 507.108 410.589 309.71 0.57886 222.533 84.9641 617.145
internal_count=83146 67704 64490 3214 15442 7082 2719 219 2500 579 410 393 131 109 4363 1819 2544 1888 529 475 415 1359 873 8360 6596 6403 174 3027 407 656
cat_boundaries=0 1 2
cat_threshold=134 4
is_linear=0
shrinkage=0.05


Tree=43
num_leaves=31
num_cat=4
split_feature=11 2 0 0 2 2 0 2 3 0 0 0 0 0 3 2 1 4 3 4 3 0 2 4 0 2 2 2 0 2
split_gain=16122.6 15756.4 372756 449776 27259.4 288479 85557.7 1.39882e+07 11222.1 6531.34 107467 527268 4237 15306.8 6297.57 5423.41 234040 12020.2 3658.87 1270.06 589.735 514.8 221.809 188.291 166.516 9378.72 157663 72405.1 1011.97 1102.17
threshold=1.0000000180025095e-35 10.285000000000002 7.6753500000000008 7.7317000000000009 7.0150000000000006 7.1650000000000009 5.6553000000000013 7.4450000000000012 0 1.7926000000000004 6.849800000000001 6.7465500000000009 7.3207000000000013 7.6753500000000008 1 1.1050000000000002 1.0000000180025095e-35 1.0000000180025095e-35 2 1.0000000180025095e-35 3 5.151250000000001 4.9850000000000012 1.0000000180025095e-35 5.3035500000000004 3.1350000000000002 3.0050000000000003 2.7150000000000003 1.0278000000000003 3.7050000000000005
decision_type=2 2 2 2 2 2 2 2 9 2 2 2 2 2 9 2 2 2 9 2 9 2 2 2 2 2 2 2 2 2
left_child=1 4 9 -4 8 -6 7 -7 -1 18 11 -11 15 -14 -15 -10 17 24 19 -3 22 -19 -16 -20 25 26 27 -17 -27 -30
right_child=-2 2 3 -5 5 6 -8 -9 12 10 -12 -13 13 14 20 16 -18 21 23 -21 -22 -23 -24 -25 -26 28 -28 -29 29 -31
leaf_value=0.74022832245130232 -0.43723910349240103 -0.17682088022690157 -0.4674529679974444 -50.627843054872422 32.354809969421197 -0.20389882170341861 -0.276319970991806 537.74039112709772 0.038071637327328045 79.157573162618121 -0.22104823588025627 -0.41403697361479613 1.0329117816290416 0.47803552025287455 0.06620357833733824 -696.39388162612988 -50.295679740690957 -9.4909887836567357 -0.9216967402201629 0.055262351759005936 -0.036721176825406231 -6.3068823757143306 0.14822186032776238 -0.6295075658866236 0.026705865162487422 -0.078762164165656429 -0.921247353127852 -191.648819139691 -0.050711914776039681 -7.7125396492753744
leaf_weight=74.357744959790125 126.79247165269567 83.682578510075018 1.0046330839395645 0.80500684037666381 0.7383524650392691 15.073720604485979 41.510887147044997 0.12182124900887714 251.35548522453681 0.2554180523734243 16.431380134461641 1.1258622854948042 51.049586276688046 99.740516066933679 296.39618666933643 0.0010770536965236379 0.23594690945955221 0.25020659881113161 7.2707667388313011 199.44536158718438 122.79042920919323 0.257668365048346 114.19083143949331 22.815451308095362 12.218004015958718 11.884772410511623 0.057415111106825872 0.0020876957131010787 0.096508866064283105 0.091382154694316542
leaf_count=450 2707 1422 23 2339 1534 8966 1329 43930 1137 925 288 41 128 251 398 734 640 631 439 1786 778 135 191 543 373 9231 223 546 104 924
internal_value=0.103061 0.151127 -0.150057 -22.781 0.242891 1.30305 0.898741 4.10875 0.184048 -0.0263391 0.904974 14.2999 0.131918 0.200041 0.132885 -0.0319041 -0.73279 -0.262371 -0.0793034 -0.0128784 0.058287 -7.87554 0.0868978 -0.525466 -0.103589 -0.234793 -19.8589 -363.428 -0.136321 -3.7771
internal_weight=1552.05 1425.26 332.836 1.80964 1092.42 57.4448 56.7064 15.1955 1034.98 331.027 17.8127 1.38128 960.618 684.168 633.118 276.451 25.0951 24.8591 313.214 283.128 533.377 0.507875 410.587 30.0862 24.3512 12.1332 0.0605799 0.00316475 12.0727 0.187891
internal_count=83146 80439 7806 2362 72633 55759 54225 52896 16874 5444 1254 966 16424 1746 1618 14678 13541 12901 4190 3208 1367 766 589 982 12135 11762 1503 1280 10259 1028
cat_boundaries=0 1 2 3 4
cat_threshold=8 128 4 6
is_linear=0
shrinkage=0.05


Tree=44
num_leaves=31
num_cat=3
split_feature=11 5 1 0 1 0 0 0 0 1 3 3 1 0 1 6 0 0 1 0 0 0 0 0 0 4 0 1 1 3
split_gain=15231.8 14816.3 656882 1.72317e+06 41095.8 31438.5 434856 51701 21180.1 57300.2 10045.6 3023.69 12741.6 3277.74 1853.78 1371.27 2082.97 28005.4 916.282 192753 1.83696e+06 7667.43 733.736 11239.2 37210.8 712.058 621.999 1606.62 512.139 349.756
threshold=1.0000000180025095e-35 1.0000000180025095e-35 9.8073000000000015 11.069350000000002 15.028300000000002 7.6239000000000008 7.5164500000000016 7.3207000000000013 5.6553000000000013 4.2579000000000002 0 1 15.317600000000001 12.596050000000002 14.994250000000003 1.0000000180025095e-35 6.849800000000001 6.7921500000000004 1.0000000180025095e-35 1.0000000180025095e-35 2.4501500000000003 0.34005000000000007 5.151250000000001 1.0000000180025095e-35 0.56245000000000012 1.0000000180025095e-35 11.12035 13.692350000000001 15.350350000000002 2
decision_type=2 2 2 2 2 2 2 2 2 2 9 9 2 2 2 2 2 2 2 2 2 2 2 2 2 2 2 2 2 9
left_child=1 2 18 -4 14 6 7 8 9 22 -7 13 -13 26 -5 16 17 -10 19 25 21 -21 23 -3 -25 -1 27 -12 -14 -27
right_child=-2 5 3 4 -6 10 -8 -9 15 -11 11 12 28 -15 -16 -17 -18 -19 -20 20 -22 -23 -24 24 -26 29 -28 -29 -30 -31
leaf_value=-0.12743635080138893 -0.45205201089535213 -0.3180919800648106 -201.43859265915216 -6.4663495714538062 -28.128636436367387 0.62241735274510201 23.10520427838037 6.2630656345681928 -29.185415688261315 2.4462287327723042 -0.84466339320064332 -1.2634267109134936 0.085642701447882427 0.5089150083241889 -0.1115480455198838 0.052728723714993903 -0.31260996787968004 -0.1910636020108156 0.088346554044669831 -0.067491829851392099 -484.78377714634837 -18.301503907940898 0.030228045798414222 -0.91052099024805289 -39.755306449484074 0.061348211763223928 0.11094289005436773 0.021079055451993955 -0.057977648388620386 -0.088005554010855525
leaf_weight=90.555707399236866 116.70823836402656 25.417829440841068 0.14417056532104144 0.21411260846071156 0.25319696010578552 75.169160184547948 2.1691310801881505 3.9238917327519109 0.090958313548120229 38.601644387464148 6.0806658992547744 21.175888489319931 124.92758178711149 51.731418609619141 0.24732062220573425 92.544564674598718 9.0523350039191026 0.98692518472671509 219.34050059724223 0.19313310481786589 0.02155825398620087 0.082187850816999974 11.913356391887648 0.29305669295718006 0.078076751967648739 207.835644639165 230.35591781436023 45.146466031810512 123.37031027658317 39.448783832480103
leaf_count=43983 2707 2304 1125 101 227 179 80 99 603 1324 852 1143 31 177 3 108 323 22 13156 514 6185 3562 154 60 1020 1736 255 110 630 373
internal_value=0.0970581 0.142146 -0.0585562 -43.7537 -11.9421 0.271989 0.849579 0.585639 0.461168 1.09211 0.114317 0.0399665 -0.0830409 0.138936 -3.06028 -0.00772648 -0.560015 -2.63778 0.00875669 -0.0428711 -40.3137 -5.51065 -0.294303 -0.444221 -9.08245 -0.00748292 0.075899 -0.0816847 0.0142829 0.0364441
internal_weight=1538.07 1421.37 558.336 0.858801 0.71463 863.029 185.072 182.903 178.979 76.304 677.957 602.788 269.474 333.314 0.461433 102.675 10.1302 1.07788 557.478 338.137 0.296879 0.275321 37.7023 25.789 0.371133 337.84 281.583 51.2271 248.298 247.284
internal_count=83146 80439 70965 1456 331 9474 6097 6017 5918 4862 3377 3198 1804 1394 104 1056 948 625 69509 56353 10261 4076 3538 3384 1080 46092 1217 962 661 2109
cat_boundaries=0 1 2 3
cat_threshold=128 12 4
is_linear=0
shrinkage=0.05


Tree=45
num_leaves=31
num_cat=2
split_feature=7 3 0 2 2 2 5 3 4 2 0 0 0 2 2 2 2 2 0 2 0 2 2 2 4 2 2 2 2 2
split_gain=124069 15077.6 2.6745e+06 2.28762e+07 59688.5 9241.76 6858.33 65876.2 428770 42421.7 721737 23538 20654.7 180128 900243 57296.4 5614.23 1131.71 875.296 717.534 536.074 417.686 77199.3 201443 4.78067e+06 1.6414e+07 108261 46433.3 2.48127e+06 14003.8
threshold=1.0000000180025095e-35 0 11.175250000000002 1.8350000000000002 0.74500000000000011 1.4550000000000003 1.0000000180025095e-35 1 1.0000000180025095e-35 10.255000000000001 6.849800000000001 7.6753500000000008 6.5633000000000008 5.8250000000000011 5.285000000000001 7.4250000000000007 7.0150000000000006 1.1050000000000002 10.913500000000001 3.1350000000000002 6.6820500000000012 10.655000000000003 0.31500000000000006 0.41500000000000004 1.0000000180025095e-35 10.465000000000002 3.1350000000000002 10.325000000000001 5.1250000000000009 3.2850000000000006
decision_type=2 9 2 2 2 2 2 9 2 2 2 2 2 2 2 2 2 2 2 2 2 2 2 2 2 2 2 2 2 2
left_child=1 6 4 -4 -3 -6 18 8 -8 12 -11 -12 13 14 -9 -15 17 20 21 -19 -14 22 -1 -24 26 -26 -25 28 29 -28
right_child=-2 2 3 -5 5 -7 7 9 -10 10 11 -13 16 15 -16 -17 -18 19 -20 -21 -22 -23 23 24 25 -27 27 -29 -30 -31
leaf_value=0.0047409437239219112 2.6034584112030661 -24.061500673871475 -15.703631778728621 -1813.7487737410645 0.064655450297776265 -0.50845308519352461 -0.30216835467607417 -190.35672221314351 18.753936983138445 44.649843189842947 -0.35057194321792617 -12.368457356754542 0.19473514214676438 -0.2285680047461236 -2.0574319570241069 -12.530569409423711 0.72746030898598368 -0.06344979427114758 0.10038266386042471 -0.52874275506298785 0.061146903547513259 -0.025034097605500922 -0.17461908177801105 -182.77471887457861 -6051.3155649280798 -20.313295184369096 -0.61149069359215902 -0.52299662510334832 -1821.9364246635523 -41.169418945146568
leaf_weight=109.98414154303529 47.934912204919101 0.2612905876068784 0.19982840341905775 0.019407837212344486 184.80766974186923 113.57156926284949 12.028879821321492 0.075406095273152729 3.9118099933635238 0.95701450109481356 9.1720618822106417 0.42636957019567567 97.153144836425781 21.062401476194609 0.40116889047238596 0.99102354696753536 34.154075622559219 44.470269879934804 117.9581549520226 10.183004188008836 330.8064079284668 338.95205073311126 0.92125869676235084 0.0098508842602175184 0.0014625039876179349 0.0049350356835020648 0.089050806083265169 0.21168858136843482 0.0019210857572033993 0.027967331833925566
leaf_count=530 234 370 210 1235 241 65529 381 1082 201 1693 136 760 3 356 58 869 339 304 388 571 257 2845 37 337 1342 47 346 43 2173 229
internal_value=0.101209 0.0174966 -0.292764 -174.875 -0.174404 -0.153486 0.100959 0.225071 2.68794 0.102914 3.24397 -0.884415 0.0433437 -1.4386 -31.8511 -0.781388 0.107954 0.0641116 -0.020859 -0.150143 0.0914734 -0.0526256 -0.136689 -12.4027 -44.879 -1399.03 -19.4349 -14.5682 -39.566 -10.3048
internal_weight=1480.75 1432.82 298.86 0.219236 298.641 298.379 1133.96 565.793 15.9407 549.852 10.5554 9.59843 539.297 22.53 0.476575 22.0534 516.767 482.613 568.162 54.6533 427.96 450.204 111.252 1.26813 0.346876 0.00639754 0.340479 0.330628 0.118939 0.117018
internal_count=83146 82912 67585 1445 66140 65770 15327 7010 582 6428 2589 896 3839 2365 1140 1225 1474 1135 8317 875 260 7929 5084 4554 4517 1389 3128 2791 2748 575
cat_boundaries=0 1 2
cat_threshold=134 128
is_linear=0
shrinkage=0.05


Tree=46
num_leaves=31
num_cat=1
split_feature=7 11 2 2 2 0 1 1 1 2 0 0 2 2 0 3 2 1 1 1 1 0 1 0 2 1 0 2 0 0
split_gain=1.37051e+06 13100.6 10963.5 98517.9 218530 58768.6 277217 5.66967e+07 1.38692e+08 113511 2.24768e+06 29127.8 15033 1.13031e+06 7364.36 26507.1 1746.68 82632.8 1158.9 863.057 4941.94 777.315 686.002 485.772 1250.18 416.715 346.77 29037.2 320228 139118
threshold=1.0000000180025095e-35 1.0000000180025095e-35 7.4850000000000012 7.4150000000000009 7.4350000000000014 1.8578500000000002 4.2579000000000002 8.153850000000002 7.9688500000000007 8.0050000000000008 7.5164500000000016 6.908850000000001 7.0150000000000006 7.1850000000000014 8.2948500000000021 0 3.1950000000000007 1.0000000180025095e-35 8.1394500000000019 8.4643000000000015 8.5462500000000023 7.1715000000000009 9.1006000000000018 6.7921500000000004 0.41500000000000004 8.9874000000000027 7.6753500000000008 5.7650000000000006 1.3363000000000003 7.5164500000000016
decision_type=2 2 2 2 2 2 2 2 2 2 2 2 2 2 2 9 2 2 2 2 2 2 2 2 2 2 2 2 2 2
left_child=1 2 3 12 -5 6 -4 8 -8 -7 11 -11 14 -14 16 -16 23 26 -10 -9 -21 -13 25 24 -1 -22 27 28 -18 -30
right_child=-2 -3 5 4 -6 9 7 19 18 10 -12 21 13 -15 15 -17 17 -19 -20 20 22 -23 -24 -25 -26 -27 -28 -29 29 -31
leaf_value=0.0067155650898877584 28.207707695710333 -0.47407300119187812 -0.020855368745690786 -0.134067230437521 33.779944106959611 -0.18397458253259591 20419.833531107033 -0.44725189725774178 -94.887411819928914 -11.424865327271235 -124.20856948309461 -0.23095325079774509 120.81439464044837 -0.36638101956702607 0.080157198559246398 1.0051793949317198 -0.05006333157138481 -27.361253175686343 -28.537494521106112 -56.304484181038006 -3.2663717714541365 -1.5640887773917176 1.824888058423447 0.064161182934561828 -0.47388717131742375 -8.1069880889622983 0.039608745957105118 -0.13683563896109646 -714.35354464440923 -75.335780056956892
leaf_weight=110.64312986975889 4.3372279653287924 106.95144105397367 334.78369444119437 1.4690415560513947 0.70197492837937003 17.807346343994141 0.0011731167396695765 0.38053720857715229 0.0010544364922679961 0.66519593248807574 0.39144968335787922 5.7647516692768743 0.19651193916808907 9.2630884796380979 358.62153207245495 91.116375235385874 0.04047264020992717 0.28098397315927215 0.0017509699682705104 0.0044441078789532176 0.2177034277050835 1.3493622547102857 0.055871339747682214 313.49844458918233 15.416774007538576 0.055871339747682214 16.494142535603473 7.9349055910512334 0.0023796259830806887 0.0013265089370406713
leaf_count=751 234 2694 29716 1377 3414 3492 6783 971 785 1765 2850 142 1797 6507 496 1014 5056 514 69 279 1262 139 1902 272 2756 246 55 4970 826 12
internal_value=0.144962 0.0576558 0.101838 0.193026 10.8317 -0.131678 0.0457234 31.072 5983.33 -2.42278 -7.30202 -1.41937 0.168016 2.15101 0.147494 0.291698 0.00781641 -0.400837 -53.4757 -2.0751 -3.93037 -0.483814 -3.22386 0.0308302 -0.0520608 -4.25496 -0.0912965 -0.3619 -40.7855 -485.635
internal_weight=1398.45 1394.11 1287.16 925.681 2.17102 361.48 335.502 0.718406 0.00397852 25.9781 8.17076 7.77931 923.51 9.4596 914.05 449.738 464.313 24.7542 0.00280541 0.714427 0.33389 7.11411 0.329446 439.558 126.06 0.273575 24.4732 7.97908 0.0441788 0.00370613
internal_count=83146 82912 80218 29817 4791 50401 42013 12297 7637 8388 4896 2046 25026 8304 16722 1510 15212 11433 854 4660 3689 281 3410 3779 3507 1508 10919 10864 5894 838
cat_boundaries=0 1
cat_threshold=6
is_linear=0
shrinkage=0.05


Tree=47
num_leaves=31
num_cat=2
split_feature=2 1 1 2 2 5 1 2 1 1 1 2 2 1 3 3 5 1 11 2 2 2 2 2 2 2 1 1 1 1
split_gain=177651 2.36076e+06 6.81571e+08 2.28413e+10 2.21758e+06 3.58144e+07 1.3228e+06 145342 16322.4 58103.3 113986 22645.4 207222 16424.9 11781.3 5845.07 16935 1042.08 820.408 373.449 416.247 15647.4 244.647 135.897 130.096 557.856 123.706 91.7797 435.151 3621.86
threshold=7.4850000000000012 5.347900000000001 8.223650000000001 10.655000000000003 8.0050000000000008 1.0000000180025095e-35 9.2108000000000008 7.4150000000000009 13.933900000000001 15.317600000000001 14.367050000000003 7.0150000000000006 7.2150000000000007 9.8073000000000015 0 1 1.0000000180025095e-35 1.0000000180025095e-35 1.0000000180025095e-35 2.7150000000000003 0.31500000000000006 0.41500000000000004 2.8150000000000004 6.9350000000000014 7.2750000000000012 7.245000000000001 15.512300000000002 8.9523000000000028 8.4444500000000016 8.4964000000000013
decision_type=2 2 2 2 2 2 2 2 2 2 2 2 2 2 9 9 2 2 2 2 2 2 2 2 2 2 2 2 2 2
left_child=7 15 3 -3 -4 6 27 8 11 10 -10 13 -13 17 18 16 -2 19 26 20 -1 -22 -21 -24 25 -14 -11 28 -6 -30
right_child=1 2 4 -5 5 -7 -8 -9 9 14 -12 12 24 -15 -16 -17 -18 -19 -20 22 21 -23 23 -25 -26 -27 -28 -29 29 -31
leaf_value=-0.30437377881774386 0.0080468039931649166 -177737.83838312508 0.75788040465171869 -13.652942274911972 -0.052298749183854187 -2702.4761842568728 -218.11670085441375 16.550471507759251 9.0514881949799051 0.076596811454825831 1.2203022386023101 24.410992701061105 -0.4537196407015941 -0.95018988180117836 0.64649523496076411 -0.5657967982169988 2.4463446580694077 0.097317690373090085 0.23479864045155741 0.042097173529121949 -0.30142856121042438 -40.905324883741855 -0.17605071613931611 -1.6564104745259982 -0.31792252326448206 -3.7630363504190258 0.0037655962562313169 -0.066577743526290589 -0.052175918674361554 -35.362437647994184
leaf_weight=10.074934071043387 300.10958987278497 0.0018617302300377716 21.12319942936303 0.062495303341649988 0.1415156093426036 0.012930527313013584 0.084150537848472595 1.3665750776724497 5.0727604561127597 232.56410326251066 55.312888857701282 0.96163618564605613 0.89142268896102883 44.206714630126953 122.6883777454683 31.710035194158252 7.2942609105019178 348.39399460088953 83.612266540527344 23.828371047973636 0.84090088389348305 0.024416083734703276 23.041308855986486 0.15607962012290855 5.6456770300865173 0.14857044816017151 77.810906747588916 0.21662725105068148 0.050022526644170291 0.0084956051729252954
leaf_count=646 3442 7893 3327 52 96 2277 1006 4807 477 27 960 2308 491 1178 1011 29685 2791 332 28 127 102 1859 11497 583 4914 550 134 130 45 371
internal_value=-0.0774047 -1.03296 -17.0206 -5154.89 -1.73847 -104.379 -37.2985 0.255188 0.233678 0.41059 1.87817 0.0108804 2.70894 -0.0349127 0.239069 -0.0098498 0.0638278 0.0646576 0.0934156 -0.13164 -0.394759 -1.44712 -0.0704266 -0.186011 -0.412587 -0.926479 0.0583381 -0.779672 -1.55192 -5.17849
internal_weight=1397.46 360.815 21.7013 0.064357 21.6369 0.513742 0.500812 1036.64 1035.28 577.061 60.3856 458.214 7.64731 450.567 516.676 339.114 307.404 406.36 393.987 57.966 10.9403 0.865317 47.0258 23.1974 6.68567 1.03999 310.375 0.416661 0.200034 0.0585181
internal_count=83146 51115 15197 7945 7252 3925 1648 32031 27224 2637 1437 24587 8263 16324 1200 35918 6233 15146 189 14814 2607 1961 12207 12080 5955 1041 161 642 512 416
cat_boundaries=0 1 2
cat_threshold=6 4
is_linear=0
shrinkage=0.05


Tree=48
num_leaves=24
num_cat=2
split_feature=1 3 1 1 3 0 1 5 5 0 0 1 0 4 11 4 1 0 1 0 0 0 0
split_gain=26534.8 91365.5 777524 1.49628e+07 7568.98 22198.5 3557.57 4403.8 1926.49 2075.29 18292.1 1176.96 19675.2 867.027 506.309 364.845 3472.38 329.533 261.97 148.764 12.7763 0.696679 0.0661662
threshold=13.649400000000002 0 15.581400000000002 15.283200000000003 1 0.34005000000000007 1.0000000180025095e-35 1.0000000180025095e-35 1.0000000180025095e-35 6.908850000000001 0.34005000000000007 14.367050000000003 7.8705000000000007 1.0000000180025095e-35 1.0000000180025095e-35 1.0000000180025095e-35 9.7701000000000011 7.6753500000000008 15.512300000000002 7.2551000000000014 15.069100000000002 7.0194500000000009 7.1156500000000014
decision_type=2 9 2 2 9 2 2 2 2 2 2 2 2 2 2 2 2 2 2 2 2 2 2
left_child=4 11 3 -3 6 15 8 -8 13 10 -10 12 -2 -1 18 16 -6 19 20 21 -13 -11 -23
right_child=1 2 -4 -5 5 -7 7 -9 9 17 -12 14 -14 -15 -16 -17 -18 -19 -20 -21 -22 22 -24
leaf_value=-0.13168520518849447 0.017280243215173737 3.666744100074359 -0.095613169148322519 275.6655042161629 -2.3076229033733053 -1.776273706541545 -0.0055519976799871624 0.41233662152261008 -0.65079435092059701 -0.34529967247255944 -14.835504507949379 0.053938434546114494 2.3228193815401932 0.05374644320933674 0.17113277801573415 -0.2246546223940897 -0.002083608355526166 -0.020121995641370724 -0.040212512641637763 -0.92711494814620377 0.077657619518201923 -0.31144262619291196 -0.29695325234903808
leaf_weight=89.804263639565391 86.093029248120729 19.425241952573078 96.752924158231124 0.51912695781672269 1.6617502680395677 22.939092636108569 125.1174475034201 127.07557298522445 11.764858842371153 1.476797461509707 0.23175827872983745 110.07204667304009 10.368083905428646 211.5043702154953 95.283336043357849 38.0213668430669 94.839591979980469 18.721452715882439 77.628282698337017 1.2727636229246853 117.24832916259766 1.4767974615097048 1.6890816092491148
leaf_count=2850 211 2101 1280 598 55355 9622 1051 1224 1795 75 1348 145 294 2754 222 593 209 960 224 132 6 54 43
internal_value=0.178313 0.422047 1.61868 10.7465 -0.0216668 -0.318401 0.0618562 0.205015 -0.043147 -0.385519 -0.924824 0.106174 0.26509 -0.00152098 0.0705261 -0.093471 -0.0417849 -0.122912 0.0390909 -0.448226 0.0661724 -0.316941 -0.303712
internal_weight=1360.99 613.39 116.697 19.9444 747.597 157.462 590.135 252.193 337.942 36.6335 11.9966 496.693 96.4611 301.309 400.232 134.523 96.5013 24.6369 304.949 5.91544 227.32 4.64268 3.16588
internal_count=83146 5081 3979 2699 78065 65779 12286 2275 10011 4407 3143 1102 505 5604 597 56157 55564 1264 375 304 151 172 97
cat_boundaries=0 1 2
cat_threshold=6 12
is_linear=0
shrinkage=0.05


Tree=49
num_leaves=31
num_cat=2
split_feature=1 3 3 2 4 1 2 2 2 2 2 1 4 2 4 11 1 2 2 2 2 2 2 2 2 2 2 2 2 2
split_gain=17874 57411.4 4789.5 33001.8 1.47119e+06 3266.22 8018.96 2081.17 38990.4 128712 297966 1421.51 1131.95 4509.29 899.951 387.225 241.676 168.549 1279.72 1796.14 46.3857 42.6579 12.7281 112.803 107.644 130.388 15.448 11.0645 5.73572 5.36861
threshold=13.649400000000002 0 1 2.8150000000000004 1.0000000180025095e-35 1.0000000180025095e-35 4.9850000000000012 10.655000000000003 7.4150000000000009 7.4350000000000014 10.385000000000003 14.367050000000003 1.0000000180025095e-35 0.31500000000000006 1.0000000180025095e-35 1.0000000180025095e-35 15.512300000000002 6.9350000000000014 7.2550000000000008 7.2250000000000005 10.515000000000002 2.7150000000000003 5.3450000000000006 6.1150000000000011 5.9050000000000011 5.8250000000000011 6.3550000000000013 0.31500000000000006 6.7150000000000007 7.3450000000000006
decision_type=2 9 9 2 2 2 2 2 2 2 2 2 2 2 2 2 2 2 2 2 2 2 2 2 2 2 2 2 2 2
left_child=2 11 5 12 -5 7 -7 8 17 -10 -11 -2 21 -14 -9 16 27 22 19 -19 -12 -4 -1 24 25 -24 -25 -13 -28 -20
right_child=1 -3 3 4 -6 6 -8 14 9 10 20 15 13 -15 -16 -17 -18 18 29 -21 -22 -23 23 26 -26 -27 28 -29 -30 -31
leaf_value=-0.12608352192330549 0.28948627733988469 1.3653547098934524 0.015399325669051001 -149.82357112745893 -0.93560815904075856 -0.087691748629592239 0.47975239096907685 -0.13157649012842595 -1.4548118146224747 -174.26809205002064 -0.05016127715173492 0.075112770328127798 -0.23102861140143785 -4.7531181641618048 0.051071366582994583 0.14970486897703905 -0.037238955510663224 -7.5991475115511511 -0.054198159413965934 -0.6416996078831777 -2.6184874821207336 0.063543835262986112 -5.4079686060538421 -0.45901522575644632 -0.39157702053749432 -1.4031500988225911 -0.054534230003055184 0.052797423773520535 -0.18967265347483464 -0.19966227043957752
leaf_weight=19.111700074699129 86.414229200338013 101.99238554462249 94.943538270100561 0.16691874449377309 27.638707086056243 123.97556304931641 125.07067508279226 97.247777796523224 0.43044393861856511 0.038457579941832742 0.032047983259977458 114.56236267089842 7.291132361288617 0.59636846184730519 220.04269409432527 103.24568471312523 79.582886124961107 0.14577502040800938 1.0052839242853226 0.25509116053581238 0.038942345421811991 89.268775939941406 0.027999436019467416 0.37070974707608062 0.14828389883041382 0.074141949415206909 1.6770961582660677 107.83211922738029 1.4764031125236941 1.7187649011611936
leaf_count=2643 505 3979 868 62947 1261 537 1738 1978 26 1992 75 9 179 423 2265 222 224 174 55 28 64 101 165 61 71 25 178 142 137 74
internal_value=0.136284 0.344855 -0.0160482 -0.209877 -1.82939 0.0583989 0.197278 -0.0404934 -0.465731 -13.7652 -62.1803 0.103276 0.0136152 -0.572941 -0.00490919 0.0661146 0.0375352 -0.189685 -0.534131 -3.17178 -1.45904 0.03873 -0.142655 -0.226557 -1.25194 -2.50097 -0.153695 0.0642928 -0.117803 -0.14598
internal_weight=1406.42 593.63 812.793 219.905 27.8056 592.888 249.046 343.842 26.5511 0.539892 0.109448 491.637 192.1 7.8875 317.29 405.223 301.977 26.0112 3.12492 0.400866 0.0709903 184.212 22.8863 3.77463 0.250425 0.102141 3.52421 222.394 3.1535 2.72405
internal_count=83146 5081 78065 65779 64208 12286 2275 10011 5768 2157 2131 1102 1571 602 4243 597 375 3611 331 202 139 969 3280 637 261 190 376 151 315 129
cat_boundaries=0 1 2
cat_threshold=6 12
is_linear=0
shrinkage=0.05


Tree=50
num_leaves=20
num_cat=2
split_feature=1 3 3 4 1 1 5 0 1 1 1 4 0 0 0 0 0 0 0
split_gain=19684.9 144054 4909.85 10321.9 3140.06 1767.71 1538.89 2889.54 330.103 366.451 302.8 674.53 285.96 269.26 150.59 219.511 64.4764 2.09253 0.0207856
threshold=13.649400000000002 0 1 1.0000000180025095e-35 4.2579000000000002 14.367050000000003 1.0000000180025095e-35 6.908850000000001 15.730650000000002 15.696850000000001 1.0000000180025095e-35 1.0000000180025095e-35 7.6753500000000008 1.4940000000000002 7.1715000000000009 7.2551000000000014 15.069100000000002 7.065900000000001 6.9796000000000005
decision_type=2 9 9 2 2 2 2 2 2 2 2 2 2 2 2 2 2 2 2
left_child=2 5 4 13 6 -2 10 -8 9 16 11 -1 14 -4 17 -16 -7 18 -9
right_child=1 -3 3 -5 -6 8 7 12 -10 -11 -12 -13 -14 -15 15 -17 -18 -19 -20
leaf_value=-0.11576043047559043 0.33071397215752496 2.9020808407801422 -0.04257455803803642 -1.1973256272063038 0.27992631015724173 0.019194395539306665 -1.2367989286339984 -0.2236372528582769 -0.027809701680089234 0.15933731336958157 0.090189543327256427 0.044738314143195776 -0.0060823594033382299 -0.16487808735250475 -0.14049652625551645 -1.3759788230257213 0.073657809934527391 -0.29338751673115276 -0.23215436336785289
leaf_weight=91.774893983737968 72.173315735009965 41.046864346694576 94.205391084522887 24.370121632850726 126.11402496513074 105.79382582696996 6.9010920598318135 1.5446175336837797 81.40013475087477 109.45333862304688 126.14161682128906 228.33584637053116 21.41030693299545 86.161911010742188 0.64144051074981667 0.81800346355885267 111.73405456542969 2.0812428444623947 1.3358601480722425
leaf_count=2850 505 3979 57155 1863 2253 393 3148 39 186 9 16 2754 961 6761 21 132 9 45 67
internal_value=0.138871 0.378542 -0.015117 -0.220716 0.056917 0.10051 -0.000372611 -0.320948 0.0622874 0.0847166 0.0245783 -0.00127625 -0.0938531 -0.100999 -0.38651 -0.832972 0.0471697 -0.255188 -0.227587
internal_weight=1333.44 521.602 811.836 204.737 607.099 480.555 480.985 34.7326 408.381 326.981 446.252 320.111 27.8315 180.367 6.42116 1.45944 217.528 4.96172 2.88048
internal_count=83146 5081 78065 65779 12286 1102 10033 4413 597 411 5620 5604 1265 63916 304 153 402 151 106
cat_boundaries=0 1 2
cat_threshold=6 12
is_linear=0
shrinkage=0.05


Tree=51
num_leaves=31
num_cat=2
split_feature=1 1 1 2 0 2 0 0 0 0 0 0 3 2 0 5 0 2 2 2 2 0 0 2 0 0 3 2 2 0
split_gain=21381.1 64743.6 2.6835e+06 1.93437e+07 9.86058e+07 2.0273e+07 2.09002e+06 281394 1.65171e+06 212598 6238.89 11546.9 4587.2 127736 4131.54 3103.69 144557 411751 31339.2 268627 825712 29107.2 519875 20028.3 566826 2108.11 2034.78 825.832 575.005 545.064
threshold=13.649400000000002 15.317600000000001 13.933900000000001 1.8350000000000002 7.8705000000000007 1.7050000000000003 7.9489500000000008 8.148950000000001 12.179000000000002 12.596050000000002 7.5164500000000016 13.838100000000003 0 2.8150000000000004 12.690450000000002 1.0000000180025095e-35 1.8578500000000002 7.4250000000000007 6.4050000000000011 6.0450000000000008 5.9050000000000011 6.9796000000000005 6.908850000000001 7.0150000000000006 7.4536500000000006 11.12035 1 6.9750000000000005 7.3550000000000013 10.913500000000001
decision_type=2 2 2 2 2 2 2 2 2 2 2 2 9 2 2 2 2 2 2 2 2 2 2 2 2 2 9 2 2 2
left_child=12 2 -2 4 -4 7 -5 -6 -9 -8 26 -12 15 -14 -11 29 17 18 19 20 -17 22 -18 25 -25 -23 -3 -20 -29 -1
right_child=1 10 3 6 5 -7 9 8 -10 14 11 -13 13 -15 -16 16 21 -19 27 -21 -22 23 -24 24 -26 -27 -28 28 -30 -31
leaf_value=-0.04416517781083143 0.37833755029865129 0.12023125989293618 6140.8674105398359 161.85133694196864 -1.7723206924740393 2226.076831529057 -69.690593107958421 -1689.3338563064092 -28.546979819556597 -0.12599591508780472 0.74399283357034429 0.01309219439774946 0.018477661660096317 -6.7212992376309346 -8.0106805409239108 -675.2970610861862 -126.87017551928579 33.694960545369952 -0.52098913151695914 -0.95589836769475411 -0.050860743816824205 -0.46325996392601748 -0.28050255075552988 -0.33059020021041186 80.156671692353314 0.074357595836929774 -0.18865890487586845 -4.1248574555706456 -1.4685021970513872 0.07859696459344323
leaf_weight=328.05842899422731 56.388690948486321 115.53526093345137 0.007834431679359169 0.2109915316105998 0.058172859251502063 0.011389692729578488 0.13763350442580091 0.0017463011608878183 0.010490444314286312 0.56801456212997437 107.38869467141615 108.76644134521499 192.68899993208984 7.296310463784919 0.23483124375343323 0.0062199484858921341 0.085163434617156697 1.2097172809300092 0.85133342626374087 0.16576447617287426 0.016637116670608521 21.529371264035262 1.7014772891998291 5.1167316138744345 0.22851254045963276 119.13310241699219 82.758323669433551 0.39275517222586132 0.4232762547362654 124.82179260253906
leaf_count=6469 456 70 265 791 8 14 997 204 74 9 1135 179 1571 64208 149 318 1566 1802 65 16 2 595 46 115 910 94 730 66 36 186
internal_value=0.141676 0.408755 1.97902 74.705 782.204 268.971 19.6312 -47.6165 -265.557 -12.2751 0.190407 0.376213 -0.0151964 -0.216588 -2.43225 0.0542029 0.251522 10.998 -3.79571 -23.113 -183.801 0.0286077 -6.31463 0.106227 3.11029 -0.00792852 -0.0121356 -1.61043 -2.747 -0.0103298
internal_weight=1275.8 472.079 57.6298 1.2411 0.0896337 0.0817993 1.15147 0.0704096 0.0122367 0.940479 414.449 216.155 803.726 199.985 0.802846 603.74 150.86 3.0657 1.85599 0.188622 0.0228571 147.794 1.78664 146.008 5.34524 140.662 198.294 1.66736 0.816031 452.88
internal_count=83146 5081 2967 2511 565 300 1946 286 278 1155 2114 1314 78065 65779 158 12286 5631 2305 503 336 320 3326 1612 1714 1025 689 800 167 102 6655
cat_boundaries=0 1 2
cat_threshold=12 4
is_linear=0
shrinkage=0.05


Tree=52
num_leaves=21
num_cat=1
split_feature=3 11 4 5 0 0 11 5 4 0 0 0 0 0 4 0 0 0 0 0
split_gain=41803.2 2.86841e+06 2.96215e+06 6.52755e+06 26875.3 3025.54 1308.3 1002.15 7862.19 791703 1080.83 1684.43 934.757 374.125 684.126 177.535 245.137 260.055 111.67 13.8991
threshold=0 1.0000000180025095e-35 1.0000000180025095e-35 1.0000000180025095e-35 5.5929000000000011 15.069100000000002 1.0000000180025095e-35 1.0000000180025095e-35 1.0000000180025095e-35 1.8578500000000002 6.9796000000000005 6.9426500000000013 5.3035500000000004 10.913500000000001 1.0000000180025095e-35 7.6753500000000008 7.1715000000000009 7.3795000000000011 12.018950000000002 6.849800000000001
decision_type=9 2 2 2 2 2 2 2 2 2 2 2 2 2 2 2 2 2 2 2
left_child=5 2 4 -4 12 6 7 13 9 -9 11 -11 -2 14 -1 16 -12 -18 19 -10
right_child=1 -3 3 -5 -6 -7 -8 8 18 10 15 -13 -14 -15 -16 -17 17 -19 -20 -21
leaf_value=-0.14479449387064461 -0.15936103902762194 -180.55277616658569 -7.9847588763876765 125.7807247025829 0.91590688588238045 0.29853662240330597 -0.13575270661728597 53.341702653072439 -0.01765709794042419 -3.2831934304837995 -0.18901700866321533 -0.17825408945027832 0.06325098626987373 0.072784811654151738 0.016654407329042376 -0.064787225528382938 -0.48675929630980036 -2.0143558122871523 0.049516344966434728 -0.052396318673258363
leaf_weight=92.048247218355442 95.359280759654467 0.21803076565629353 2.3195918169753078 1.5029408403470612 116.76338795533755 108.22081756591797 119.4337300073239 0.70346960286518978 91.995262274518637 0.69888643920421478 4.2565073668956712 1.1648107320070267 93.289466857910156 123.28113555908203 228.49537929280584 32.49878845575801 0.86409198120236386 0.41117832276221467 69.682804465925301 41.910341090639122
leaf_count=3201 63053 1563 1681 1823 1864 44 1144 1829 882 1048 96 20 123 195 3040 815 48 79 100 498
internal_value=0.224338 0.716231 0.867199 44.6091 0.319727 0.0497351 0.0170045 0.043522 0.124877 0.760218 -0.16697 -1.34261 -0.0492763 -0.00123839 -0.0297077 -0.109357 -0.371204 -0.979294 -0.0018168 -0.0285299
internal_weight=1225.12 309.453 309.235 3.82253 305.412 915.665 807.445 688.011 244.186 40.5977 39.8943 1.8637 188.649 443.825 320.544 38.0306 5.53178 1.27527 203.588 133.906
internal_count=83146 70107 68544 3504 65040 13039 12995 11851 5415 3935 2106 1068 63176 6436 6241 1038 223 127 1480 1380
cat_boundaries=0 1
cat_threshold=6
is_linear=0
shrinkage=0.05


Tree=53
num_leaves=14
num_cat=1
split_feature=1 1 1 2 3 1 1 2 1 2 5 4 2
split_gain=55202.5 329172 2.08591e+07 2.17996e+08 11336.4 8109.82 18828.7 5810.88 2087.75 431.553 9754.62 502.79 80.9015
threshold=13.649400000000002 15.317600000000001 13.933900000000001 7.495000000000001 0 15.581400000000002 15.447300000000002 0.41500000000000004 4.2579000000000002 5.3450000000000006 1.0000000180025095e-35 1.0000000180025095e-35 4.9850000000000012
decision_type=2 2 2 2 9 2 2 2 2 2 2 2 2
left_child=4 2 -2 -4 8 6 -3 -7 9 12 11 -11 -1
right_child=1 5 3 -5 -6 7 -8 -9 -10 10 -12 -13 -14
leaf_value=0.01671863723649105 0.46920244187311327 0.014643426675463606 2877.585067255372 -27.516950620492366 -0.56947416712638932 0.28990378696188113 1.1112061235752895 -0.24192007665691412 0.24833579058370039 -0.089570299572673137 -1.7281367938129162 0.04960682477062426 0.076201524315526098
leaf_weight=90.254651308150329 43.736011505126953 94.678058502996294 0.072177893352942557 0.61305159330368042 75.577369992477315 92.827316284179716 66.742645263671875 114.9854717630553 103.37584649958808 90.217000512333414 8.2747345263769017 231.16854240437414 155.90461731100848
leaf_count=2881 456 304 1455 1056 64283 130 304 1376 2534 2362 3555 2332 118
internal_value=0.22715 0.691385 4.75785 278.489 -0.0272747 0.202162 0.468039 -0.00436115 0.0408417 0.00429997 -0.0331041 0.010538 0.054392
internal_weight=1168.43 413.655 44.4212 0.685229 754.773 369.233 161.421 207.813 679.195 575.82 329.66 321.386 246.159
internal_count=83146 5081 2967 2511 78065 2114 608 1506 13782 11248 8249 4694 2999
cat_boundaries=0 1
cat_threshold=132
is_linear=0
shrinkage=0.05


Tree=54
num_leaves=23
num_cat=0
split_feature=11 1 2 1 1 0 2 0 1 2 2 1 0 4 0 1 1 1 0 0 0 0
split_gain=20398.6 45926.7 291262 2170.98 1609.29 4264.38 16459.7 51414.9 2450.75 170713 2.15426e+06 27566.7 964.263 621.823 1610.02 530.346 138.156 676.913 65.1755 7.42934 0.485463 0.40495
threshold=1.0000000180025095e-35 10.167800000000002 0.74500000000000011 15.9777 1.0000000180025095e-35 5.3511000000000015 5.5250000000000012 7.3795000000000011 6.0884000000000009 4.1250000000000009 10.655000000000003 9.1236000000000015 15.069100000000002 1.0000000180025095e-35 5.3035500000000004 8.3430000000000017 8.4444500000000016 8.699950000000003 6.9796000000000005 7.065900000000001 7.3207000000000013 7.1156500000000014
decision_type=2 2 2 2 2 2 2 2 2 2 2 2 2 2 2 2 2 2 2 2 2 2
left_child=1 4 3 12 5 13 -7 18 -6 -10 -11 15 -3 14 -1 -12 -17 -18 -8 -20 21 -21
right_child=-2 2 -4 -5 8 6 7 -9 9 10 11 -13 -14 -15 -16 16 17 -19 19 20 -22 -23
leaf_value=-0.23567963661341118 -0.54783622399470111 -0.2721354055970171 5.4505051463757486 0.32623655052727241 0.26435924077749207 -0.1001855252466408 -0.65725729899047081 -10.470530871506876 0.064950521132457514 -570.88094173730008 -5.0219503347892438 -23.892565361884554 0.065095289411966434 0.038147875580083937 0.064706439764029511 -0.054248819649563684 -0.054526407993228623 -7.2480993240953797 -0.06212407685674453 -0.25871962735099763 -0.18922527081754911 -0.21034216349038515
leaf_weight=89.022488156052361 105.29277905923402 27.37126541137701 29.413088396840067 78.678733825683878 119.43275647490427 32.17994308626885 0.84025591611861994 1.6538564130815991 193.99891662826948 0.017602801322987194 0.17113867931676052 0.24575605988502502 93.97528076171875 239.43201545498965 89.409591674804688 0.10690036276355386 0.09980024304240942 0.048641661825286064 1.0993389189243319 0.76061904430389415 1.1297297477722168 1.0029556988738475
leaf_count=54606 2707 263 3601 121 641 1115 916 1805 60 12938 64 324 3 3601 36 5 31 126 56 32 24 71
internal_value=0.114127 0.183821 0.804803 0.121667 -0.00105755 -0.0609913 -0.563348 -2.86104 0.0860475 -0.0233386 -24.8523 -10.5543 -0.0109714 -0.0145061 -0.0851608 -2.86824 -1.42476 -2.41173 -0.257006 -0.172773 -0.214815 -0.231207
internal_weight=1105.38 1000.09 229.438 200.025 770.652 456.531 38.6667 6.48676 314.122 194.689 0.68984 0.672237 121.347 417.864 178.432 0.426481 0.255342 0.148442 4.8329 3.99264 2.8933 1.76357
internal_count=83146 80439 3988 387 76451 62262 4019 2904 14189 13548 13488 550 266 58243 54642 226 162 157 1099 183 127 103
is_linear=0
shrinkage=0.05


Tree=55
num_leaves=16
num_cat=0
split_feature=1 2 1 1 1 0 5 2 2 0 1 4 0 0 0
split_gain=25634.4 50877.5 3173.41 2630.65 2728.85 1678.15 1525.02 64760.6 980761 29678.2 231.211 461.836 43.3537 0.892066 0.0726328
threshold=13.649400000000002 0.74500000000000011 15.9777 9.5861000000000018 4.2579000000000002 15.069100000000002 1.0000000180025095e-35 5.3450000000000006 10.655000000000003 7.3207000000000013 1.0000000180025095e-35 1.0000000180025095e-35 5.5256000000000007 6.9796000000000005 6.9426500000000013
decision_type=2 2 2 2 2 2 2 2 2 2 2 2 2 2 2
left_child=3 2 5 4 6 -2 10 12 -9 13 11 -1 -8 14 -10
right_child=1 -3 -4 -5 -6 -7 7 8 9 -11 -12 -13 -14 -15 -16
leaf_value=-0.11335944240362356 -0.34535076669876791 1.604931812048179 0.38464576331345907 -0.28375213670614219 0.24779889009398792 0.063489516663711318 0.045813200092954205 -166.35555084114446 -0.050294616587428911 -9.3856094657118856 0.071301511401291359 0.022250581699866101 -0.020121415877222798 -0.079352537718110391 -0.15396374628363135
leaf_weight=84.311472981901233 34.684015172469856 79.346605783590178 63.334377288818587 87.900070190429688 100.18247183366748 90.827491760253906 86.246345520019503 0.093505841966388448 0.017470561433582943 1.1882872409405552 110.07196968749832 245.88089736320686 35.068004609558386 2.5682853790931404 0.51339205354452133
leaf_count=52753 474 4477 126 2360 13292 4 804 2032 1517 899 70 3633 646 51 8
internal_value=0.122667 0.542505 0.0961088 -0.0266578 0.00726686 -0.0494899 -0.0353105 -0.188918 -6.16117 -2.66745 0.00854439 -0.0123761 0.0267537 -0.0915485 -0.150552
internal_weight=1022.23 268.192 188.846 754.042 666.142 125.512 565.96 125.695 4.38094 4.28744 440.264 330.192 121.314 3.09915 0.530863
internal_count=83146 5081 604 78065 75705 478 62413 5957 4507 2475 56456 56386 1450 1576 1525
is_linear=0
shrinkage=0.05


Tree=56
num_leaves=15
num_cat=2
split_feature=11 1 3 3 1 0 4 1 1 0 0 0 0 0
split_gain=22309.3 57554.6 154937 2596.68 1120.87 179.433 860.085 152.574 38.8332 115.226 164.251 48.2033 42.3493 1.93224
threshold=1.0000000180025095e-35 10.167800000000002 0 1 4.2579000000000002 5.3035500000000004 1.0000000180025095e-35 15.447300000000002 1.0000000180025095e-35 5.5256000000000007 7.6753500000000008 7.1156500000000014 6.9796000000000005 7.065900000000001
decision_type=2 2 9 9 2 2 2 2 2 2 2 2 2 2
left_child=1 3 7 4 5 6 -1 -3 9 -7 11 12 -11 -14
right_child=-2 2 -4 -5 -6 8 -8 -9 -10 10 -12 -13 13 -15
leaf_value=-0.14913783608994932 -0.50712620473371139 0.058510348172980398 3.1814789697234356 -0.2327647695557129 0.19599414662626244 0.063167691263499706 0.03803021652821352 -0.052808555788704095 0.071527523917334079 -0.69141663302459666 -0.011774624811743677 -0.7268307122515556 -0.11025555398585279 -0.22330212918481782
leaf_weight=81.385965673360602 126.33342235042528 87.731040954589844 46.191116213918235 88.098228614125901 101.70062449335308 84.002281188964815 249.67866095207 47.417911529541016 107.10733032226562 0.47171971807257307 35.672767640536271 0.82247661360619595 1.0054123997688291 0.60572091490030278
leaf_count=5249 2707 26 3844 63685 1564 100 3147 118 4 788 1538 258 84 34
internal_value=0.11639 0.200918 1.00033 0.00777265 0.0426314 0.015577 -0.0079815 0.0181131 0.0495336 0.0303159 -0.0412177 -0.402731 -0.274751 -0.152756
internal_weight=1058.22 931.891 181.34 750.551 662.453 560.752 331.065 135.149 229.688 122.58 38.5781 2.90533 2.08285 1.61113
internal_count=83146 80439 3988 76451 12766 11202 8396 144 2806 2802 2702 1164 906 118
cat_boundaries=0 1 2
cat_threshold=2 132
is_linear=0
shrinkage=0.05


Tree=57
num_leaves=13
num_cat=1
split_feature=1 1 2 0 0 2 3 2 1 1 2 4
split_gain=22653.6 64554.7 3.22399e+06 6.34146e+07 3.66413e+09 7255.97 5436.43 6939.9 3230.86 217.771 611.434 305.457
threshold=13.649400000000002 15.581400000000002 0.31500000000000006 11.681300000000002 11.506600000000001 0.41500000000000004 0 1.0000000180025095e-35 4.2579000000000002 1.0000000180025095e-35 10.655000000000003 1.0000000180025095e-35
decision_type=2 2 2 2 2 2 9 2 2 2 2 2
left_child=6 2 -2 4 -4 -3 8 -8 9 10 -1 -12
right_child=1 5 3 -5 -6 -7 7 -9 -10 -11 11 -13
leaf_value=-0.20937710927748135 -0.034987875341211137 0.47700718511596563 88294.12589257877 16.490352282460901 -17.091902263739666 -0.23955788573872 0.02704957207542933 -0.60749952485447034 0.31737240842630682 0.068118227881831403 -0.078553776312014822 0.033815897692852592
leaf_weight=36.061445546740686 84.866424560546818 49.430458068849106 0.0011963366997344007 2.4905161248921104 0.0645609050989151 123.83333540073215 92.175192906257948 80.912356187336414 99.580807113875096 103.98980712890625 79.161896902865351 256.22524199307372
leaf_count=5768 264 130 2703 545 63 1376 281 65498 2253 22 1978 2265
internal_value=0.122386 0.52377 1.63146 56.9562 1589.57 -0.0351289 -0.0174808 -0.254856 0.0574056 0.00416285 -0.0137419 0.00729313
internal_weight=1008.79 260.686 87.4227 2.55627 0.0657572 173.264 748.107 173.088 575.019 475.438 371.449 335.387
internal_count=83146 5081 3575 3311 2766 1506 78065 65779 12286 10033 10011 4243
cat_boundaries=0 1
cat_threshold=12
is_linear=0
shrinkage=0.05


Tree=58
num_leaves=18
num_cat=1
split_feature=1 1 0 1 5 1 1 1 1 0 3 4 0 5 0 0 0
split_gain=46907 104293 1.06046e+07 5584.13 13988.6 32031.3 2.09422e+06 4610.94 2532.07 715.327 190.823 380.729 510.178 7821.68 51929 1.71308e+06 77.8558
threshold=11.516400000000003 15.447300000000002 15.069100000000002 4.2579000000000002 1.0000000180025095e-35 9.7701000000000011 8.3430000000000017 15.730650000000002 8.3901500000000002 7.7317000000000009 0 1.0000000180025095e-35 7.6753500000000008 1.0000000180025095e-35 6.9796000000000005 6.9426500000000013 7.1156500000000014
decision_type=2 2 2 2 2 2 2 2 2 2 9 2 2 2 2 2 2
left_child=3 2 -2 9 5 6 -5 -3 -8 10 -1 12 13 -12 15 -15 -16
right_child=1 7 -4 4 -6 -7 8 -9 -10 -11 11 -13 -14 14 16 -17 -18
leaf_value=0.062407967605479633 -141.35662345727334 0.1989200674931195 0.050019236497001296 -1344.4136497254995 0.76928609068639853 -0.06581899895257852 -0.058333098062219702 -0.46672612642999856 -8.4583768600008167 -0.13889116086994818 -0.077803630051964098 0.023563685650411649 0.053951138617627063 -738.86678886089373 -0.094349514736951468 -0.26478246229832231 -0.86464031243687889
leaf_weight=109.31941231609602 1.3464703238539346 117.33190171363137 86.580047607421875 0.0029381932612108077 83.993493169546127 90.860336303710938 0.18677560053765774 33.428210562479364 0.17263089620350414 100.90894317737263 74.531959375440607 262.10783557912674 42.877826690673828 0.0081210434130584153 1.3672856464982031 0.23565612733364105 0.43157926790150813
leaf_count=1285 4448 608 39 9006 1037 358 154 1202 3881 2253 51857 3662 20 3100 74 23 139
internal_value=-0.134727 -0.746854 -2.11542 0.0557628 0.303702 -0.124986 -14.9615 0.0513256 -4.09306 -0.0176467 0.0072772 -0.0098944 -0.0841379 -0.161461 -3.21394 -24.8701 -0.279156
internal_weight=1005.69 238.687 87.9265 767.005 175.216 91.2227 0.362345 150.76 0.359406 591.789 490.88 381.56 119.452 76.5746 2.04264 0.243777 1.79886
internal_count=83146 6297 4487 76849 14436 13399 13041 1810 4035 62413 60160 58875 55213 55193 3336 3123 213
cat_boundaries=0 1
cat_threshold=128
is_linear=0
shrinkage=0.05


Tree=59
num_leaves=12
num_cat=1
split_feature=3 2 1 5 2 1 1 1 2 1 4
split_gain=22709.6 190089 28033.1 5966.56 1.17026e+06 2.77345e+07 8583.16 3595.38 1145.83 131.695 299.597
threshold=0 2.5050000000000003 15.350350000000002 1.0000000180025095e-35 7.0150000000000006 4.2579000000000002 15.381700000000002 4.2579000000000002 2.8150000000000004 1.0000000180025095e-35 1.0000000180025095e-35
decision_type=9 2 2 2 2 2 2 2 2 2 2
left_child=3 2 -2 7 6 -6 8 9 -5 10 -1
right_child=1 -3 -4 4 5 -7 -8 -9 -10 -11 -12
leaf_value=-0.083557686822116797 -0.14718634984281573 -3.227102542974146 1.3566094839438423 -0.18267424916550723 -1.1120002426309816 987.17720777839941 0.29654132613988365 -0.31772378518210725 -0.49359848582430699 0.070577360298593267 0.031419211569900567
leaf_weight=71.974060833409794 84.130096564942107 49.311705638015781 49.064680987969041 106.69493330508395 1.6569729507979776 0.074166618287563213 122.89475331459721 94.221582548626543 41.024932862288168 107.07515116302568 266.23659429483735
leaf_count=3433 1225 66270 404 1307 3219 1056 149 1678 1270 13 3122
internal_value=-0.0572302 -0.545203 0.406764 0.0584627 0.249962 41.2289 -0.012183 -0.0371235 -0.269024 0.022251 0.00695116
internal_weight=994.36 182.506 133.195 811.853 272.346 1.73114 270.615 539.507 147.72 445.286 338.211
internal_count=83146 67899 1629 15247 7001 4275 2726 8246 2577 6568 6555
cat_boundaries=0 1
cat_threshold=132
is_linear=0
shrinkage=0.05


Tree=60
num_leaves=11
num_cat=1
split_feature=1 1 2 1 5 3 1 4 2 5
split_gain=29626.2 113731 49924.9 7213.46 16771.6 743.37 124.148 131.431 214.184 1902.39
threshold=11.516400000000003 15.350350000000002 0.41500000000000004 4.2579000000000002 1.0000000180025095e-35 0 1.0000000180025095e-35 1.0000000180025095e-35 5.3450000000000006 1.0000000180025095e-35
decision_type=2 2 2 2 2 9 2 2 2 2
left_child=3 -2 -3 5 -5 6 7 8 -1 -10
right_child=1 2 -4 4 -6 -7 -8 -9 9 -11
leaf_value=0.035510399756317507 -1.9361781178535413 3.0606044433698578 0.003797456722926508 -0.086757343888768615 0.8246439573180786 -0.1163749294167243 0.069083857268712509 0.027568409369855686 -0.068259426675351273 -2.8269471699153867
leaf_weight=60.231097949055481 91.383031029259001 14.924935440403727 127.17687266530557 108.60947885410326 94.307083129882812 114.01127538245885 103.99851226806641 271.77462521005208 69.126708689277635 0.63063453561731719
leaf_count=1732 4259 177 1861 13399 1037 52683 15 3562 1821 2600
internal_value=-0.0630026 -0.560086 0.324854 0.078073 0.336824 -0.00664321 0.0199986 0.00779042 -0.0335606 -0.0931991
internal_weight=1056.17 233.485 142.102 822.689 202.917 619.773 505.762 401.763 129.988 69.7573
internal_count=83146 6297 2038 76849 14436 62413 9730 9715 6153 4421
cat_boundaries=0 1
cat_threshold=4
is_linear=0
shrinkage=0.05


Tree=61
num_leaves=10
num_cat=2
split_feature=1 2 0 1 5 3 2 3 0
split_gain=142661 6.05988e+06 46784.6 106233 2309.13 5710.28 447.066 440.978 33.2409
threshold=15.730650000000002 0.41500000000000004 13.149250000000002 11.516400000000003 1.0000000180025095e-35 0 5.0550000000000006 1 10.913500000000001
decision_type=2 2 2 2 2 9 2 9 2
left_child=2 -2 3 4 6 -6 8 -7 -1
right_child=1 -3 -4 -5 5 7 -8 -9 -10
leaf_value=0.029135424355967533 28.64787212055273 -385.93906031143609 0.93384141075489835 -1.497654312588687 0.56375522990699023 0.10342525993908774 -0.044328444505015795 -0.02817225874929908 0.06870734474386804
leaf_weight=111.98086278647753 0.74148738388472257 0.10003039599022467 111.08326629178919 127.09566978941473 58.720689974633466 124.49078369140625 343.55833327546549 118.01035308837882 100.87356567382812
leaf_count=6739 115 1087 663 4822 4963 57 62972 1681 47
internal_value=-0.0546807 -20.6337 -0.0388772 -0.148606 0.0513144 0.16282 -0.00905091 0.0408054 0.0478889
internal_weight=1096.66 0.841518 1095.81 984.73 857.635 301.222 556.413 242.501 212.854
internal_count=83146 1202 81944 81281 76459 6701 69758 1738 6786
cat_boundaries=0 1 2
cat_threshold=4 8
is_linear=0
shrinkage=0.05


Tree=62
num_leaves=8
num_cat=1
split_feature=1 1 1 5 0 3 0
split_gain=39487.4 89239.5 5136.79 10199.5 903.742 174.773 163.909
threshold=15.350350000000002 11.516400000000003 4.2579000000000002 1.0000000180025095e-35 7.7317000000000009 0 1.0000000180025095e-35
decision_type=2 2 2 2 2 9 2
left_child=1 2 4 -4 5 -1 -7
right_child=-2 -3 3 -5 -6 6 -8
leaf_value=0.069518627833102128 1.0924469633774017 -1.3557947704368094 -0.0820750509908445 0.5752502636113469 -0.14702076389601965 0.012806721221284005 -0.097247002598083443
leaf_weight=118.89168192501856 72.457341859077815 126.36144730448734 110.94571341829226 126.07784271240234 97.675399781340502 334.0402880100616 37.645201103481156
leaf_count=1285 2038 4259 13399 1037 2253 47691 11184
internal_value=-0.032738 -0.118409 0.0710521 0.26757 -0.00813063 0.0195228 0.00161672
internal_weight=1024.09 951.638 825.276 237.024 588.253 490.577 371.685
internal_count=83146 81108 76849 14436 62413 60160 58875
cat_boundaries=0 1
cat_threshold=128
is_linear=0
shrinkage=0.05


Tree=63
num_leaves=10
num_cat=0
split_feature=0 1 5 0 0 0 4 1 1
split_gain=49118.1 91863.6 1945.9 5592.48 1562.88 283.621 61.8251 440.092 44832
threshold=13.149250000000002 11.516400000000003 1.0000000180025095e-35 5.3996500000000003 11.12035 1.0000000180025095e-35 1.0000000180025095e-35 9.7701000000000011 4.2579000000000002
decision_type=2 2 2 2 2 2 2 2 2
left_child=1 2 5 -4 -5 6 7 8 -1
right_child=-2 -3 3 4 -6 -7 -8 -9 -10
leaf_value=-0.065974471574298602 1.070522521710356 -1.4309144998591647 0.41927743857286182 -0.30192407455993486 0.055253548493220631 -0.081098086153681984 0.025432619737926484 0.047051170060315638 -34.61159138452517
leaf_weight=65.6762708885759 92.089427345024887 120.21261480312785 116.65520657971524 40.805730255608182 122.77199554443359 104.40810460398461 271.10044698596721 113.96977996826172 0.09405099068148004
leaf_count=44038 848 5839 4110 2218 373 10906 2318 150 12346
internal_value=-0.0323103 -0.138578 0.047369 0.154779 -0.0338472 -0.00684072 0.0103562 -0.0123834 -0.115374
internal_weight=1047.78 955.694 835.482 280.233 163.578 555.249 450.841 179.74 65.7703
internal_count=83146 82298 76459 6701 2591 69758 58852 56534 56384
is_linear=0
shrinkage=0.05


Tree=64
num_leaves=9
num_cat=1
split_feature=0 11 3 2 5 0 0 4
split_gain=33799.9 50427.9 12648.8 30619.2 6078.82 18937.1 318.948 777.599
threshold=13.149250000000002 1.0000000180025095e-35 0 1.4550000000000003 1.0000000180025095e-35 7.7317000000000009 10.913500000000001 1.0000000180025095e-35
decision_type=2 2 9 2 2 2 2 2
left_child=1 2 4 -4 6 -6 7 -1
right_child=-2 -3 3 -5 5 -7 -8 -9
leaf_value=-0.20787937919135296 0.72787384390058385 -1.5805965398807114 0.17960529566013844 -1.0253767093683877 1.122090198358819 -0.018974422569364713 0.048773353302811628 -0.013616377395041943
leaf_weight=63.354191524099463 127.10056345540215 57.146163940429801 112.19671868480674 99.449791836987117 51.90525163484358 121.41359713686472 107.91207885742188 275.60704125426042
leaf_count=3375 848 2604 975 66541 4204 1223 188 3188
internal_value=-0.0347955 -0.143836 -0.0451329 -0.369157 0.0702628 0.32275 -0.0260914 -0.0499255
internal_weight=1016.09 888.985 831.839 211.647 620.192 173.319 446.873 338.961
internal_count=83146 82298 79694 67516 12178 5427 6751 6563
cat_boundaries=0 1
cat_threshold=12
is_linear=0
shrinkage=0.05


Tree=65
num_leaves=9
num_cat=1
split_feature=1 1 1 2 2 4 3 1
split_gain=193059 100469 4454.76 3804.22 650.877 1038.91 69.1077 515.954
threshold=15.350350000000002 11.516400000000003 4.2579000000000002 3.9250000000000003 5.3450000000000006 1.0000000180025095e-35 0 1.0000000180025095e-35
decision_type=2 2 2 2 2 2 9 2
left_child=1 2 4 -4 6 -6 -1 -8
right_child=-2 -3 3 -5 5 -7 7 -9
leaf_value=0.08341182631483493 5.6683921701355802 -1.5037804174033282 0.038397209558735795 0.44926133142287838 -0.24404396928981775 -0.0079243115044277841 -0.20736458168772939 0.070423458826657265
leaf_weight=127.27385486530807 14.603337229634006 115.7204353511338 104.73638916015625 121.92272726844283 56.16386625181201 273.16520461203578 19.85126762053342 105.8255767829214
leaf_count=547 2038 4259 132 14304 50036 3619 8201 10
internal_value=-0.0356967 -0.125783 0.0713429 0.259406 -0.00186282 -0.0481922 0.0584557 0.024589
internal_weight=939.263 924.659 808.939 226.659 582.28 329.329 252.951 125.677
internal_count=83146 81108 76849 14436 62413 53655 8758 8211
cat_boundaries=0 1
cat_threshold=128
is_linear=0
shrinkage=0.05


Tree=66
num_leaves=9
num_cat=0
split_feature=11 0 1 1 2 4 0 1
split_gain=63670.4 22690.7 19959.7 1788.1 365.813 692.793 67.5569 305.929
threshold=1.0000000180025095e-35 13.570150000000002 9.5861000000000018 4.2579000000000002 5.3450000000000006 1.0000000180025095e-35 5.5256000000000007 1.0000000180025095e-35
decision_type=2 2 2 2 2 2 2 2
left_child=1 2 3 4 6 -6 -1 -8
right_child=-2 -3 -4 -5 5 -7 7 -9
leaf_value=0.083535622115152447 -1.8443110607788389 0.73055356115824577 -0.69897334583741744 0.23638800876399355 -0.19815104212974527 0.0082546666847162914 -0.1289297306404644 0.069474985284237817
leaf_weight=127.12208069179479 47.089771538975128 105.53890991210938 103.0270452857801 106.13300115042478 47.805011454315036 271.76236230407915 23.962356623738913 102.70504760742188
leaf_count=7686 2707 603 4524 13275 49888 3458 1004 1
internal_value=-0.0526496 0.0423545 -0.0504637 0.047866 0.012969 -0.0226222 0.0577849 0.0319417
internal_weight=935.146 888.056 782.517 679.49 573.357 319.567 253.789 126.667
internal_count=83146 80439 79836 75312 62037 53346 8691 1005
is_linear=0
shrinkage=0.05


Tree=67
num_leaves=9
num_cat=0
split_feature=0 1 4 2 2 0 2 0
split_gain=34562.3 94103.6 1973.18 14494.8 4253.13 51.6296 27.0923 9.37563
threshold=13.149250000000002 11.516400000000003 1.0000000180025095e-35 10.255000000000001 5.0550000000000006 5.7073500000000008 4.9850000000000012 5.3035500000000004
decision_type=2 2 2 2 2 2 2 2
left_child=1 2 3 4 5 7 -7 -1
right_child=-2 -3 -4 -5 -6 6 -8 -9
leaf_value=0.073512554577939856 0.73212607291850795 -1.4303236364043017 -0.056250180647409546 1.0064047230924584 -0.57919354174267867 0.029859688924197905 0.067163086629993138 0.092800269115677236
leaf_weight=125.51761591703269 126.79124124720693 123.824031494991 273.27377518536036 41.46345988020056 26.892051697254772 95.263837171236446 99.521377563476562 126.50846099853516
leaf_count=6095 848 5839 5815 2845 61076 550 14 64
internal_value=-0.0413874 -0.148894 0.0523533 0.109963 0.0314968 0.0682522 0.0489191 0.0831943
internal_weight=1039.06 912.265 788.441 515.167 473.703 446.811 194.785 252.026
internal_count=83146 82298 76459 70644 67799 6723 564 6159
is_linear=0
shrinkage=0.05


Tree=68
num_leaves=9
num_cat=1
split_feature=0 1 3 5 2 2 4 0
split_gain=33246.8 112508 2357.86 3585.33 10065.1 318.689 426.841 26.9718
threshold=13.149250000000002 11.516400000000003 0 1.0000000180025095e-35 5.285000000000001 5.0550000000000006 1.0000000180025095e-35 1.0000000180025095e-35
decision_type=2 2 9 2 2 2 2 2
left_child=1 2 3 5 -5 7 -7 -1
right_child=-2 -3 -4 4 -6 6 -8 -9
leaf_value=0.079404334423736955 0.75213234260668149 -1.7662430643024267 -0.17813924220589439 0.050709186662943044 0.92758613748083707 -0.11805189357862503 0.016832521574589646 0.044157735307816214
leaf_weight=124.27323492464733 117.34893283247948 95.486305566031547 93.832321274548576 125.33314274536738 44.289230324341901 75.456459710220145 263.3621857724691 96.364443008338881
leaf_count=925 848 5839 63554 1197 4136 2939 2747 961
internal_value=-0.0403581 -0.141619 0.0468937 0.0772394 0.279666 0.0172459 -0.0132069 0.0640102
internal_weight=1035.75 918.397 822.911 729.079 169.622 559.456 338.819 220.638
internal_count=83146 82298 76459 12905 5333 7572 5686 1886
cat_boundaries=0 1
cat_threshold=132
is_linear=0
shrinkage=0.05


Tree=69
num_leaves=13
num_cat=0
split_feature=1 1 1 5 0 0 4 0 0 0 0 0
split_gain=109280 144312 4719.03 10900.6 972.966 179.405 347.399 155.198 3142.41 3895.42 4590.72 49.6744
threshold=15.350350000000002 11.516400000000003 4.2579000000000002 1.0000000180025095e-35 7.7317000000000009 5.3035500000000004 1.0000000180025095e-35 5.3511000000000015 7.6753500000000008 6.9796000000000005 7.1156500000000014 7.065900000000001
decision_type=2 2 2 2 2 2 2 2 2 2 2 2
left_child=1 2 4 -4 5 6 -1 -7 9 -9 11 -11
right_child=-2 -3 3 -5 -6 7 -8 8 -10 10 -12 -13
leaf_value=-0.098101008448887694 3.1375181493658051 -2.1096021263949427 -0.056879596280572556 0.64236978201510375 -0.15601423816760893 0.087078414842381713 0.025959729601351091 -15.575903116871499 0.046995292002664626 -0.21089591157468651 -14.794386568960181 -1.2886075720584724
leaf_weight=71.602788018485512 26.181942171939227 84.175937265499897 122.60771588993236 102.18637084960938 94.255508423133108 124.4720001220703 266.27133997851752 0.061190539080604123 19.621637344360352 0.31563420966267586 0.064433045546206769 0.16169760376214981
leaf_count=54685 2038 4259 13399 1037 2253 45 3625 1318 30 98 314 45
internal_value=-0.0460552 -0.140154 0.0666526 0.260984 -0.00907986 0.0196193 -0.000331407 0.0662052 -0.0622584 -3.61764 -2.26699 -0.575974
internal_weight=911.978 885.796 801.62 224.794 576.826 482.571 337.874 144.697 20.2246 0.602955 0.541765 0.477332
internal_count=83146 81108 76849 14436 62413 60160 58310 1850 1805 1775 457 143
is_linear=0
shrinkage=0.05


Tree=70
num_leaves=11
num_cat=1
split_feature=0 1 3 1 0 0 1 0 0 0
split_gain=40515 91748.2 3135.04 3342.5 188.725 48.1059 223.026 892.035 1871.74 247.737
threshold=13.149250000000002 11.516400000000003 0 4.2579000000000002 5.3035500000000004 5.5256000000000007 1.0000000180025095e-35 7.6753500000000008 7.065900000000001 7.0194500000000009
decision_type=2 2 9 2 2 2 2 2 2 2
left_child=1 2 3 4 -1 -6 7 8 9 -7
right_child=-2 -3 -4 -5 5 6 -8 -9 -10 -11
leaf_value=0.0042243689464575417 0.84121746957078514 -1.4147500089356813 -0.25104912674792562 0.3143655602798297 0.08398626518477266 -3.4899167652441081 0.068998296797894418 -0.073070469875004318 -11.290581573635221 -0.052031141384008273
leaf_weight=339.10195868324695 114.54614882171165 124.92749755736088 71.308303922515051 123.85723789565191 122.6474304199219 0.07271768486564939 101.58029937744141 18.790056228878488 0.053380202484377415 0.1875661313533783
leaf_count=8423 848 5839 63554 1767 101 838 4 1440 293 39
internal_value=-0.0445947 -0.15702 0.0450449 0.0773977 0.0283343 0.0619334 0.0395217 -0.117214 -2.76165 -1.0125
internal_weight=1017.07 902.526 777.599 706.291 582.433 243.331 120.684 19.1037 0.313664 0.260284
internal_count=83146 82298 76459 12905 11138 2715 2614 2610 1170 877
cat_boundaries=0 1
cat_threshold=132
is_linear=0
shrinkage=0.05


Tree=71
num_leaves=10
num_cat=1
split_feature=0 0 3 0 0 5 4 2 4
split_gain=31687.7 167292 49666.9 9278.01 34105.4 2543.14 2287.85 217.283 681.998
threshold=13.149250000000002 13.838100000000003 0 6.6245000000000012 10.913500000000001 1.0000000180025095e-35 1.0000000180025095e-35 1.0000000180025095e-35 1.0000000180025095e-35
decision_type=2 2 9 2 2 2 2 2 2
left_child=2 -2 3 5 -5 7 -7 -1 -9
right_child=1 -3 -4 4 -6 6 -8 8 -10
leaf_value=0.040901190276889272 6.7910119823328419 0.16521468369963688 -1.2444122692913531 -2.2985486388874725 -0.046612815931486702 0.33445195229040309 0.004747871268256181 -0.17976155881471137 -0.0031159962748515124
leaf_weight=114.83014160196564 10.298320308327673 127.1302185058596 83.443114110709644 20.278614255227012 98.386924756168696 120.4952392578125 93.401014142293207 68.399001220276375 271.64931893629659
leaf_count=246 305 543 67285 2789 787 3213 1166 3636 3176
internal_value=-0.0438767 0.661724 -0.155223 -0.0237001 -0.431443 0.0482944 0.190482 -0.018566 -0.0386474
internal_weight=1008.31 137.429 870.883 787.44 118.666 668.775 213.896 454.878 340.048
internal_count=83146 848 82298 15013 3576 11437 4379 7058 6812
cat_boundaries=0 1
cat_threshold=132
is_linear=0
shrinkage=0.05


Tree=72
num_leaves=10
num_cat=1
split_feature=11 1 2 3 5 5 2 1 4
split_gain=29435 161073 12804.7 41210.3 19686.5 5364.01 5364.28 238.332 207.508
threshold=1.0000000180025095e-35 15.696850000000001 2.5050000000000003 0 1.0000000180025095e-35 1.0000000180025095e-35 5.285000000000001 1.0000000180025095e-35 1.0000000180025095e-35
decision_type=2 2 2 9 2 2 2 2 2
left_child=2 -2 4 5 -1 7 -7 8 -4
right_child=1 -3 3 -5 -6 6 -8 -9 -10
leaf_value=-0.12076809668159105 -4.3709032639797369 0.15455846766850059 -0.07421555838967149 -0.91970978914235912 0.78819613101096542 0.065251424387200385 0.54604317059273055 -0.079585237125630065 0.0271137820409953
leaf_weight=113.33082075546301 24.889118565072749 93.629661560058594 62.101313593937562 108.71443977577019 125.56982841579227 126.94882202150687 106.83932677803843 100.611956683382 271.03824758879034
leaf_count=2099 2557 150 2544 66311 1280 538 4258 1040 2369
internal_value=-0.0501532 -0.795795 0.0369001 -0.0616133 0.356997 0.0905559 0.284969 -0.0121434 0.00822475
internal_weight=1133.67 118.519 1015.15 776.254 238.901 667.54 233.788 433.752 333.14
internal_count=83146 2707 80439 77060 3379 10749 4796 5953 4913
cat_boundaries=0 1
cat_threshold=12
is_linear=0
shrinkage=0.05


Tree=73
num_leaves=9
num_cat=1
split_feature=0 1 0 4 2 2 3 2
split_gain=20137.9 108745 8183.37 1982.14 8696.73 1380.99 74.7329 32.4201
threshold=13.149250000000002 11.516400000000003 13.838100000000003 1.0000000180025095e-35 10.255000000000001 5.0550000000000006 0 2.7150000000000003
decision_type=2 2 2 2 2 2 9 2
left_child=1 3 -2 4 5 6 7 -1
right_child=2 -3 -4 -5 -6 -7 -8 -9
leaf_value=0.066865838408609796 0.84016448258415444 -1.6768124834010987 0.15582900976178371 -0.056450443707272105 0.67931465985749329 -0.14747039303133228 0.0280545146316887 0.098637967517065328
leaf_weight=117.56186554797523 78.105191513895988 100.91816918719485 99.12960815429733 275.90025259825427 59.508624367139532 81.007804870629457 104.16248116420388 253.24952697753906
leaf_count=298 305 5839 543 5815 2845 61076 6411 14
internal_value=-0.0335213 -0.121205 0.457407 0.0549117 0.104831 0.0433421 0.0758856 0.0862393
internal_weight=1169.54 992.309 177.235 891.391 615.49 555.982 474.974 370.811
internal_count=83146 82298 848 76459 70644 67799 6723 312
cat_boundaries=0 1
cat_threshold=136
is_linear=0
shrinkage=0.05


Tree=74
num_leaves=10
num_cat=0
split_feature=1 1 1 1 5 0 0 4 0
split_gain=21590.5 38896.4 100741 4514.41 9517.85 897.401 336.811 407.194 78.8215
threshold=15.447300000000002 11.516400000000003 15.350350000000002 4.2579000000000002 1.0000000180025095e-35 7.7317000000000009 5.3035500000000004 1.0000000180025095e-35 5.3511000000000015
decision_type=2 2 2 2 2 2 2 2 2
left_child=1 3 -3 5 -5 6 7 -1 -8
right_child=-2 2 -4 4 -6 -7 8 -9 -10
leaf_value=-0.10146833165484988 1.2622691123183412 -1.9271673067067665 0.29043142484754803 -0.073095925027121991 0.55663449529435038 -0.13403210430248766 0.10083526247612251 0.026112250173136245 0.039351584343310098
leaf_weight=81.779245999665591 31.13760041459318 91.790832206317646 115.84800069405401 115.33993494240076 125.06345367431641 102.90174865724782 127.26580810546876 265.87272275560321 88.290535366838569
leaf_count=54685 1810 4259 228 13399 1037 2253 45 3625 1805
internal_value=-0.0363253 -0.0726175 -0.689902 0.0687727 0.254505 0.00174092 0.0265475 -0.00389892 0.0756519
internal_weight=1145.29 1114.15 207.639 906.513 240.403 666.11 563.208 347.652 215.556
internal_count=83146 81336 4487 76849 14436 62413 60160 58310 1850
is_linear=0
shrinkage=0.05


Tree=75
num_leaves=9
num_cat=1
split_feature=0 1 0 3 1 0 0 1
split_gain=24217.5 43187 91816.9 2089.76 3258.73 316.363 59.1199 40.2186
threshold=13.570150000000002 11.516400000000003 13.149250000000002 0 4.2579000000000002 5.3035500000000004 5.5256000000000007 1.0000000180025095e-35
decision_type=2 2 2 9 2 2 2 2
left_child=1 3 -3 4 5 -1 -7 -8
right_child=-2 2 -4 -5 -6 6 7 -9
leaf_value=0.00072164203206661291 0.67268633245556531 -2.0671630256932789 0.097184370986851301 -0.15108157896660385 0.31878154756432309 0.095959242993925026 0.026659747989462447 0.07236566517545133
leaf_weight=349.3766110220563 110.9078979492192 80.948625750089718 124.16112098097801 107.99233247556879 117.80813646427589 127.0488586425781 86.367836543247591 108.71468353271484
leaf_count=8423 665 5839 114 63586 1769 101 2645 4
internal_value=-0.031582 -0.102434 -0.756997 0.0471878 0.0752749 0.0336755 0.0694166 0.0521305
internal_weight=1213.33 1102.42 205.11 897.308 789.316 671.508 322.131 195.083
internal_count=83146 82481 5953 76528 12942 11173 2750 2649
cat_boundaries=0 1
cat_threshold=132
is_linear=0
shrinkage=0.05


Tree=76
num_leaves=10
num_cat=1
split_feature=1 3 1 0 1 1 0 0 1
split_gain=44836.5 54695.6 2.18109e+07 11479.5 16840.9 3417.55 291.444 51.8758 39.3067
threshold=15.447300000000002 0 9.5861000000000018 13.570150000000002 11.516400000000003 4.2579000000000002 5.3035500000000004 5.5256000000000007 1.0000000180025095e-35
decision_type=2 9 2 2 2 2 2 2 2
left_child=1 3 -3 4 5 6 -1 -8 -9
right_child=-2 2 -4 -5 -6 -7 7 8 -10
leaf_value=0.00068525932080866145 2.6811449072705709 -0.14905391698504472 -475.94930856439015 0.49442601027107591 -0.55026122272925082 0.33835994956043686 0.091754017793257092 0.025137442518691218 0.07080433520250301
leaf_weight=349.52541442589063 14.992542541535157 113.96960449218722 0.24136949675454289 127.08180236816497 125.59752359497361 105.56808668113081 126.24658203125 85.063818629088473 105.63446044921875
leaf_count=8436 1810 63225 3120 143 1868 1773 101 2666 4
internal_value=-0.0353474 -0.0711066 -1.06164 0.0491747 -0.0133134 0.0740388 0.0321707 0.0668927 0.0504339
internal_weight=1153.92 1138.93 114.211 1024.72 897.636 772.038 666.47 316.945 190.698
internal_count=83146 81336 66345 14991 14848 12980 11207 2771 2670
cat_boundaries=0 1
cat_threshold=134
is_linear=0
shrinkage=0.05


Tree=77
num_leaves=10
num_cat=1
split_feature=0 1 1 3 1 0 4 0 1
split_gain=19147.1 39610.8 85034.6 1690.94 3853.48 271.878 392.78 44.9319 36.602
threshold=13.570150000000002 11.516400000000003 15.696850000000001 0 4.2579000000000002 5.3035500000000004 1.0000000180025095e-35 5.5256000000000007 1.0000000180025095e-35
decision_type=2 2 2 9 2 2 2 2 2
left_child=1 3 -3 4 5 6 -1 -7 -9
right_child=-2 2 -4 -5 -6 7 -8 8 -10
leaf_value=-0.097481201212906529 0.55351851609011737 -1.6920049808645801 0.27714617509551259 -0.12495849773885714 0.38004084444973452 0.088093426653906001 0.029267802231355618 0.024836467077858353 0.069382228857051698
leaf_weight=78.94687566333414 121.90918731826491 109.68718299543633 109.61224860544456 118.99411012211056 89.767339742630384 124.94950866699216 270.71983540734232 83.834188411580755 102.48936462402344
leaf_count=5266 665 4827 1126 63586 1769 101 3157 2645 4
internal_value=-0.040721 -0.107244 -0.707766 0.0441809 0.0717005 0.0309073 0.000650729 0.0648958 0.0493394
internal_weight=1210.91 1089 219.299 869.701 750.707 660.94 349.667 311.273 186.324
internal_count=83146 82481 5953 76528 12942 11173 8423 2750 2649
cat_boundaries=0 1
cat_threshold=132
is_linear=0
shrinkage=0.05


Tree=78
num_leaves=10
num_cat=1
split_feature=0 1 0 5 0 3 1 1 4
split_gain=27080.4 91795.2 31782.2 2187.75 5461.48 900.93 871.608 182.3 339.445
threshold=13.149250000000002 11.516400000000003 13.838100000000003 1.0000000180025095e-35 5.3996500000000003 0 4.2579000000000002 1.0000000180025095e-35 1.0000000180025095e-35
decision_type=2 2 2 2 2 9 2 2 2
left_child=1 3 -2 6 -5 -6 7 8 -1
right_child=2 -3 -4 4 5 -7 -8 -9 -10
leaf_value=-0.1042327498009519 1.8753508537170003 -1.4359169986565135 0.1552329670400201 0.40832227848360986 0.072023399695782753 -0.13141017615301462 -0.18181252136004569 0.066069017016419304 0.01512622529998379
leaf_weight=75.96678879497648 36.518394470215995 119.4791472214215 101.47056579668809 123.23669990113183 122.39584350585938 82.619981839304273 71.362054203222897 99.303628965765597 275.90604448894993
leaf_count=52713 305 5839 543 4110 27 2564 13399 70 3576
internal_value=-0.0449349 -0.138143 0.610457 0.0441075 0.145268 -0.0128556 -0.0194405 0.00624164 -0.0106425
internal_weight=1108.26 970.27 137.989 850.791 328.253 205.016 522.539 451.176 351.873
internal_count=83146 82298 848 76459 6701 2591 69758 56359 56289
cat_boundaries=0 1
cat_threshold=8
is_linear=0
shrinkage=0.05


Tree=79
num_leaves=9
num_cat=1
split_feature=0 3 2 2 0 2 4 0
split_gain=21503.5 34841.6 2161.74 3199.88 4400.21 2794.93 7362.16 2211.58
threshold=13.570150000000002 0 1.0050000000000001 1.1050000000000002 7.7317000000000009 10.255000000000001 1.0000000180025095e-35 7.6753500000000008
decision_type=2 9 2 2 2 2 2 2
left_child=1 2 -1 -4 5 7 -7 -5
right_child=-2 -3 3 4 -6 6 -8 -9
leaf_value=-0.25037641590362142 0.67533953804468749 -0.87711653578592641 0.21331803724732931 -0.27392288187705022 -0.34110280690484018 0.55854479509032318 -0.0066081658431954475 0.061205577573642422
leaf_weight=80.001244988828603 94.177635193547985 120.53234864563137 172.42520904541016 110.19677169719984 96.193969726579667 72.645697486857102 278.70264350339477 88.978836059570312
leaf_count=1567 665 67399 101 6358 2368 2102 2564 22
internal_value=-0.0475435 -0.114309 -0.0022728 0.0219304 -0.0290966 0.0254208 0.110244 -0.124209
internal_weight=1113.85 1019.68 899.144 819.143 646.718 550.524 351.348 199.176
internal_count=83146 82481 15082 13515 13414 11046 4666 6380
cat_boundaries=0 1
cat_threshold=132
is_linear=0
shrinkage=0.05


Tree=80
num_leaves=10
num_cat=1
split_feature=0 1 0 5 0 3 1 1 4
split_gain=27678.2 46336.7 119074 2493.62 4953.42 1276.03 489.321 265.67 430.039
threshold=13.570150000000002 11.516400000000003 13.149250000000002 1.0000000180025095e-35 5.3996500000000003 0 4.2579000000000002 1.0000000180025095e-35 1.0000000180025095e-35
decision_type=2 2 2 2 2 9 2 2 2
left_child=1 3 -3 6 -5 -6 7 8 -1
right_child=-2 2 -4 4 5 -7 -8 -9 -10
leaf_value=-0.112773478353502 0.98434283256016308 -2.5425856486025338 0.10141612735569838 0.41321094919606022 0.10968656801146076 -0.12984335210607562 -0.12140999580214556 0.072009870060292927 0.014258545819033156
leaf_weight=87.678603518595651 61.943374634138081 65.218518633907038 122.69075012207075 119.8011658455907 122.11161041259766 86.095332152413704 92.318266200891287 111.24628610793781 277.42048076528795
leaf_count=52721 665 5839 114 4110 29 2611 13399 70 3588
internal_value=-0.0436278 -0.102338 -0.81625 0.0472714 0.157059 0.00967081 -0.0160547 0.00436369 -0.0162482
internal_weight=1146.52 1084.58 187.909 896.672 328.008 208.207 568.664 476.345 365.099
internal_count=83146 82481 5953 76528 6750 2640 69778 56379 56309
cat_boundaries=0 1
cat_threshold=8
is_linear=0
shrinkage=0.05


Tree=81
num_leaves=10
num_cat=1
split_feature=1 1 1 1 5 3 0 4 1
split_gain=97329.7 56691.2 413254 5562.52 10638.5 931.222 237.597 438.591 8.47867
threshold=15.447300000000002 11.516400000000003 15.350350000000002 4.2579000000000002 1.0000000180025095e-35 0 7.6753500000000008 1.0000000180025095e-35 1.0000000180025095e-35
decision_type=2 2 2 2 2 9 2 2 2
left_child=1 3 -3 5 -5 6 7 -1 -8
right_child=-2 2 -4 4 -6 -7 8 -9 -10
leaf_value=-0.10420820473400544 5.8530196994307477 -6.4664682761389729 0.25424176375717117 -0.10835431060400856 0.58789215798341932 -0.13766304097337359 0.051530750421478415 0.025206981066250529 0.072153566178876263
leaf_weight=85.450440288590073 6.940009079244418 28.007929474115784 124.76346588147582 98.10673619678596 124.47707366943359 104.28264363331846 92.315773010280623 279.96052776573327 108.31774139404297
leaf_count=5346 1810 4259 228 13399 1037 52683 1315 3066 3
internal_value=-0.0486699 -0.0878384 -0.977881 0.0644423 0.281012 -0.00747032 0.0186182 -0.00505644 0.0626646
internal_weight=1052.62 1045.68 152.771 892.911 222.584 670.327 566.044 365.411 200.634
internal_count=83146 81336 4487 76849 14436 62413 9730 8412 1318
cat_boundaries=0 1
cat_threshold=4
is_linear=0
shrinkage=0.05


Tree=82
num_leaves=9
num_cat=1
split_feature=0 1 0 5 0 3 2 0
split_gain=227158 53930.6 126504 2019.17 5753.1 884.659 477.329 52.1377
threshold=13.570150000000002 11.516400000000003 13.149250000000002 1.0000000180025095e-35 5.3996500000000003 0 5.0550000000000006 10.913500000000001
decision_type=2 2 2 2 2 9 2 2
left_child=1 3 -3 6 -5 -6 7 -1
right_child=-2 2 -4 4 5 -7 -8 -9
leaf_value=0.020570700662021265 6.7373650348448244 -2.5423284468798037 0.080229854444984025 0.43509305397237147 0.075008456620567848 -0.12144035792128627 -0.04889922932332369 0.070611415602782585
leaf_weight=103.00754414454434 12.199766159173803 72.001401621493741 127.24860382105432 110.1273299105961 124.65037536621094 89.900894769701296 367.37477264770655 105.22755432128906
leaf_count=6739 665 5839 114 4110 29 2611 62988 51
internal_value=-0.0478344 -0.123119 -0.867463 0.0416182 0.14132 -0.00947132 -0.0146195 0.0458578
internal_weight=1111.74 1099.54 199.25 900.288 324.679 214.551 575.61 208.235
internal_count=83146 82481 5953 76528 6750 2640 69778 6790
cat_boundaries=0 1
cat_threshold=8
is_linear=0
shrinkage=0.05


Tree=83
num_leaves=10
num_cat=1
split_feature=0 3 0 0 5 2 6 2 4
split_gain=66676.4 33435.1 1980.78 6128.47 1733.87 3544.79 2194.31 264.829 299.131
threshold=13.570150000000002 0 7.7317000000000009 13.149250000000002 1.0000000180025095e-35 5.285000000000001 1.0000000180025095e-35 10.655000000000003 1.0000000180025095e-35
decision_type=2 9 2 2 2 2 2 2 2
left_child=1 2 4 -4 7 6 -6 -1 -9
right_child=-2 -3 3 -5 5 -7 -8 8 -10
leaf_value=-0.10174401865818455 2.6763270789129177 -0.85511470138350953 -0.4269908912538819 0.09315746941574457 -0.17749675790158004 0.37431165191213145 0.16096942198966654 -0.094586719799141933 0.014436598701313681
leaf_weight=102.09185487424628 21.86178018086116 123.14592743412459 102.0765354606915 127.18960571289062 90.316864013671889 95.753151663395045 101.92821775107363 81.508590859211552 275.82299034717687
leaf_count=4758 665 67399 2708 69 1370 3549 66 624 1938
internal_value=-0.0579301 -0.11228 -0.00976409 -0.138429 0.0295723 0.125757 0.00195779 -0.0307231 -0.010432
internal_weight=1121.7 1099.83 976.688 229.266 747.422 287.998 192.245 459.423 357.332
internal_count=83146 82481 15082 2777 12305 4985 1436 7320 2562
cat_boundaries=0 1
cat_threshold=132
is_linear=0
shrinkage=0.05


Tree=84
num_leaves=10
num_cat=1
split_feature=0 3 0 0 5 4 0 2 4
split_gain=809164 31342.7 1711.95 8250.66 2234.27 3128.5 264.073 183.839 677.946
threshold=13.570150000000002 0 6.6245000000000012 10.913500000000001 1.0000000180025095e-35 1.0000000180025095e-35 13.149250000000002 1.0000000180025095e-35 1.0000000180025095e-35
decision_type=2 9 2 2 2 2 2 2 2
left_child=1 2 4 -4 7 -6 -5 -1 -9
right_child=-2 -3 3 6 5 -7 -8 8 -10
leaf_value=0.033257761151079028 35.054553984124055 -0.83523262338377224 -0.55290002691503759 -0.014883512221494864 0.37666348268943051 -0.011857508096520385 0.088914161642095035 -0.17100896730376899 -0.004914375493229756
leaf_weight=106.57645401370075 1.6387864035675637 119.90377807871744 77.573913346643934 118.74569605292984 98.810630798339844 108.93895596943912 126.60939788818359 78.83319468273794 278.39374144128226
leaf_count=246 665 67399 2789 787 3213 1166 69 3636 3176
internal_value=-0.0536115 -0.105241 -0.00873964 -0.10343 0.036664 0.172932 0.0386787 -0.0243742 -0.0415683
internal_weight=1116.02 1114.39 994.482 322.929 671.553 207.75 245.355 463.803 357.227
internal_count=83146 82481 15082 3645 11437 4379 856 7058 6812
cat_boundaries=0 1
cat_threshold=132
is_linear=0
shrinkage=0.05


Tree=85
num_leaves=10
num_cat=1
split_feature=1 1 1 5 4 3 0 4 1
split_gain=33174.4 669784 7920.84 19708.5 7850.45 1595.75 261.087 360.422 11.5949
threshold=11.516400000000003 15.381700000000002 4.2579000000000002 1.0000000180025095e-35 1.0000000180025095e-35 0 7.6753500000000008 1.0000000180025095e-35 1.0000000180025095e-35
decision_type=2 2 2 2 2 9 2 2 2
left_child=2 -2 5 -4 -3 6 7 -1 -8
right_child=1 4 3 -5 -6 -7 8 -9 -10
leaf_value=-0.098350481622688848 -9.5010342444558304 -0.10277302073782096 -0.093483530424744193 0.93223143797967389 0.4779957230459686 -0.1990734120094616 0.057028431597077149 0.026148152237957197 0.079877566118066221
leaf_weight=73.542781177954453 19.402082580828477 125.55171203756515 105.21305517355756 84.398902893066406 108.4475990433381 80.579516411549093 103.93586731246035 277.43513871068831 119.19748687744141
leaf_count=5346 4335 689 13399 1037 1273 52683 1315 3066 3
internal_value=-0.0720814 -0.573816 0.0785045 0.363076 0.166386 -0.00391333 0.0264846 6.11101e-05 0.0692344
internal_weight=1097.7 253.401 844.303 189.612 233.999 654.691 574.111 350.978 223.133
internal_count=83146 6297 76849 14436 1962 62413 9730 8412 1318
cat_boundaries=0 1
cat_threshold=4
is_linear=0
shrinkage=0.05


Tree=86
num_leaves=10
num_cat=1
split_feature=0 1 1 5 0 3 2 4 0
split_gain=1.43289e+06 38600.6 75147.1 2186.29 6205.66 1037.21 536.691 1094.5 59.324
threshold=13.570150000000002 11.516400000000003 15.696850000000001 1.0000000180025095e-35 5.3996500000000003 0 5.0550000000000006 1.0000000180025095e-35 10.913500000000001
decision_type=2 2 2 2 2 9 2 2 2
left_child=1 3 -3 6 -5 -6 8 -8 -1
right_child=-2 2 -4 4 5 -7 7 -9 -10
leaf_value=0.026294377327445797 62.393959033714196 -1.5079653191416156 0.22402265068628124 0.50633577996524604 0.1087285229780549 -0.098441069987793797 -0.2226467598844416 -0.0020029120085527821 0.077583846026760564
leaf_weight=109.11580201234784 0.91785723866291746 126.73027213280517 123.81222040280107 90.312470305405299 122.46188354492188 101.4212634030703 70.184068444203774 282.1751811977914 116.64973449707031
leaf_count=6739 665 4827 1126 4110 29 2611 59975 3013 51
internal_value=-0.0535147 -0.103668 -0.652058 0.0503073 0.156471 0.0153382 -0.00738969 -0.0459515 0.0527949
internal_weight=1143.78 1142.86 250.542 892.32 314.196 223.883 578.125 352.359 225.766
internal_count=83146 82481 5953 76528 6750 2640 69778 62988 6790
cat_boundaries=0 1
cat_threshold=8
is_linear=0
shrinkage=0.05


Tree=87
num_leaves=9
num_cat=1
split_feature=1 1 1 5 3 0 4 1
split_gain=37610 106108 5293.56 10514.2 2091.91 225.784 308.62 6.66139
threshold=11.516400000000003 15.447300000000002 4.2579000000000002 1.0000000180025095e-35 0 7.6753500000000008 1.0000000180025095e-35 1.0000000180025095e-35
decision_type=2 2 2 2 9 2 2 2
left_child=2 -2 4 -4 5 6 -1 -7
right_child=1 -3 3 -5 -6 7 -8 -9
leaf_value=-0.098276616738770861 -2.0812181066770905 0.22722665053023239 -0.087677367056204408 0.58606675488430982 -0.25217820834665328 0.058098612734056254 0.024550363323671366 0.075524695101796394
leaf_weight=62.483857166273708 81.910721185769006 126.89839223220193 108.09227288530235 124.72113037109375 65.963735938034802 105.75822448730827 281.74222193379069 113.90798187255859
leaf_count=5346 4487 1810 13399 1037 52683 1315 3066 3
internal_value=-0.0762075 -0.67832 0.0695338 0.273256 -0.00576791 0.0270494 0.00225483 0.0671349
internal_weight=1071.48 208.809 862.669 232.813 629.856 563.892 344.226 219.666
internal_count=83146 6297 76849 14436 62413 9730 8412 1318
cat_boundaries=0 1
cat_threshold=4
is_linear=0
shrinkage=0.05


Tree=88
num_leaves=9
num_cat=2
split_feature=3 11 3 5 2 2 2 4
split_gain=30085.9 2574.15 5989.44 5136.28 7406.96 152.327 67.7389 221.219
threshold=0 1.0000000180025095e-35 1 1.0000000180025095e-35 5.285000000000001 1.0000000180025095e-35 10.655000000000003 1.0000000180025095e-35
decision_type=9 2 9 2 2 2 2 2
left_child=1 3 -3 5 -5 -1 -7 -8
right_child=-2 2 -4 4 -6 6 7 -9
leaf_value=0.040849053442817328 -0.77737134126973095 0.5736042213055248 -0.28118415352834125 -0.073817048175050234 0.57200157680546482 -0.05829748604544574 -0.10159770359314535 0.0047687478120772703
leaf_weight=111.5814060593824 124.4378256218082 15.06588268369952 126.83026885986331 77.896483961487434 103.23944102832843 111.0231900155523 58.950871958340144 286.2076648061639
leaf_count=258 67899 246 1142 1400 4500 4742 779 2180
internal_value=-0.0806125 0.025164 -0.169819 0.062444 0.294271 -0.0115168 -0.0243254 -0.013398
internal_weight=1015.23 890.795 141.896 748.899 181.136 567.763 456.182 345.159
internal_count=83146 15247 1388 13859 5900 7959 7701 2959
cat_boundaries=0 1 2
cat_threshold=132 128
is_linear=0
shrinkage=0.05


Tree=89
num_leaves=9
num_cat=1
split_feature=1 1 1 5 3 1 4 2
split_gain=49051.6 388484 5668.15 11299.4 1511.45 145.414 47.862 240.671
threshold=11.516400000000003 15.447300000000002 4.2579000000000002 1.0000000180025095e-35 0 1.0000000180025095e-35 1.0000000180025095e-35 5.3450000000000006
decision_type=2 2 2 2 9 2 2 2
left_child=2 -2 4 -4 5 6 7 -1
right_child=1 -3 3 -5 -6 -7 -8 -9
leaf_value=0.043282251970539143 -6.5325752808245419 0.23076320640287268 -0.083818387631853897 0.61728432341695072 -0.19625373418191228 0.074205867516347626 0.021777386936313422 -0.093793788651913151
leaf_weight=75.733509981056841 25.51705731672412 126.43464462955949 110.02067041338807 120.31476593017578 81.49395984699845 113.26631927490234 286.99492760760882 55.478921405777783
leaf_count=1732 4487 1810 13399 1037 52683 15 3562 4421
internal_value=-0.0780661 -0.904996 0.0709353 0.2824 -0.00852682 0.0235087 0.0103402 -0.0146759
internal_weight=995.255 151.952 843.303 230.335 612.968 531.474 418.207 131.212
internal_count=83146 6297 76849 14436 62413 9730 9715 6153
cat_boundaries=0 1
cat_threshold=4
is_linear=0
shrinkage=0.05


Tree=90
num_leaves=8
num_cat=1
split_feature=1 1 2 3 0 4 1
split_gain=58281.2 4856.67 3834.12 1250.87 162.954 266.916 16.963
threshold=11.516400000000003 4.2579000000000002 3.9250000000000003 0 7.6753500000000008 1.0000000180025095e-35 1.0000000180025095e-35
decision_type=2 2 2 9 2 2 2
left_child=1 3 -3 4 5 -1 -6
right_child=-2 2 -4 -5 6 -7 -8
leaf_value=-0.10149781434432659 -1.0799966057171151 0.045478892121832669 0.44585420561317268 -0.16925143216831148 0.04231103728989366 0.021262101400938892 0.073294412353594449
leaf_weight=52.22914742561062 127.41967808377797 113.23018646240234 126.71062560956034 91.08770225515957 73.653831481937289 290.91047812969305 110.37775421142578
leaf_count=5346 6297 132 14304 52683 1315 3066 3
internal_value=-0.082169 0.0659817 0.256914 -0.00811727 0.022508 0.00257686 0.0608941
internal_weight=985.619 858.2 239.941 618.259 527.171 343.14 184.032
internal_count=83146 76849 14436 62413 9730 8412 1318
cat_boundaries=0 1
cat_threshold=4
is_linear=0
shrinkage=0.05


Tree=91
num_leaves=8
num_cat=1
split_feature=1 1 5 3 0 4 1
split_gain=67896.3 4673.41 9931.58 1058.1 153.517 254.691 15.7713
threshold=11.516400000000003 4.2579000000000002 1.0000000180025095e-35 0 7.6753500000000008 1.0000000180025095e-35 1.0000000180025095e-35
decision_type=2 2 2 9 2 2 2
left_child=1 3 -3 4 5 -1 -6
right_child=-2 2 -4 -5 6 -7 -8
leaf_value=-0.10340491088501801 -1.315588653359584 -0.080758458197733432 0.57869157300276852 -0.14935084329828874 0.041355054965237448 0.01992942176111423 0.071648129742736572
leaf_weight=48.787422257607773 99.746200804769956 111.57986839413968 116.92324829101562 99.16568750352053 71.640205383304647 294.74331021049989 107.3450927734375
leaf_count=5346 6297 13399 1037 52683 1315 3066 3
internal_value=-0.0814738 0.0633162 0.256677 -0.00775481 0.0215636 0.00241377 0.0595231
internal_weight=949.931 850.185 228.503 621.682 522.516 343.531 178.985
internal_count=83146 76849 14436 62413 9730 8412 1318
cat_boundaries=0 1
cat_threshold=4
is_linear=0
shrinkage=0.05


Tree=92
num_leaves=8
num_cat=1
split_feature=1 3 1 0 4 0 1
split_gain=154094 5105.17 10372.5 171.753 229.116 15.0983 55.796
threshold=11.516400000000003 0 4.2579000000000002 5.3035500000000004 1.0000000180025095e-35 5.5256000000000007 1.0000000180025095e-35
decision_type=2 9 2 2 2 2 2
left_child=1 2 3 4 -1 -5 -7
right_child=-2 -3 -4 5 -6 6 -8
leaf_value=-0.10145488568820814 -3.0668750401954616 -0.27188105185852968 0.54447788480111936 0.070933064378146171 0.01920124486434897 0.012376293163718162 0.070151341233704589
leaf_weight=45.322914271464583 41.309658488990976 92.248184204257086 114.62445911224211 105.90267181396487 298.34450378334486 69.755577140968938 104.23258972167969
leaf_count=5266 6297 63827 1774 101 3157 2720 4
internal_value=-0.0863361 0.0619303 0.105894 0.0269706 0.00328909 0.0560482 0.0469881
internal_weight=871.741 830.431 738.183 623.558 343.667 279.891 173.988
internal_count=83146 76849 13022 11248 8423 2825 2724
cat_boundaries=0 1
cat_threshold=132
is_linear=0
shrinkage=0.05


Tree=93
num_leaves=11
num_cat=1
split_feature=1 1 2 2 1 5 3 1 4 2
split_gain=2.54408e+06 2.38244e+08 2.48063e+09 1.55154e+06 4925.23 11062.9 961.391 113.525 28.8526 206.568
threshold=11.516400000000003 15.381700000000002 1.0000000180025095e-35 0.41500000000000004 4.2579000000000002 1.0000000180025095e-35 0 1.0000000180025095e-35 1.0000000180025095e-35 5.3450000000000006
decision_type=2 2 2 2 2 2 9 2 2 2
left_child=4 2 -2 -3 6 -6 7 8 9 -1
right_child=1 3 -4 -5 5 -7 -8 -9 -10 -11
leaf_value=0.040130325152600954 -168.1764829274521 239.86727899474988 -38540.644283754067 17.929984981664237 -0.1252614877269462 0.62870705601825905 -0.14107447231334583 0.067796697045645615 0.016700378872667714 -0.10028323912589776
leaf_weight=69.113579073944038 0.05260672792789281 0.081542532549147118 0.0045782895758846578 2.298099951253159 90.727738530008651 104.90866088867188 102.76363653991382 101.06650543212891 301.81783568263324 42.177628345623134
leaf_count=1732 231 170 4104 1792 13399 1037 52683 15 3562 4421
internal_value=-0.0925297 -51.1046 -3240.31 25.535 0.0604502 0.279049 -0.00886924 0.0199099 0.00867643 -0.0130842
internal_weight=815.012 2.43683 0.057185 2.37964 812.576 195.636 616.939 514.176 413.109 111.291
internal_count=83146 6297 4335 1962 76849 14436 62413 9730 9715 6153
cat_boundaries=0 1
cat_threshold=4
is_linear=0
shrinkage=0.05


Tree=94
num_leaves=7
num_cat=1
split_feature=1 3 1 1 5 4
split_gain=363891 3447.31 897.212 73.7504 68.7308 145.231
threshold=10.167800000000002 0 4.2579000000000002 1.0000000180025095e-35 1.0000000180025095e-35 1.0000000180025095e-35
decision_type=2 9 2 2 2 2
left_child=1 2 3 4 5 -1
right_child=-2 -3 -4 -5 -6 -7
leaf_value=-0.085040603856115449 6.5357627979295403 -0.28916746072151328 0.18997132098760094 0.06602279333527887 0.044115328934542217 0.017344068874331681
leaf_weight=39.075774103044978 21.975135722432242 74.863914489848867 96.737487425389986 97.916084752209599 176.18552736330901 304.84390340627408
leaf_count=3433 6601 63716 1581 19 4674 3122
internal_value=0.189334 0.0127135 0.0477107 0.0262149 0.0187206 0.00571124
internal_weight=811.598 789.623 714.759 618.021 520.105 343.92
internal_count=83146 76545 12829 11248 11229 6555
cat_boundaries=0 1
cat_threshold=132
is_linear=0
shrinkage=0.05


Tree=95
num_leaves=10
num_cat=1
split_feature=1 2 1 3 1 2 4 2 1
split_gain=1.95771e+07 2.66003e+08 2.05207e+06 2769.05 934.972 138.487 207.221 19.8924 0.880579
threshold=10.167800000000002 1.4550000000000003 15.864400000000002 0 4.2579000000000002 5.3450000000000006 1.0000000180025095e-35 4.9850000000000012 1.0000000180025095e-35
decision_type=2 2 2 9 2 2 2 2 2
left_child=3 -2 -3 4 5 7 -7 -1 -9
right_child=1 2 -4 -5 -6 6 -8 8 -10
leaf_value=0.035508891324107852 4515.0893125481807 88.06214818925676 -145.77314273588445 -0.23601677721968262 0.19983954027238465 -0.10813365381197265 0.017603156490230084 0.05888472951716639 0.066433139332944868
leaf_weight=107.02624583042353 0.034991778341197821 0.17003321091582757 0.20933154225349426 88.958457946854196 87.579044455985127 36.669292905500185 307.987747992447 65.22446441650834 94.781272888183594
leaf_count=2881 1325 4516 760 63716 1581 5157 3092 117 1
internal_value=0.192723 343.785 -40.967 0.0121031 0.04638 0.0251665 0.00422557 0.052195 0.0633561
internal_weight=788.641 0.414357 0.379365 788.227 699.268 611.689 344.657 267.032 160.006
internal_count=83146 6601 5276 76545 12829 11248 8249 2999 118
cat_boundaries=0 1
cat_threshold=132
is_linear=0
shrinkage=0.05


Tree=96
num_leaves=7
num_cat=1
split_feature=2 3 1 2 4 1
split_gain=59577.9 45858.6 14258 121.659 254.725 18.1838
threshold=0.41500000000000004 0 4.2579000000000002 5.3450000000000006 1.0000000180025095e-35 1.0000000180025095e-35
decision_type=2 9 2 2 2 2
left_child=-1 2 3 5 -5 -2
right_child=1 -3 -4 4 -6 -7
leaf_value=1.4062251814896545 0.030406446045332675 -0.96525682807446156 0.66708208317527906 -0.13286640053273543 0.011887100182428202 0.065376909189109128
leaf_weight=77.65831352325506 62.570795766829917 105.49077478345885 100.47888954867585 33.681070110502901 311.18064341774283 91.578132629394531
leaf_count=1359 2250 68874 3276 4476 2906 5
internal_value=0.0918279 -0.0529617 0.121645 0.0142554 -0.00225031 0.051182
internal_weight=782.639 704.98 599.49 499.011 344.862 154.149
internal_count=83146 81787 12913 9637 7382 2255
cat_boundaries=0 1
cat_threshold=12
is_linear=0
shrinkage=0.05


Tree=97
num_leaves=7
num_cat=1
split_feature=2 3 1 0 4 0
split_gain=171063 63292.6 11588.6 302.457 193.759 79.291
threshold=0.41500000000000004 0 1.0000000180025095e-35 5.3035500000000004 1.0000000180025095e-35 5.5256000000000007
decision_type=2 9 2 2 2 2
left_child=-1 2 3 4 -2 -5
right_child=1 -3 -4 5 -6 -7
leaf_value=4.0928238991931547 -0.11787668827264955 -1.3913515107621788 0.64797060229455383 0.10444027209985601 0.014723765950987028 0.03518972559174998
leaf_weight=25.84748672042781 30.205024870448653 68.15226448966132 88.813722006079956 127.04448699951175 313.33988063858595 61.269491775887417
leaf_count=1359 5006 67448 3694 89 2982 2568
internal_value=0.0994558 -0.0503915 0.117377 0.0309813 0.00306532 0.081909
internal_weight=714.672 688.825 620.673 531.859 343.545 188.314
internal_count=83146 81787 14339 10645 7988 2657
cat_boundaries=0 1
cat_threshold=132
is_linear=0
shrinkage=0.05


Tree=98
num_leaves=11
num_cat=1
split_feature=2 2 2 2 2 1 3 5 2 1
split_gain=4.34259e+06 1.27386e+07 2.59469e+06 4.47398e+06 464798 36826.6 36220.7 15518.4 41134.5 2359.49
threshold=0.41500000000000004 0.31500000000000006 1.0000000180025095e-35 0.21500000000000002 0.115 9.7701000000000011 0 1.0000000180025095e-35 5.285000000000001 1.0000000180025095e-35
decision_type=2 2 2 2 2 2 9 2 2 2
left_child=1 2 5 4 -4 -1 7 9 -9 -2
right_child=6 -3 3 -5 -6 -7 -8 8 -10 -11
leaf_value=-5.09374352716552 0.0040505571373104857 812.20437735866039 348.76095811759842 -7.8659167800836576 556.63000757789621 19.304945678970359 -0.77467545201381371 -0.0087428407706708778 1.5851694603930719 -0.33961682075560484
leaf_weight=0.22802812771254444 343.40432228631221 0.059722324670019589 0.070252483449166903 0.12157264466273565 0.043570523828891705 0.4806520938873291 127.26497497641776 124.93791774545605 59.877005329228268 58.443710382400468
leaf_count=344 5327 165 156 154 157 383 68874 1831 4493 1262
internal_value=0.102739 104.027 59.2274 203.053 428.332 11.4543 -0.0433803 0.126312 0.507659 -0.0459315
internal_weight=714.932 1.0038 0.944076 0.235396 0.113823 0.70868 713.928 586.663 184.815 401.848
internal_count=83146 1359 1194 467 313 727 81787 12913 6324 6589
cat_boundaries=0 1
cat_threshold=12
is_linear=0
shrinkage=0.05


Tree=99
num_leaves=12
num_cat=0
split_feature=5 1 1 2 2 2 2 1 2 2 4
split_gain=41321.2 8.15195e+06 39982.8 7987.75 413425 2.87587e+06 175.135 219561 1.80174e+06 4.22376e+06 121.135
threshold=1.0000000180025095e-35 8.3622500000000013 4.2579000000000002 2.8150000000000004 5.3450000000000006 10.655000000000003 10.655000000000003 1.0000000180025095e-35 0.21500000000000002 10.385000000000003 1.0000000180025095e-35
decision_type=2 2 2 2 2 2 2 2 2 2 2
left_child=1 6 3 -2 -5 -6 7 8 -1 -10 -8
right_child=2 -3 -4 4 5 -7 10 -9 9 -11 -12
leaf_value=-33.095372377817064 0.13654394425155505 -274.0769239182506 1.2478270271475007 -0.075314273246503763 -1730.0557835952841 -48.786549190915807 -0.10355787524705214 0.016980144101389903 -3823.0160711535391 -77.040379694770451 0.0058691764945204457
leaf_weight=0.10441009850300037 110.71812438964844 0.27151573772141446 125.33430927934822 15.363793373112882 0.0025722459281354295 0.22776656415949403 27.484223557825942 73.391701512658301 0.0010593868542925996 0.0025977275304669184 316.8846113172138
leaf_count=453 880 5992 5658 570 2032 2475 802 9102 53017 94 2071
internal_value=0.108889 -0.195777 0.615126 -0.0126773 -1.07215 -67.5617 -0.0178186 -0.0878843 -71.3045 -1162.17 -0.00286424
internal_weight=669.787 418.14 251.647 126.312 15.5941 0.230339 417.869 73.4998 0.108067 0.00365711 344.369
internal_count=83146 71531 11615 5957 5077 4507 65539 62666 53564 53111 2873
is_linear=0
shrinkage=0.05


Tree=100
num_leaves=6
num_cat=2
split_feature=3 1 3 2 4
split_gain=59489.1 139113 474.078 337.146 44.8764
threshold=0 1.0000000180025095e-35 1 10.655000000000003 1.0000000180025095e-35
decision_type=9 2 9 2 2
left_child=1 2 -1 -4 -5
right_child=-2 -3 3 4 -6
leaf_value=0.11280284402079369 -1.0840345450318687 2.3754865574129389 -0.22123948518595513 -0.054002115995238145 0.015338192541247811
leaf_weight=115.83333046708536 75.362782127981518 72.886434009562663 16.485162760885487 25.182808711656662 317.80969081108196
leaf_count=1514 67899 4018 5533 1958 2224
internal_value=0.151816 0.33537 0.0295846 -0.000358527 0.0102472
internal_weight=623.56 548.197 475.311 359.478 342.992
internal_count=83146 15247 11229 9715 4182
cat_boundaries=0 1 2
cat_threshold=132 128
is_linear=0
shrinkage=0.05


Tree=101
num_leaves=6
num_cat=1
split_feature=3 0 0 5 4
split_gain=43585.9 398654 23999.4 27210.5 2705.62
threshold=0 9.8891500000000025 6.1825500000000009 1.0000000180025095e-35 1.0000000180025095e-35
decision_type=9 2 2 2 2
left_child=1 2 3 4 -1
right_child=-2 -3 -4 -5 -6
leaf_value=0.53071010935301099 -0.66163800194022715 10.52522959794833 -1.5148011577846086 0.89470052750438878 -0.019181778402732871
leaf_weight=24.045959088742734 121.62650511332345 9.4779500961304262 20.230208348246094 119.48813000693917 320.81504365470562
leaf_count=3761 67899 1665 2538 4112 3171
internal_value=0.155173 0.362313 0.171012 0.244458 0.0191603
internal_weight=615.684 494.057 484.579 464.349 344.861
internal_count=83146 15247 13582 11044 6932
cat_boundaries=0 1
cat_threshold=132
is_linear=0
shrinkage=0.05


Tree=102
num_leaves=5
num_cat=1
split_feature=3 5 2 4
split_gain=37838.8 51306.7 17586.6 492.522
threshold=0 1.0000000180025095e-35 3.8050000000000002 1.0000000180025095e-35
decision_type=9 2 2 2
left_child=1 3 -3 -1
right_child=-2 2 -4 -5
leaf_value=0.14300355000745094 -0.61177021922325381 0.62368155747689036 1.6173079420346317 -0.049467318252525039
leaf_weight=37.126774324417681 125.55103705264651 122.58498710001847 69.939842432150598 317.33642054618548
leaf_count=4325 67899 1782 5219 3921
internal_value=0.14312 0.321694 0.984643 -0.0293078
internal_weight=672.539 546.988 192.525 354.463
internal_count=83146 15247 7001 8246
cat_boundaries=0 1
cat_threshold=132
is_linear=0
shrinkage=0.05


Tree=103
num_leaves=5
num_cat=0
split_feature=0 0 0 4
split_gain=49082.6 148299 28966.6 1486.17
threshold=11.12035 7.5786000000000007 1.5717000000000001 1.0000000180025095e-35
decision_type=2 2 2 2
left_child=1 2 3 -1
right_child=-2 -3 -4 -5
leaf_value=0.18936281289481252 1.1290752157758328 -4.4567236851651097 0.87475236044161953 -0.12979472957091637
leaf_weight=41.368726005814779 106.98058320018373 18.407865973041169 99.523824733444087 308.36375255381478
leaf_count=61846 2499 3903 11005 3893
internal_value=0.162916 -0.058098 0.122132 -0.0920426
internal_weight=574.645 467.664 449.256 349.732
internal_count=83146 80647 76744 65739
is_linear=0
shrinkage=0.05


Tree=104
num_leaves=4
num_cat=1
split_feature=2 3 5
split_gain=70610.2 39712.6 42584.9
threshold=3.8750000000000004 0 1.0000000180025095e-35
decision_type=2 9 2
left_child=-1 2 -2
right_child=1 -3 -4
leaf_value=1.8271581104168169 -0.027061833193673168 -0.75438020717522125 1.1994727702937573
leaf_weight=58.171461551525681 332.35708487938905 124.75824176932298 89.91276169843087
leaf_count=8063 5173 65105 4805
internal_value=0.17099 -0.00512813 0.228685
internal_weight=605.2 547.028 422.27
internal_count=83146 75083 9978
cat_boundaries=0 1
cat_threshold=4
is_linear=0
shrinkage=0.05


Tree=105
num_leaves=5
num_cat=1
split_feature=2 3 5 4
split_gain=355987 36161.6 24637.8 458.583
threshold=3.8750000000000004 0 1.0000000180025095e-35 1.0000000180025095e-35
decision_type=2 9 2 2
left_child=-1 2 3 -2
right_child=1 -3 -4 -5
leaf_value=8.7564981220154383 -0.17152631414436464 -0.74281750532455881 0.7939180134317364 -0.0020239257037558142
leaf_weight=11.824921233253006 46.531966997086784 120.48176043238635 127.26859874327153 280.10007573920302
leaf_count=8063 2425 65105 4805 2748
internal_value=0.169075 -0.00771552 0.19938 -0.0261712
internal_weight=586.207 574.382 453.901 326.632
internal_count=83146 75083 9978 5173
cat_boundaries=0 1
cat_threshold=4
is_linear=0
shrinkage=0.05


Tree=106
num_leaves=7
num_cat=0
split_feature=2 0 1 1 5 4
split_gain=1.61058e+07 34147.1 2.77771e+07 1.83936e+09 1932.39 458.865
threshold=0.41500000000000004 11.12035 6.0884000000000009 13.356150000000001 1.0000000180025095e-35 1.0000000180025095e-35
decision_type=2 2 2 2 2 2
left_child=-1 2 4 -4 5 -2
right_child=1 -3 3 -5 -6 -7
leaf_value=315.31023077531609 -0.16068600249673573 0.82924211746214849 81.791117630247257 -31507.819566272876 0.23837768203755316 0.018222655096047452
leaf_weight=0.40516040084980787 41.110572307242535 89.894783230373491 0.23454243318633317 0.0047004129737615577 109.72593178987154 279.52463293797433
leaf_count=1359 52937 2336 14456 3624 5199 3235
internal_value=0.188181 -0.0571143 -0.242156 -538.851 0.0572635 -0.0047163
internal_weight=520.9 520.495 430.6 0.239243 430.361 320.635
internal_count=83146 81787 79451 18080 61371 56172
is_linear=0
shrinkage=0.05


Tree=107
num_leaves=4
num_cat=0
split_feature=1 0 4
split_gain=161331 1468.06 648.516
threshold=4.2579000000000002 1.0000000180025095e-35 1.0000000180025095e-35
decision_type=2 2 2
left_child=1 2 -1
right_child=-2 -3 -4
leaf_value=-0.20616124955765278 2.0012146641484114 -0.22753855005211776 0.018165657275195677
leaf_weight=36.360983274877015 122.84684546456504 99.293128005192557 282.75992712732801
leaf_count=46016 20733 13952 2445
internal_value=0.408103 -0.0596364 -0.00739439
internal_weight=541.261 418.414 319.121
internal_count=83146 62413 48461
is_linear=0
shrinkage=0.05


Tree=108
num_leaves=3
num_cat=0
split_feature=1 0
split_gain=278068 1156.5
threshold=4.2579000000000002 1.0000000180025095e-35
decision_type=2 2
left_child=1 -1
right_child=-2 -3
leaf_value=-0.0071705222217806107 3.3362119087599726 -0.195761545053587
leaf_weight=316.87011102947764 70.41105275986672 109.34230919764957
leaf_count=48461 20733 13952
internal_value=0.42533 -0.0555524
internal_weight=496.623 426.212
internal_count=83146 62413
is_linear=0
shrinkage=0.05


Tree=109
num_leaves=9
num_cat=0
split_feature=1 1 1 1 5 1 5 4
split_gain=5.47831e+06 1.10032e+09 4.82073e+09 1.75036e+06 78666.4 264885 65.6834 1344.74
threshold=4.2579000000000002 10.167800000000002 14.536800000000001 8.5462500000000023 1.0000000180025095e-35 9.2339000000000002 1.0000000180025095e-35 1.0000000180025095e-35
decision_type=2 2 2 2 2 2 2 2
left_child=6 3 -3 -2 5 -5 7 -1
right_child=1 2 -4 4 -6 -7 -8 -9
leaf_value=-0.35441047100643641 211.95934648801324 114107.11958987429 5831.9917310038263 -2.3246417328013962 -2.5162112076343499 -135.7836166091607 -0.084026456712302355 -0.0062086487693040621
leaf_weight=30.719042398781824 0.096006751060484397 0.0010923439322721986 0.017453448846936226 0.15417938764585448 3.5455997954195482 0.048994004726409912 116.6438620753724 284.75804407171773
leaf_count=52815 9928 3041 3560 2197 633 1374 5957 3641
internal_value=0.477984 59.7541 12209.4 1.14884 -4.25005 -34.5074 -0.0519676 -0.0401142
internal_weight=435.984 3.86333 0.0185458 3.84478 3.74877 0.203173 432.121 315.477
internal_count=83146 20733 6601 14132 4204 3571 62413 56456
is_linear=0
shrinkage=0.05


Tree=110
num_leaves=3
num_cat=0
split_feature=0 0
split_gain=126707 37242.4
threshold=8.0068500000000018 5.083050000000001
decision_type=2 2
left_child=1 -1
right_child=-2 -3
leaf_value=-0.19919616116364489 -2.9313122360647239 0.84203598534402058
leaf_weight=306.43227735259381 37.710094308320208 119.31693522456925
leaf_count=73520 5967 3659
internal_value=-0.153435 0.0926109
internal_weight=463.459 425.749
internal_count=83146 77179
is_linear=0
shrinkage=0.05


Tree=111
num_leaves=5
num_cat=0
split_feature=2 2 5 4
split_gain=30318.6 239238 10703.2 7083.84
threshold=3.9950000000000006 5.285000000000001 1.0000000180025095e-35 1.0000000180025095e-35
decision_type=2 2 2 2
left_child=-1 -2 3 -3
right_child=1 2 -4 -5
leaf_value=0.56251378438892397 -23.128881885777325 -1.0575496308565078 -0.77949847980156117 -0.05862174525412777
leaf_weight=119.8126294636196 1.1497478485115937 19.111389882314256 83.082188947639224 248.71286689099691
leaf_count=8385 3609 59771 7932 3449
internal_value=-0.124505 -0.358312 -0.283704 -0.129903
internal_weight=471.869 352.056 350.906 267.824
internal_count=83146 74761 71152 63220
is_linear=0
shrinkage=0.05


Tree=112
num_leaves=4
num_cat=1
split_feature=3 5 4
split_gain=51749.9 23514.2 57.6917
threshold=0 1.0000000180025095e-35 1.0000000180025095e-35
decision_type=9 2 2
left_child=-1 2 -2
right_child=1 -3 -4
leaf_value=0.76882283426870557 0.040692284160860064 -0.95956787866448434 -0.10352950803255226
leaf_weight=127.19132615141721 7.141541500085423 117.35579996680497 238.7484385259539
leaf_count=3163 65080 10783 4120
internal_value=-0.0643547 -0.367152 -0.0993408
internal_weight=490.437 363.246 245.89
internal_count=83146 79983 69200
cat_boundaries=0 1
cat_threshold=136
is_linear=0
shrinkage=0.05


Tree=113
num_leaves=4
num_cat=1
split_feature=3 5 4
split_gain=52576 18844.4 58.9805
threshold=0 1.0000000180025095e-35 1.0000000180025095e-35
decision_type=9 2 2
left_child=-1 2 -2
right_child=1 -3 -4
leaf_value=0.85896213076858108 0.037138640854937982 -0.86940604581917302 -0.10611437983791233
leaf_weight=107.43348780723333 7.4259020308043935 122.64850737227323 221.70446019224349
leaf_count=3163 65080 10783 4120
internal_value=-0.0631749 -0.359008 -0.101472
internal_weight=459.212 351.779 229.13
internal_count=83146 79983 69200
cat_boundaries=0 1
cat_threshold=136
is_linear=0
shrinkage=0.05


Tree=114
num_leaves=4
num_cat=0
split_feature=2 4 1
split_gain=32391 22637 16701.8
threshold=5.3450000000000006 1.0000000180025095e-35 1.0000000180025095e-35
decision_type=2 2 2
left_child=2 -2 -1
right_child=1 -3 -4
leaf_value=0.024014610082723237 -3.1363064957031619 -0.37393251130003335 1.0729328261302344
leaf_weight=87.862191797631269 7.6948291216177997 204.96778503733955 66.807026837004301
leaf_count=8745 64785 6199 3417
internal_value=-0.0734704 -0.473884 0.477079
internal_weight=367.332 212.663 154.669
internal_count=83146 70984 12162
is_linear=0
shrinkage=0.05


Tree=115
num_leaves=4
num_cat=0
split_feature=2 1 2
split_gain=1.40953e+07 467658 9744.11
threshold=1.9550000000000003 6.0884000000000009 10.325000000000001
decision_type=2 2 2
left_child=-1 2 -2
right_child=1 -3 -4
leaf_value=360.42859506151848 0.67011097949117771 -6.5402776009643695 0.012189344091363153
leaf_weight=0.27083927532510088 89.035378671654598 28.285055367838396 152.9606174750347
leaf_count=3541 55533 18537 5535
internal_value=-0.09553 -0.456799 0.254252
internal_weight=270.552 270.281 241.996
internal_count=83146 79605 61068
is_linear=0
shrinkage=0.05


Tree=116
num_leaves=5
num_cat=0
split_feature=1 0 4 0
split_gain=200083 8.52332e+07 4422.4 317603
threshold=6.0884000000000009 5.083050000000001 1.0000000180025095e-35 0.072350000000000012
decision_type=2 2 2 2
left_child=2 -2 3 -1
right_child=1 -3 -4 -5
leaf_value=47.766776684351477 -2110.977103091248 2.3463180746246777 -0.030198976395080991 0.23450112703438086
leaf_weight=0.35248905164179589 0.047915004609403122 11.19483141938669 154.23932680425312 117.75382583610708
leaf_count=46616 15093 5078 5131 11228
internal_value=-0.123729 -6.66037 0.146111 0.376362
internal_weight=283.588 11.2427 272.346 118.106
internal_count=83146 20171 62975 57844
is_linear=0
shrinkage=0.05


Tree=117
num_leaves=3
num_cat=0
split_feature=2 1
split_gain=46430.2 26189.1
threshold=5.3450000000000006 1.0000000180025095e-35
decision_type=2 2
left_child=1 -1
right_child=-2 -3
leaf_value=-0.04964442338495078 -0.75397728178586609 1.112649898750504
leaf_weight=124.02929283181703 150.36508492394188 79.549230368296833
leaf_count=8745 70984 3417
internal_value=-0.0876376 0.404527
internal_weight=353.944 203.579
internal_count=83146 12162
is_linear=0
shrinkage=0.05


Tree=118
num_leaves=3
num_cat=0
split_feature=2 0
split_gain=69579.4 19024.4
threshold=5.3450000000000006 10.969800000000001
decision_type=2 2
left_child=1 -1
right_child=-2 -3
leaf_value=0.75173468102001917 -1.4037272637545184 -0.12557920986267121
leaf_weight=122.96685669504063 77.791113752747492 124.21297456467209
leaf_count=11196 70984 966
internal_value=-0.0995708 0.310866
internal_weight=324.971 247.18
internal_count=83146 12162
is_linear=0
shrinkage=0.05


Tree=119
num_leaves=3
num_cat=1
split_feature=3 4
split_gain=85126 62851.7
threshold=0 1.0000000180025095e-35
decision_type=9 2
left_child=-1 -2
right_child=1 -3
leaf_value=0.81755715550007002 -0.55431167517249491 -3.5463426990791582
leaf_weight=121.43656695110481 122.89726307454139 20.476302803182435
leaf_count=3163 71652 8331
internal_value=-0.125684 -0.917625
internal_weight=264.81 143.374
internal_count=83146 79983
cat_boundaries=0 1
cat_threshold=136
is_linear=0
shrinkage=0.05


Tree=120
num_leaves=4
num_cat=0
split_feature=0 0 0
split_gain=2.3098e+06 6.50329e+06 52475.5
threshold=5.083050000000001 1.0000000180025095e-35 8.0068500000000018
decision_type=2 2 2
left_child=1 -1 -2
right_child=2 -3 -4
leaf_value=-53.173002710397036 0.82224108448808397 -702.45982956668786 -0.6281690409294185
leaf_weight=0.60115740928905381 126.70003564241824 0.041209255817580726 122.80588108052379
leaf_count=63100 3659 10420 5967
internal_value=-0.135432 -94.8262 0.108355
internal_weight=250.148 0.642367 249.506
internal_count=83146 73520 9626
is_linear=0
shrinkage=0.05


Tree=121
num_leaves=5
num_cat=0
split_feature=2 2 0 1
split_gain=9.86124e+06 2.00632e+07 549239 84175.8
threshold=1.9550000000000003 1.1050000000000002 6.1312500000000005 6.0884000000000009
decision_type=2 2 2 2
left_child=1 -1 -3 -2
right_child=3 2 -4 -5
leaf_value=1071.2131508751841 0.5169654214336703 194.0161916993934 53.435729611680294 -1.3564248426179395
leaf_weight=0.062525119633351278 114.96784509017037 0.098754426449897847 0.23436857759952545 125.32341155117176
leaf_count=2449 61068 630 462 18537
internal_value=-0.0494254 249.366 95.1109 -0.460097
internal_weight=240.687 0.395648 0.333123 240.291
internal_count=83146 3541 1092 79605
is_linear=0
shrinkage=0.05


Tree=122
num_leaves=2
num_cat=0
split_feature=2
split_gain=57673.5
threshold=5.0550000000000006
decision_type=2
left_child=-1
right_child=-2
leaf_value=0.97860643989374574 -0.91636336298516352
leaf_weight=70.952409915591659 92.497030570480973
leaf_count=11374 71772
internal_value=-0.0937685
internal_weight=163.449
internal_count=83146
is_linear=0
shrinkage=0.05


Tree=123
num_leaves=2
num_cat=0
split_feature=2
split_gain=34403.8
threshold=5.0550000000000006
decision_type=2
left_child=-1
right_child=-2
leaf_value=0.56043413562992817 -0.63517327143536673
leaf_weight=115.66547639532094 125.40168677080773
leaf_count=11374 71772
internal_value=-0.0615136
internal_weight=241.067
internal_count=83146
is_linear=0
shrinkage=0.05


Tree=124
num_leaves=3
num_cat=1
split_feature=2 3
split_gain=2.02549e+07 30007.1
threshold=1.9550000000000003 0
decision_type=2 9
left_child=-1 -2
right_child=1 -3
leaf_value=555.82700694776815 0.15771431777797018 -0.92023265381065278
leaf_weight=0.16376325119267576 122.5257347731295 127.1348120003305
leaf_count=3541 11391 68214
internal_value=-0.0571229 -0.421752
internal_weight=249.824 249.661
internal_count=83146 79605
cat_boundaries=0 1
cat_threshold=4
is_linear=0
shrinkage=0.05


Tree=125
num_leaves=2
num_cat=0
split_feature=0
split_gain=29244.2
threshold=8.0068500000000018
decision_type=2
left_child=-1
right_child=-2
leaf_value=0.44440677427471775 -0.69931518559865669
leaf_weight=125.55340638218691 100.73198368108423
leaf_count=77179 5967
internal_value=-0.0647263
internal_weight=226.285
internal_count=83146
is_linear=0
shrinkage=0.05


Tree=126
num_leaves=2
num_cat=0
split_feature=2
split_gain=44714.5
threshold=5.0550000000000006
decision_type=2
left_child=-1
right_child=-2
leaf_value=0.9664530670518392 -0.63115139085979466
leaf_weight=67.169478300200595 125.87178557247212
leaf_count=11374 71772
internal_value=-0.0752585
internal_weight=193.041
internal_count=83146
is_linear=0
shrinkage=0.05


Tree=127
num_leaves=2
num_cat=0
split_feature=2
split_gain=31403.7
threshold=5.0550000000000006
decision_type=2
left_child=-1
right_child=-2
leaf_value=0.53999559410652098 -0.61956362471553783
leaf_weight=112.14399862900881 121.81367219553754
leaf_count=11374 71772
internal_value=-0.0637468
internal_weight=233.958
internal_count=83146
is_linear=0
shrinkage=0.05


Tree=128
num_leaves=2
num_cat=0
split_feature=0
split_gain=32342.9
threshold=8.0068500000000018
decision_type=2
left_child=-1
right_child=-2
leaf_value=0.61482469695762543 -0.59491408806581769
leaf_weight=98.233441162673998 126.26910544512744
leaf_count=77179 5967
internal_value=-0.0655802
internal_weight=224.503
internal_count=83146
is_linear=0
shrinkage=0.05


Tree=129
num_leaves=2
num_cat=0
split_feature=2
split_gain=31814.4
threshold=5.0550000000000006
decision_type=2
left_child=-1
right_child=-2
leaf_value=0.5534562784110254 -0.6199313398648858
leaf_weight=109.96756402182386 121.69477758937934
leaf_count=11374 71772
internal_value=-0.0629372
internal_weight=231.662
internal_count=83146
is_linear=0
shrinkage=0.05


Tree=130
num_leaves=2
num_cat=0
split_feature=0
split_gain=32354.2
threshold=8.0068500000000018
decision_type=2
left_child=-1
right_child=-2
leaf_value=0.61658489178231057 -0.59528915654041348
leaf_weight=97.993635585244391 125.75054029267656
leaf_count=77179 5967
internal_value=-0.0645225
internal_weight=223.744
internal_count=83146
is_linear=0
shrinkage=0.05


Tree=131
num_leaves=2
num_cat=0
split_feature=0
split_gain=29133.2
threshold=8.0068500000000018
decision_type=2
left_child=-1
right_child=-2
leaf_value=0.46874103580452947 -0.65897617909236139
leaf_weight=121.60742751839535 108.24939513243407
leaf_count=77179 5967
internal_value=-0.0623492
internal_weight=229.857
internal_count=83146
is_linear=0
shrinkage=0.05


Tree=132
num_leaves=2
num_cat=0
split_feature=2
split_gain=40249.6
threshold=5.0550000000000006
decision_type=2
left_child=-1
right_child=-2
leaf_value=0.83152648739188972 -0.61589768455179295
leaf_weight=77.154782161360515 127.2346079081527
leaf_count=11374 71772
internal_value=-0.0695107
internal_weight=204.389
internal_count=83146
is_linear=0
shrinkage=0.05


Tree=133
num_leaves=2
num_cat=0
split_feature=0
split_gain=29250.2
threshold=8.0068500000000018
decision_type=2
left_child=-1
right_child=-2
leaf_value=0.49350284006351669 -0.62873022855318439
leaf_weight=117.28789622308445 114.98832271850775
leaf_count=77179 5967
internal_value=-0.0620585
internal_weight=232.276
internal_count=83146
is_linear=0
shrinkage=0.05


Tree=134
num_leaves=2
num_cat=0
split_feature=2
split_gain=36988.4
threshold=5.0550000000000006
decision_type=2
left_child=-1
right_child=-2
leaf_value=0.72740153140897335 -0.61042159949927166
leaf_weight=87.054810596914621 127.09829961065756
leaf_count=11374 71772
internal_value=-0.0665867
internal_weight=214.153
internal_count=83146
is_linear=0
shrinkage=0.05


Tree=135
num_leaves=3
num_cat=0
split_feature=2 1
split_gain=30914 8.57388e+07
threshold=5.0550000000000006 6.0884000000000009
decision_type=2 2
left_child=-1 -2
right_child=1 -3
leaf_value=0.50344152465631942 0.39526339290679302 -1807.6959699886579
leaf_weight=118.28828232838507 113.1557588813766 0.0656037107113282
leaf_count=11374 54872 16900
internal_value=-0.061829 -0.652397
internal_weight=231.51 113.221
internal_count=83146 71772
is_linear=0
shrinkage=0.05


Tree=136
num_leaves=2
num_cat=0
split_feature=0
split_gain=27689.9
threshold=8.0068500000000018
decision_type=2
left_child=-1
right_child=-2
leaf_value=0.46138626927812859 -0.58746219745226824
leaf_weight=124.50447002756393 127.23210353418348
leaf_count=77179 5967
internal_value=-0.0687202
internal_weight=251.737
internal_count=83146
is_linear=0
shrinkage=0.05


Tree=137
num_leaves=2
num_cat=0
split_feature=2
split_gain=30619.6
threshold=5.0550000000000006
decision_type=2
left_child=-1
right_child=-2
leaf_value=0.51989994224788671 -0.60630361938370791
leaf_weight=115.48826408978356 126.4215205786172
leaf_count=11374 71772
internal_value=-0.0686516
internal_weight=241.91
internal_count=83146
is_linear=0
shrinkage=0.05


Tree=138
num_leaves=2
num_cat=0
split_feature=0
split_gain=28221.5
threshold=8.0068500000000018
decision_type=2
left_child=-1
right_child=-2
leaf_value=0.48110811249321028 -0.58557417315792637
leaf_weight=121.2526331575251 126.90913386588265
leaf_count=77179 5967
internal_value=-0.0643898
internal_weight=248.162
internal_count=83146
is_linear=0
shrinkage=0.05


Tree=139
num_leaves=2
num_cat=0
split_feature=2
split_gain=30604.5
threshold=5.0550000000000006
decision_type=2
left_child=-1
right_child=-2
leaf_value=0.53421969680652426 -0.59622376965528956
leaf_weight=113.0949563594785 127.22642929174957
leaf_count=11374 71772
internal_value=-0.0642384
internal_weight=240.321
internal_count=83146
is_linear=0
shrinkage=0.05


Tree=140
num_leaves=2
num_cat=0
split_feature=2
split_gain=27639.4
threshold=5.0550000000000006
decision_type=2
left_child=-1
right_child=-2
leaf_value=0.45213104020548656 -0.6120562496353692
leaf_weight=126.47842128618649 117.88177608100816
leaf_count=11374 71772
internal_value=-0.0612434
internal_weight=244.36
internal_count=83146
is_linear=0
shrinkage=0.05


Tree=141
num_leaves=2
num_cat=0
split_feature=0
split_gain=35407.5
threshold=8.0068500000000018
decision_type=2
left_child=-1
right_child=-2
leaf_value=0.67629187907500754 -0.61669714581303625
leaf_weight=92.063199270970657 124.61814837455684
leaf_count=77179 5967
internal_value=-0.0673342
internal_weight=216.681
internal_count=83146
is_linear=0
shrinkage=0.05


Tree=142
num_leaves=2
num_cat=0
split_feature=0
split_gain=28312.2
threshold=8.0068500000000018
decision_type=2
left_child=-1
right_child=-2
leaf_value=0.48923975695126343 -0.58844134895338718
leaf_weight=119.86228759063374 123.98489840767485
leaf_count=77179 5967
internal_value=-0.0587107
internal_weight=243.847
internal_count=83146
is_linear=0
shrinkage=0.05


Tree=143
num_leaves=2
num_cat=0
split_feature=2
split_gain=32203.2
threshold=5.0550000000000006
decision_type=2
left_child=-1
right_child=-2
leaf_value=0.59193664066761476 -0.59386315058698136
leaf_weight=104.07371196196834 127.27412590358259
leaf_count=11374 71772
internal_value=-0.0604214
internal_weight=231.348
internal_count=83146
is_linear=0
shrinkage=0.05


Tree=144
num_leaves=2
num_cat=0
split_feature=0
split_gain=28905.8
threshold=8.0068500000000018
decision_type=2
left_child=-1
right_child=-2
leaf_value=0.50818281496613393 -0.58828668720275079
leaf_weight=116.60763896665631 124.0543380853041
leaf_count=77179 5967
internal_value=-0.0570157
internal_weight=240.662
internal_count=83146
is_linear=0
shrinkage=0.05


Tree=145
num_leaves=2
num_cat=0
split_feature=2
split_gain=31964.8
threshold=5.0550000000000006
decision_type=2
left_child=-1
right_child=-2
leaf_value=0.59050129540201557 -0.59076184324661574
leaf_weight=104.28930313978178 127.01996346818562
leaf_count=11374 71772
internal_value=-0.0581714
internal_weight=231.309
internal_count=83146
is_linear=0
shrinkage=0.05


Tree=146
num_leaves=3
num_cat=0
split_feature=0 0
split_gain=6.023e+06 54057.7
threshold=5.083050000000001 8.0068500000000018
decision_type=2 2
left_child=-1 -2
right_child=1 -3
leaf_value=-334.95620608527861 0.92128116112077496 -0.58819052357955592
leaf_weight=0.13417652941498559 113.61517479884428 124.09797651146438
leaf_count=73520 3659 5967
internal_value=-0.055771 0.133263
internal_weight=237.847 237.713
internal_count=83146 9626
is_linear=0
shrinkage=0.05


Tree=147
num_leaves=2
num_cat=0
split_feature=2
split_gain=33955.7
threshold=5.0550000000000006
decision_type=2
left_child=-1
right_child=-2
leaf_value=0.60758479723152448 -0.6132936279169493
leaf_weight=104.30769250059329 125.44418386819332
leaf_count=11374 71772
internal_value=-0.059013
internal_weight=229.752
internal_count=83146
is_linear=0
shrinkage=0.05


Tree=148
num_leaves=2
num_cat=0
split_feature=2
split_gain=28599.9
threshold=5.0550000000000006
decision_type=2
left_child=-1
right_child=-2
leaf_value=0.48092709631294411 -0.59420187330152507
leaf_weight=124.46956624404628 122.96436405353232
leaf_count=11374 71772
internal_value=-0.0533672
internal_weight=247.434
internal_count=83146
is_linear=0
shrinkage=0.05


Tree=149
num_leaves=2
num_cat=0
split_feature=0
split_gain=33844.2
threshold=8.0068500000000018
decision_type=2
left_child=-1
right_child=-2
leaf_value=0.62260943747855579 -0.60322533003189227
leaf_weight=101.63561216792269 126.25009165613099
leaf_count=77179 5967
internal_value=-0.0565106
internal_weight=227.886
internal_count=83146
is_linear=0
shrinkage=0.05


Tree=150
num_leaves=2
num_cat=0
split_feature=2
split_gain=29169.8
threshold=5.0550000000000006
decision_type=2
left_child=-1
right_child=-2
leaf_value=0.49772397215447528 -0.59263591853189657
leaf_weight=121.7824031499718 123.5847428468295
leaf_count=11374 71772
internal_value=-0.0514606
internal_weight=245.367
internal_count=83146
is_linear=0
shrinkage=0.05


Tree=151
num_leaves=2
num_cat=0
split_feature=2
split_gain=29082
threshold=5.0550000000000006
decision_type=2
left_child=-1
right_child=-2
leaf_value=0.45225767786125948 -0.67819298903497771
leaf_weight=127.10831112719794 102.99217795886659
leaf_count=11374 71772
internal_value=-0.0537281
internal_weight=230.1
internal_count=83146
is_linear=0
shrinkage=0.05


Tree=152
num_leaves=2
num_cat=0
split_feature=2
split_gain=35161.6
threshold=5.0550000000000006
decision_type=2
left_child=-1
right_child=-2
leaf_value=0.46019528568980556 -0.94954015742996045
leaf_weight=118.82546383984392 70.459621250051853
leaf_count=11374 71772
internal_value=-0.0645657
internal_weight=189.285
internal_count=83146
is_linear=0
shrinkage=0.05


Tree=153
num_leaves=2
num_cat=0
split_feature=0
split_gain=81005.7
threshold=8.0068500000000018
decision_type=2
left_child=-1
right_child=-2
leaf_value=2.0262878736045109 -0.80292490106171255
leaf_weight=33.79306576099593 100.6697446151105
leaf_count=77179 5967
internal_value=-0.0918898
internal_weight=134.463
internal_count=83146
is_linear=0
shrinkage=0.05


Tree=154
num_leaves=2
num_cat=0
split_feature=0
split_gain=30532.3
threshold=8.0068500000000018
decision_type=2
left_child=-1
right_child=-2
leaf_value=0.51383557796100021 -0.60364802419736152
leaf_weight=118.53537684817385 126.2037818943945
leaf_count=77179 5967
internal_value=-0.0624133
internal_weight=244.739
internal_count=83146
is_linear=0
shrinkage=0.05


Tree=155
num_leaves=2
num_cat=0
split_feature=2
split_gain=29497.7
threshold=5.0550000000000006
decision_type=2
left_child=-1
right_child=-2
leaf_value=0.4968762982876791 -0.59136067317564567
leaf_weight=121.93879593444964 127.25613840631553
leaf_count=11374 71772
internal_value=-0.0588526
internal_weight=249.195
internal_count=83146
is_linear=0
shrinkage=0.05


Tree=156
num_leaves=3
num_cat=0
split_feature=0 0
split_gain=30591.6 2.80023e+06
threshold=8.0068500000000018 7.5786000000000007
decision_type=2 2
left_child=1 -1
right_child=-2 -3
leaf_value=263.72387439492661 -0.59410491121733311 0.29954428106793329
leaf_weight=0.1009717208980011 127.0923982478717 115.94289398193359
leaf_count=76744 5967 435
internal_value=-0.0581877 0.528754
internal_weight=243.136 116.044
internal_count=83146 77179
is_linear=0
shrinkage=0.05


Tree=157
num_leaves=2
num_cat=0
split_feature=2
split_gain=30797.1
threshold=5.0550000000000006
decision_type=2
left_child=-1
right_child=-2
leaf_value=0.49790329737008671 -0.62717069908784662
leaf_weight=119.2507071081851 124.15084854681494
leaf_count=11374 71772
internal_value=-0.0759587
internal_weight=243.402
internal_count=83146
is_linear=0
shrinkage=0.05


Tree=158
num_leaves=7
num_cat=0
split_feature=0 0 0 0 0 0
split_gain=29665.9 8.11409e+06 310096 1.05261e+06 4823.9 1489.13
threshold=8.0068500000000018 5.083050000000001 4.0244500000000007 4.1110500000000014 4.6103500000000013 4.0606000000000009
decision_type=2 2 2 2 2 2
left_child=1 2 -1 5 -5 -4
right_child=-2 -3 3 4 -6 -7
leaf_value=-517.99330781047956 -0.58843254631198338 0.98780683008028713 -35.791751388716627 -583.79581104879662 -637.3997593409681 -65.575167893546947
leaf_weight=0.064554308697162166 127.27744038799391 102.69749979610512 0.0083936452865600586 0.0083940705889204992 0.0083941407125447398 0.008393775831038397
leaf_count=71509 5967 3659 64 739 1114 94
internal_value=-0.0781895 0.553573 -453.892 -330.647 -610.598 -50.6836
internal_weight=230.073 102.796 0.0981299 0.0335756 0.0167882 0.0167874
internal_count=83146 77179 73520 2011 1853 158
is_linear=0
shrinkage=0.05


Tree=159
num_leaves=2
num_cat=0
split_feature=0
split_gain=25964.5
threshold=8.0068500000000018
decision_type=2
left_child=-1
right_child=-2
leaf_value=0.42078631806747702 -0.61289569001158983
leaf_weight=127.21908634963845 116.2729356958196
leaf_count=77179 5967
internal_value=-0.0728202
internal_weight=243.492
internal_count=83146
is_linear=0
shrinkage=0.05


Tree=160
num_leaves=2
num_cat=0
split_feature=2
split_gain=41065.1
threshold=5.0550000000000006
decision_type=2
left_child=-1
right_child=-2
leaf_value=0.7288301800788759 -0.68403025496266301
leaf_weight=89.649413249758126 120.63510942565294
leaf_count=11374 71772
internal_value=-0.0816934
internal_weight=210.285
internal_count=83146
is_linear=0
shrinkage=0.05


Tree=161
num_leaves=2
num_cat=0
split_feature=2
split_gain=31607.5
threshold=5.0550000000000006
decision_type=2
left_child=-1
right_child=-2
leaf_value=0.51259163016822062 -0.62191479870676403
leaf_weight=119.93250913940486 125.77696582915132
leaf_count=11374 71772
internal_value=-0.0681543
internal_weight=245.709
internal_count=83146
is_linear=0
shrinkage=0.05


Tree=162
num_leaves=2
num_cat=0
split_feature=2
split_gain=30958
threshold=5.0550000000000006
decision_type=2
left_child=-1
right_child=-2
leaf_value=0.45788076503061143 -0.69536860303094472
leaf_weight=127.2714702697257 107.21379279969709
leaf_count=11374 71772
internal_value=-0.0694199
internal_weight=234.485
internal_count=83146
is_linear=0
shrinkage=0.05


Tree=163
num_leaves=2
num_cat=0
split_feature=0
split_gain=40459.9
threshold=8.0068500000000018
decision_type=2
left_child=-1
right_child=-2
leaf_value=0.83595012395151336 -0.64871505884724989
leaf_weight=74.208953306692493 120.24584446347954
leaf_count=77179 5967
internal_value=-0.0821286
internal_weight=194.455
internal_count=83146
is_linear=0
shrinkage=0.05


Tree=164
num_leaves=2
num_cat=0
split_feature=2
split_gain=30880.6
threshold=5.0550000000000006
decision_type=2
left_child=-1
right_child=-2
leaf_value=0.47067714242184344 -0.66711117677914378
leaf_weight=126.3863043195534 112.91337261606657
leaf_count=11374 71772
internal_value=-0.0661874
internal_weight=239.3
internal_count=83146
is_linear=0
shrinkage=0.05


Tree=165
num_leaves=2
num_cat=0
split_feature=0
split_gain=36826
threshold=8.0068500000000018
decision_type=2
left_child=-1
right_child=-2
leaf_value=0.74482006852562155 -0.61783583694841715
leaf_weight=82.401181736152665 124.48744810543764
leaf_count=77179 5967
internal_value=-0.0751068
internal_weight=206.889
internal_count=83146
is_linear=0
shrinkage=0.05


Tree=166
num_leaves=4
num_cat=0
split_feature=2 2 0
split_gain=31190.2 3.04471e+07 1.6876e+08
threshold=5.0550000000000006 5.3450000000000006 9.2789500000000018
decision_type=2 2 2
left_child=-1 -2 -3
right_child=1 2 -4
leaf_value=0.48652415496666762 0.1059873473073665 -11359.02429470367 -470.06426447565656
leaf_weight=124.165904529747 115.7105712890625 0.003692250994133838 0.098049536347389221
leaf_count=11374 788 68086 2898
internal_value=-0.0639907 -0.654215 -865.229
internal_weight=239.978 115.812 0.101742
internal_count=83146 71772 70984
is_linear=0
shrinkage=0.05


Tree=167
num_leaves=2
num_cat=0
split_feature=2
split_gain=23855.8
threshold=5.0550000000000006
decision_type=2
left_child=-1
right_child=-2
leaf_value=0.45370737158491092 -0.53242956348234027
leaf_weight=126.36442150572901 119.15936200098281
leaf_count=11374 71772
internal_value=-0.0248917
internal_weight=245.524
internal_count=83146
is_linear=0
shrinkage=0.05


Tree=168
num_leaves=2
num_cat=0
split_feature=0
split_gain=41302.3
threshold=8.0068500000000018
decision_type=2
left_child=-1
right_child=-2
leaf_value=0.72822165168998254 -0.6676114919089402
leaf_weight=97.825799156622168 115.64809109298807
leaf_count=77179 5967
internal_value=-0.0279619
internal_weight=213.474
internal_count=83146
is_linear=0
shrinkage=0.05


Tree=169
num_leaves=2
num_cat=0
split_feature=0
split_gain=31269.3
threshold=8.0068500000000018
decision_type=2
left_child=-1
right_child=-2
leaf_value=0.54116215226354947 -0.57442696036969565
leaf_weight=124.06331873156364 127.22826347184943
leaf_count=77179 5967
internal_value=-0.0236577
internal_weight=251.292
internal_count=83146
is_linear=0
shrinkage=0.05


Tree=170
num_leaves=2
num_cat=0
split_feature=0
split_gain=29554.9
threshold=8.0068500000000018
decision_type=2
left_child=-1
right_child=-2
leaf_value=0.50675473462164866 -0.60014678504642172
leaf_weight=125.73637932331874 115.88457169686123
leaf_count=77179 5967
internal_value=-0.0241297
internal_weight=241.621
internal_count=83146
is_linear=0
shrinkage=0.05


Tree=171
num_leaves=2
num_cat=0
split_feature=2
split_gain=37044.1
threshold=5.0550000000000006
decision_type=2
left_child=-1
right_child=-2
leaf_value=0.72817638253234795 -0.63580172057895579
leaf_weight=89.720771504021428 111.81709210926078
leaf_count=11374 71772
internal_value=-0.028585
internal_weight=201.538
internal_count=83146
is_linear=0
shrinkage=0.05


Tree=172
num_leaves=2
num_cat=0
split_feature=0
split_gain=29542.5
threshold=8.0068500000000018
decision_type=2
left_child=-1
right_child=-2
leaf_value=0.50810746086483416 -0.58605264309149929
leaf_weight=127.00747885113447 119.95999286635251
leaf_count=77179 5967
internal_value=-0.0233611
internal_weight=246.967
internal_count=83146
is_linear=0
shrinkage=0.05


Tree=173
num_leaves=2
num_cat=0
split_feature=0
split_gain=31540.1
threshold=8.0068500000000018
decision_type=2
left_child=-1
right_child=-2
leaf_value=0.52721555460334846 -0.69483770787259136
leaf_weight=116.47996190973873 96.574522804362914
leaf_count=77179 5967
internal_value=-0.0267236
internal_weight=213.054
internal_count=83146
is_linear=0
shrinkage=0.05


Tree=174
num_leaves=2
num_cat=0
split_feature=2
split_gain=51396.8
threshold=5.0550000000000006
decision_type=2
left_child=-1
right_child=-2
leaf_value=1.065091715941344 -0.77734828813462942
leaf_weight=63.320430078950935 94.109071525895033
leaf_count=11374 71772
internal_value=-0.0362922
internal_weight=157.43
internal_count=83146
is_linear=0
shrinkage=0.05


Tree=175
num_leaves=2
num_cat=0
split_feature=0
split_gain=29677.7
threshold=8.0068500000000018
decision_type=2
left_child=-1
right_child=-2
leaf_value=0.50957359954687476 -0.61256497204616078
leaf_weight=123.46338536446758 112.71391474389769
leaf_count=77179 5967
internal_value=-0.0259589
internal_weight=236.177
internal_count=83146
is_linear=0
shrinkage=0.05


Tree=176
num_leaves=2
num_cat=0
split_feature=2
split_gain=39698.3
threshold=5.0550000000000006
decision_type=2
left_child=-1
right_child=-2
leaf_value=0.77535335466259225 -0.67458424451468846
leaf_weight=84.82530593696238 106.45043273702852
leaf_count=11374 71772
internal_value=-0.0315785
internal_weight=191.276
internal_count=83146
is_linear=0
shrinkage=0.05


Tree=177
num_leaves=2
num_cat=0
split_feature=0
split_gain=29437.9
threshold=8.0068500000000018
decision_type=2
left_child=-1
right_child=-2
leaf_value=0.50668361423558428 -0.59078309678765251
leaf_weight=126.20193889337783 118.45621606990703
leaf_count=77179 5967
internal_value=-0.0246772
internal_weight=244.658
internal_count=83146
is_linear=0
shrinkage=0.05


Tree=178
num_leaves=3
num_cat=0
split_feature=2 1
split_gain=1.58785e+07 26259.9
threshold=7.4150000000000009 1.0000000180025095e-35
decision_type=2 2
left_child=1 -1
right_child=-2 -3
leaf_value=-0.17491464798339371 -523.17088600723912 0.95634645939689789
leaf_weight=113.2252490577483 0.14494574069976707 93.793981621348848
leaf_count=22760 55922 4464
internal_value=-0.0286565 0.337625
internal_weight=207.164 207.019
internal_count=83146 27224
is_linear=0
shrinkage=0.05


Tree=179
num_leaves=2
num_cat=0
split_feature=2
split_gain=27138.2
threshold=5.0550000000000006
decision_type=2
left_child=-1
right_child=-2
leaf_value=0.47136113048695449 -0.58054921415802507
leaf_weight=126.3155284324701 119.15134430013629
leaf_count=11374 71772
internal_value=-0.0392435
internal_weight=245.467
internal_count=83146
is_linear=0
shrinkage=0.05


Tree=180
num_leaves=2
num_cat=0
split_feature=2
split_gain=23658.4
threshold=5.0550000000000006
decision_type=2
left_child=-1
right_child=-2
leaf_value=0.45393044748707068 -0.51555799712637318
leaf_weight=124.59215111673365 127.14389801171905
leaf_count=11374 71772
internal_value=-0.0357274
internal_weight=251.736
internal_count=83146
is_linear=0
shrinkage=0.05


Tree=181
num_leaves=2
num_cat=0
split_feature=2
split_gain=23605.4
threshold=5.0550000000000006
decision_type=2
left_child=-1
right_child=-2
leaf_value=0.48507027378231726 -0.53236376162417709
leaf_weight=111.0428755687737 117.15480804688707
leaf_count=11374 71772
internal_value=-0.037272
internal_weight=228.198
internal_count=83146
is_linear=0
shrinkage=0.05


Tree=182
num_leaves=2
num_cat=0
split_feature=0
split_gain=50026.2
threshold=8.0068500000000018
decision_type=2
left_child=-1
right_child=-2
leaf_value=0.75479771579178578 -0.89573503258722464
leaf_weight=94.849797408115393 88.970432173870051
leaf_count=77179 5967
internal_value=-0.0440731
internal_weight=183.82
internal_count=83146
is_linear=0
shrinkage=0.05


Tree=183
num_leaves=3
num_cat=0
split_feature=0 2
split_gain=32749.9 5.87822e+07
threshold=8.0068500000000018 1.9550000000000003
decision_type=2 2
left_child=1 -1
right_child=-2 -3
leaf_value=1464.3330774585345 -0.60480420559986692 -0.26734459287044382
leaf_weight=0.068547070028215695 123.73632155474679 123.29903411998178
leaf_count=2452 5967 74727
internal_value=-0.0300434 0.546435
internal_weight=247.104 123.368
internal_count=83146 77179
is_linear=0
shrinkage=0.05


Tree=184
num_leaves=2
num_cat=0
split_feature=1
split_gain=20833.8
threshold=6.0884000000000009
decision_type=2
left_child=-1
right_child=-2
leaf_value=0.32244550641389574 -0.60863796435966222
leaf_weight=115.6562284740212 125.03002168685659
leaf_count=62975 20171
internal_value=-0.161227
internal_weight=240.686
internal_count=83146
is_linear=0
shrinkage=0.05


Tree=185
num_leaves=2
num_cat=0
split_feature=0
split_gain=17764.9
threshold=8.0068500000000018
decision_type=2
left_child=-1
right_child=-2
leaf_value=0.24328579705152931 -0.63825684016665085
leaf_weight=124.42002553288171 105.7019768069469
leaf_count=77179 5967
internal_value=-0.161633
internal_weight=230.122
internal_count=83146
is_linear=0
shrinkage=0.05


Tree=186
num_leaves=2
num_cat=0
split_feature=1
split_gain=26845.9
threshold=6.0884000000000009
decision_type=2
left_child=-1
right_child=-2
leaf_value=0.26585383530714018 -0.92556637789615603
leaf_weight=127.20212259393452 75.252510136175459
leaf_count=62975 20171
internal_value=-0.176998
internal_weight=202.455
internal_count=83146
is_linear=0
shrinkage=0.05


Tree=187
num_leaves=2
num_cat=0
split_feature=1
split_gain=48244.8
threshold=6.0884000000000009
decision_type=2
left_child=-1
right_child=-2
leaf_value=0.25508612901777517 -1.7867688712482934
leaf_weight=125.9561244038 37.555065319595997
leaf_count=62975 20171
internal_value=-0.213885
internal_weight=163.511
internal_count=83146
is_linear=0
shrinkage=0.05


Tree=188
num_leaves=2
num_cat=0
split_feature=1
split_gain=236358
threshold=6.0884000000000009
decision_type=2
left_child=-1
right_child=-2
leaf_value=0.25302157014802273 -9.058454124932485
leaf_weight=120.7504187437662 7.2227726266505945
leaf_count=62975 20171
internal_value=-0.272516
internal_weight=127.973
internal_count=83146
is_linear=0
shrinkage=0.05


end of trees

feature_importances:
log_dep_bal=662
tenure_years=531
log_loan_bal=522
segment=127
current=123
savings=103
mortgage=40
unsecured=38
asset_finance=16
overdraft=3

parameters:
[boosting: gbdt]
[objective: binary]
[metric: binary_logloss]
[tree_learner: serial]
[device_type: cpu]
[data_sample_strategy: bagging]
[data: ]
[valid: ]
[num_iterations: 300]
[learning_rate: 0.05]
[num_leaves: 31]
[num_threads: 8]
[seed: 42]
[deterministic: 0]
[force_col_wise: 0]
[force_row_wise: 0]
[histogram_pool_size: -1]
[max_depth: -1]
[min_data_in_leaf: 40]
[min_sum_hessian_in_leaf: 0.001]
[bagging_fraction: 0.8]
[pos_bagging_fraction: 1]
[neg_bagging_fraction: 1]
[bagging_freq: 0]
[bagging_seed: 400]
[bagging_by_query: 0]
[feature_fraction: 0.8]
[feature_fraction_bynode: 1]
[feature_fraction_seed: 30056]
[extra_trees: 0]
[extra_seed: 12879]
[early_stopping_round: 0]
[early_stopping_min_delta: 0]
[first_metric_only: 0]
[max_delta_step: 0]
[lambda_l1: 0]
[lambda_l2: 0]
[linear_lambda: 0]
[min_gain_to_split: 0]
[drop_rate: 0.1]
[max_drop: 50]
[skip_drop: 0.5]
[xgboost_dart_mode: 0]
[uniform_drop: 0]
[drop_seed: 17869]
[top_rate: 0.2]
[other_rate: 0.1]
[min_data_per_group: 100]
[max_cat_threshold: 32]
[cat_l2: 10]
[cat_smooth: 10]
[max_cat_to_onehot: 4]
[top_k: 20]
[monotone_constraints: ]
[monotone_constraints_method: basic]
[monotone_penalty: 0]
[feature_contri: ]
[forcedsplits_filename: ]
[refit_decay_rate: 0.9]
[cegb_tradeoff: 1]
[cegb_penalty_split: 0]
[cegb_penalty_feature_lazy: ]
[cegb_penalty_feature_coupled: ]
[path_smooth: 0]
[interaction_constraints: ]
[verbosity: -1]
[saved_feature_importance_type: 0]
[use_quantized_grad: 0]
[num_grad_quant_bins: 4]
[quant_train_renew_leaf: 0]
[stochastic_rounding: 1]
[linear_tree: 0]
[max_bin: 255]
[max_bin_by_feature: ]
[min_data_in_bin: 3]
[bin_construct_sample_cnt: 200000]
[data_random_seed: 175]
[is_enable_sparse: 1]
[enable_bundle: 1]
[use_missing: 1]
[zero_as_missing: 0]
[feature_pre_filter: 1]
[pre_partition: 0]
[two_round: 0]
[header: 0]
[label_column: ]
[weight_column: ]
[group_column: ]
[ignore_column: ]
[categorical_feature: 3]
[forcedbins_filename: ]
[precise_float_parser: 0]
[parser_config_file: ]
[objective_seed: 16083]
[num_class: 1]
[is_unbalance: 0]
[scale_pos_weight: 509.098]
[sigmoid: 1]
[boost_from_average: 1]
[reg_sqrt: 0]
[alpha: 0.9]
[fair_c: 1]
[poisson_max_delta_step: 0.7]
[tweedie_variance_power: 1.5]
[lambdarank_truncation_level: 30]
[lambdarank_norm: 1]
[label_gain: ]
[lambdarank_position_bias_regularization: 0]
[eval_at: ]
[multi_error_top_k: 1]
[auc_mu_weights: ]
[num_machines: 1]
[local_listen_port: 12400]
[time_out: 120]
[machine_list_filename: ]
[machines: ]
[gpu_platform_id: -1]
[gpu_device_id: -1]
[gpu_device_id_list: ]
[gpu_use_dp: 0]
[num_gpu: 1]

end of parameters

pandas_categorical:[["INSTITUTIONAL BANKING", "LARGE ENTERPRISES", "MASS", "MEDIUM ENTERPRISES", "PRIVATE", "PROJECT FINANCE", "SCHEME", "SMALL ENTERPRISES", "STANDARD", "Unsegmented", "VIRTUAL"]]
