tree
version=v4
num_class=1
num_tree_per_iteration=1
label_index=0
max_feature_idx=11
objective=binary sigmoid:1
feature_names=log_dep_bal log_loan_bal tenure_years segment current savings mortgage asset_finance ipf cash_cover trade unsecured
feature_infos=[0:21.3825] [0:20.821400000000001] [0:10.66] -1:10:2:9:8:7:4:3:1:5:6 [0:1] [0:1] [0:1] [0:1] [0:1] none none [0:1]
tree_sizes=3266 3385 3384 3384 3400 3416 3444 3406 3401 3349 3402 3383 3396 3425 3397 3387 3398 3404 3464 3433 3416 3418 3393 3399 3418 3418 3382 3408 3425 3418 3431 3431 3449 3452 3435 3413 3440 3420 3441 3451 3405 3424 3420 3396 3419 3362 3025 2259 3290 2343 2481 2677 2378 2278 2366 2337 2363 1937 2180 2151 1739 2067 2695 2032 2257 1839 2249 2349 2260 1945 2030 1836 1413 1613 1745 1632 1604 1611 1399 1511 1608 1499 1403 1304 1867 1417 1638 1395 1524 1422 1401 1397 1748 1618 1309 1393 1115 1280 884 1423 1207 1442 1198 1197 1099 1325 1316 1093 1430 898 988 893 896 895 777 996 1096 1295 1204 1224 684 673 1532 1252 1312 581 1195 564 586 574 915 579 362 476 362 361 360 360 588 472 683 474 468 358 485 380 380 378 365 369

Tree=0
num_leaves=31
num_cat=0
split_feature=1 2 4 0 1 0 0 2 1 0 1 1 2 6 0 1 1 1 7 1 2 1 2 1 2 1 1 0 1 1
split_gain=1.04029e+07 1.29529e+06 2.30254e+06 400073 347214 194792 288133 162716 141139 163353 137132 136678 115512 58285.1 56807.7 89049.2 49237.2 44849.8 19857.8 74287.6 6324.43 10526.7 6616.79 49380.5 4652.46 9487.52 45779.1 4098.02 2882.78 1716.5
threshold=1.0000000180025095e-35 5.7650000000000006 1.0000000180025095e-35 3.5699500000000004 10.781950000000002 0.21105000000000004 14.217000000000002 9.1550000000000029 7.5507500000000016 10.618350000000001 6.2792500000000011 4.2579000000000002 10.655000000000003 1.0000000180025095e-35 0.25075000000000008 11.203800000000003 8.0022500000000019 14.233800000000002 1.0000000180025095e-35 14.752250000000002 3.5750000000000006 11.813500000000003 5.6550000000000011 14.680450000000002 10.565000000000003 9.466350000000002 16.314600000000002 10.660200000000001 14.717500000000003 10.361100000000002
decision_type=2 2 2 2 2 2 2 2 2 2 2 2 2 2 2 2 2 2 2 2 2 2 2 2 2 2 2 2 2 2
left_child=-1 3 4 20 11 24 10 14 -5 -10 -7 -3 -13 17 -6 -16 -14 -11 19 27 29 -22 23 -23 25 -4 -27 -19 -25 -2
right_child=1 2 5 8 7 6 -8 -9 9 13 -12 12 16 -15 15 -17 -18 18 -20 -21 21 22 -24 28 -26 26 -28 -29 -30 -31
leaf_value=-6.0777482683263742 14.743502903090572 12.202393425524438 13.892143723247138 14.692097711947817 13.926815278768597 14.5106570247737 14.015969773071937 -6.0777482683263742 -6.0777482683263742 -6.0777482683263742 -6.0777482683263742 -6.0777482683263742 14.413019177457926 -6.0777482683263742 14.559825712638869 -6.0777482683263742 -6.0777482683263742 14.609229809435078 14.125584110871586 -6.0777482683263742 14.247018353775047 -6.0777482683263742 14.510657024773653 14.7087510248728 14.247277453867248 -6.0777482683263742 14.609229809435092 10.328325824076025 11.077416993212736 14.360517685702575
leaf_weight=149.57559440168552 48.800547925988212 1.134373006876557 4.153552619740366 2.9951833998784414 4.1463537558447552 1.0071930780541132 6.1919349888339639 1.929295524023473 3.6618221015669388 0.45352842542342831 4.1057520417962223 31.564618560951203 1.0119923206511874 0.72708525345660735 1.0047934567555787 1.0894280695356426 0.41273486334830511 1.0023938354570425 2.0527800968848169 0.73428411735221732 9.1823191461153311 0.41513448464684133 1.0071930780541154 0.99759459285996888 41.830031749792397 0.36474243737757173 1.0023938354570419 1.2639525569975374 1.2087612671311943 73.050617548171431
leaf_count=62333 64 59 76 7 73 6 98 804 1526 189 1711 13154 8 303 5 454 172 4 28 306 103 173 6 2 469 152 4 113 90 654
internal_value=4.34056 10.6114 6.24716 13.5973 -2.64566 12.6593 6.76233 6.61309 5.18245 2.30415 -2.02206 -4.86238 -5.44917 7.22762 10.5365 3.82402 8.47697 8.98434 10.3361 7.74368 14.4028 13.346 11.0661 9.74264 14.0672 12.703 9.09009 12.2217 12.7193 14.5139
internal_weight=398.078 248.502 100.949 147.553 42.2936 58.6556 11.3049 8.16987 12.891 9.89585 5.11295 34.1237 32.9893 6.23402 6.24058 2.09422 1.42473 5.50694 5.05341 3.00063 134.662 12.811 3.62868 2.62149 47.3507 5.52069 1.36714 2.26635 2.20636 121.851
internal_count=83146 20813 17245 3568 14729 2516 1815 1336 2476 2469 1717 13393 13334 943 532 459 180 640 451 423 1092 374 271 265 701 232 156 117 92 718
is_linear=0
shrinkage=1


Tree=1
num_leaves=31
num_cat=0
split_feature=1 0 1 5 1 1 1 0 0 5 1 6 1 1 6 6 1 1 11 11 1 1 1 1 0 1 0 1 1 11
split_gain=138934 616203 143661 159683 32172.6 56257.7 35839.8 30514.4 25722.4 25435.1 36586.8 14360.8 13267.5 10211.2 9285.24 9191.41 5843.21 5203.86 10688.6 8006.91 5936.41 4020.26 3677.6 7824.14 3123.05 2996.06 2800.73 4709.22 25905.5 46180.5
threshold=10.167800000000002 3.5268000000000006 14.792150000000001 1.0000000180025095e-35 15.447300000000002 16.314600000000002 15.773200000000001 14.217000000000002 0.46055000000000007 1.0000000180025095e-35 10.781950000000002 1.0000000180025095e-35 14.116850000000001 15.381700000000002 1.0000000180025095e-35 1.0000000180025095e-35 15.864400000000002 15.620850000000003 1.0000000180025095e-35 1.0000000180025095e-35 16.577300000000005 15.028300000000002 13.692350000000001 12.694800000000003 2.3613500000000003 8.6037500000000033 10.618350000000001 14.752250000000002 14.233800000000002 1.0000000180025095e-35
decision_type=2 2 2 2 2 2 2 2 2 2 2 2 2 2 2 2 2 2 2 2 2 2 2 2 2 2 2 2 2 2
left_child=25 2 9 4 15 6 -6 26 11 10 -2 17 22 -13 -14 -4 -15 19 20 -5 -19 -9 23 -12 -11 -1 -3 28 -28 -30
right_child=1 7 3 8 5 -7 -8 21 -10 24 12 13 14 16 -16 -17 -18 18 -20 -21 -22 -23 -24 -25 -26 -27 27 -29 29 -31
leaf_value=-0.097214184842951079 -7.0833644827468802 -0.098726834864016053 -104.85239527158154 -55.225052612553625 -137.02990998726591 -83.045910486861757 -247.23676016997365 -29.574388324101626 -13.627200139827469 -19.290889509977468 -35.058354507485518 -23.303202959295483 -89.383062307610032 -62.057114488466226 -46.019654587203554 -62.986905914324041 -36.725925620441338 -81.626830576104851 -23.085618962609352 -89.981778623418833 -45.985487981554577 -14.560102032402384 -29.069249360413536 -59.198536703203381 -31.19986635725839 -1.072834575374596 -0.097728572579536252 -0.44038745341131458 -3.756021696773415 -42.155070137186662
leaf_weight=165.57758783543244 0.078191797454336465 6.1707927968485841 0.024806730475120164 0.039871247058727022 0.017519706689427039 0.02589846949939556 0.012742868631676174 0.055882507887930255 0.066287533079503191 0.75355924886639514 0.084259934723377228 0.068806681727210162 0.02686382336423776 0.043543197980170589 0.022841183978243862 0.027805022056554662 0.0477097692602797 0.023902561349814277 0.023871653187313768 0.0283537945124408 0.022853171750284673 0.22052826574076789 0.051684986715372361 0.055790155606018743 0.059390404232317451 8.2618174811936438 1.0501124291594979 2.3059979555772543 0.255969633624204 0.11280565033064249
leaf_count=72736 48 2710 69 65 60 73 73 60 47 627 103 63 66 73 31 48 63 53 25 66 39 164 58 94 63 3809 461 1029 126 144
internal_value=-0.499654 -5.75488 -34.5316 -57.6442 -110.822 -137.141 -183.435 -1.20995 -41.8056 -24.8593 -36.809 -48.0545 -46.4358 -37.8469 -69.4561 -82.7267 -48.8132 -59.8212 -50.3076 -69.6697 -64.2061 -17.5956 -40.4681 -44.6748 -20.1609 -0.143581 -0.752262 -1.83493 -4.10137 -15.502
internal_weight=185.618 11.7786 1.60655 0.473972 0.108773 0.056161 0.0302626 10.1721 0.3652 1.13258 0.319632 0.298912 0.24144 0.16006 0.049705 0.0526118 0.091253 0.138852 0.0706274 0.068225 0.0467557 0.276411 0.191735 0.14005 0.81295 173.839 9.89568 3.72489 1.41889 0.368775
internal_count=83146 6601 1907 817 323 206 133 4694 494 1090 400 447 352 199 97 117 136 248 117 131 92 224 255 197 690 76545 4470 1760 731 270
is_linear=0
shrinkage=0.05


Tree=2
num_leaves=31
num_cat=0
split_feature=1 0 1 2 4 2 1 1 2 1 1 1 0 2 1 1 0 1 4 1 1 1 2 2 2 1 1 0 1 2
split_gain=1.13038e+07 7.46314e+06 2.00812e+09 9.47303e+08 2.12824e+08 9.63572e+06 4.46902e+06 2.00946e+06 553388 139015 86694.2 54726.8 5.12896e+06 1.49229e+07 198815 805643 1.76336e+06 8699.67 111773 305329 515461 759128 1.11262e+06 23229.6 6090.97 889.924 4850.3 2686.9 2835.67 13808.8
threshold=17.953850000000006 0.21105000000000004 14.792150000000001 1.1050000000000002 1.0000000180025095e-35 1.8350000000000002 11.203800000000003 10.781950000000002 5.705000000000001 14.405750000000003 12.267650000000001 14.959550000000002 14.746550000000001 9.3250000000000011 14.717500000000003 14.792150000000001 9.7256000000000018 8.6037500000000033 1.0000000180025095e-35 9.8073000000000015 9.5861000000000018 9.466350000000002 4.3750000000000009 7.0150000000000006 7.3950000000000005 1.0000000180025095e-35 6.8715500000000009 3.6478000000000006 9.3503000000000025 7.5550000000000006
decision_type=2 2 2 2 2 2 2 2 2 2 2 2 2 2 2 2 2 2 2 2 2 2 2 2 2 2 2 2 2 2
left_child=1 2 5 4 -4 6 -1 17 -9 10 -10 12 14 -14 25 16 -16 -7 23 20 21 22 -20 -19 -12 -3 -27 28 29 -28
right_child=-2 11 3 -5 -6 7 -8 8 9 -11 24 -13 13 -15 15 -17 -18 18 19 -21 -22 -23 -24 -25 -26 26 27 -29 -30 -31
leaf_value=-0.25485003326375943 143.75206071358363 -0.050104042021280472 4916.413292835754 9023.3817134517685 1645.4885914868014 -0.10307799396955988 107.13768167439957 30.621327965812863 15.486259927068089 22.05594917072699 10.481323575874301 0.12151038835127555 808.45331964500565 -0.50439780323747641 -0.050137704652686646 -0.23504153845325182 335.60452739519178 -49.030488569701461 -114.0783157217592 -7.8358634939490317 -44.251766496456902 -95.466434000415177 -1823.4825036739419 -0.05003921892202047 7.4625712313767316 -16.400912820813172 -37.585351409060998 -0.2835675895839454 -1.6110764597573977 -1.4063633195693295
leaf_weight=1.3732213472805725 1.4417355599088058 28.192973986733993 0.067484284447415971 0.071240248275756979 0.18902474017328066 120.80067844644344 3.2888043840238228 4.7325374028560629 5.338754664937988 2.8141109825776409 1.9689868176063594 407.75418965906186 0.076944015454484038 0.22003874068065155 0.10762289923120348 0.66533349207614734 0.061481771122396514 0.024494338613074151 0.001752413501435679 0.089847537885246964 0.016962949193498389 0.0047161526874788251 0.0020838674500964771 2.0613773581746324 11.04048646306968 0.048906933023090349 0.034633967446525027 5.5268034907270627 0.32025121446626137 0.11059508182290756
leaf_count=367 75 13605 92 572 65 58443 166 266 64 85 27 2071 52 130 51 222 57 57 7 42 37 15 78 2671 232 44 57 3097 291 108
internal_value=3.91728 3.57959 13.066 3922.65 2506.03 4.72154 75.5047 2.50529 15.1648 11.7082 10.1212 0.285155 2.17192 209.085 0.419653 24.5336 121.985 -0.159841 -3.27491 -51.1838 -203.825 -520.325 -1042.63 -0.625215 7.91946 -0.168111 -0.718825 -0.590833 -4.2391 -10.0343
internal_weight=598.448 597.006 153.887 0.327749 0.256509 153.559 4.66203 148.897 25.8949 21.1623 18.3482 443.12 35.3656 0.296983 35.0686 0.834438 0.169105 123.002 2.20123 0.115363 0.0255154 0.00855243 0.00383628 2.08587 13.0095 34.2342 6.04119 5.99228 0.46548 0.145229
internal_count=83146 83071 63286 729 157 62557 533 62024 674 408 323 19785 17714 182 17532 330 108 61350 2907 179 137 100 85 2728 259 17202 3597 3553 456 165
is_linear=0
shrinkage=0.05


Tree=3
num_leaves=31
num_cat=1
split_feature=0 1 11 1 6 2 1 1 1 2 3 2 1 2 1 1 1 2 2 6 1 1 1 2 1 0 1 0 1 1
split_gain=75439.7 2.86889e+06 2.07533e+06 1.15018e+06 1.207e+06 658046 1.21548e+06 1.64859e+06 348103 327216 89838.5 517105 1.7323e+06 1.50921e+06 188842 687911 262427 79287.8 73363.8 52155.5 17758.8 74615.7 10260 20527 24018.2 5558.44 3014.23 18151.4 11430 35425.2
threshold=0.21105000000000004 14.752250000000002 1.0000000180025095e-35 14.320600000000001 1.0000000180025095e-35 3.5750000000000006 9.0681000000000029 10.004750000000001 14.536800000000001 3.0050000000000003 0 5.1250000000000009 9.2798500000000015 4.3250000000000011 12.267650000000001 9.3503000000000025 11.516400000000003 7.0650000000000004 4.6250000000000009 1.0000000180025095e-35 10.361100000000002 11.203800000000003 1.0000000180025095e-35 10.055000000000001 8.5462500000000023 7.7974000000000006 14.959550000000002 14.746550000000001 14.680450000000002 14.792150000000001
decision_type=2 2 2 2 2 2 2 2 2 2 9 2 2 2 2 2 2 2 2 2 2 2 2 2 2 2 2 2 2 2
left_child=1 3 19 5 8 6 -1 -8 -5 20 11 12 13 -7 15 22 -17 -4 -15 -3 -9 -22 -13 -24 -25 -2 27 28 -27 -30
right_child=25 2 17 4 -6 10 7 9 -10 -11 -12 14 -14 18 -16 16 -18 -19 -20 -21 21 -23 23 24 -26 26 -28 -29 29 -31
leaf_value=-0.07211318266921285 0.37706846632299629 -374.64175907236006 -123.93167383593341 101.00947103557276 -1.7375442121940603 -0.92390255074009253 85.832759241390633 -0.24287263052034072 42.52069451582156 44.015572578773337 0.070001235024529082 -0.050093851985282184 -3.7510278289263641 268.59960205183341 -0.015700331473555647 34.596891376816103 10.101178597430588 -30.284473395461092 203.80695216230308 -462.30516688099891 -0.21461599002333959 -38.330139705399397 -4.5698799903422911 -80.974791887146566 -0.048118529718820469 -0.17195047773677674 0.1094137906054566 -19.152135067322774 -39.737680867069486 -0.46807083601201865
leaf_weight=4.5056881795849124 283.0124932942922 0.033903740346453243 0.033903818036408184 0.6025509884440341 0.94332535155431507 0.11440364537751729 1.2080828352930457 0.51488525896456805 0.44026934754106928 0.44190311592259313 198.17770423555206 9.5652967086061693 0.71306996603367445 0.077001887162851126 33.516505718795749 2.372371911741574 2.0280630788309368 0.067807480692863464 0.10098498524971687 0.033964058934377844 0.38204097349303967 0.19340045500144276 0.43141632891956661 0.019767834152901287 0.017099267017329112 7.5828239582518897 415.51287651664575 0.13349009693263347 0.075571694993513183 0.2392336035343316
leaf_count=2484 13680 299 93 57 60 64 14 10 62 29 53410 5115 81 47 133 218 28 46 61 336 8 170 384 50 53 3968 1692 182 131 181
internal_value=0.472154 1.20656 -204.381 1.34255 39.2443 1.04662 15.8982 42.1571 76.316 7.72111 0.611169 2.31474 38.2747 140.765 2.04344 6.82487 23.3074 -61.5003 231.838 -418.512 -6.98883 -13.0249 -0.403864 -7.63008 -43.4403 0.205507 0.0908697 -0.86856 -0.559521 -9.89508
internal_weight=963.092 256.535 0.169579 256.366 1.98615 254.38 7.246 2.74031 1.04282 1.53223 247.134 48.956 1.00546 0.292391 47.9505 14.434 4.40043 0.101711 0.177987 0.0678678 1.09033 0.575441 10.0336 0.468283 0.0368671 706.556 423.544 8.03112 7.89763 0.314805
internal_count=83146 63312 774 62538 179 62359 2715 231 119 217 59644 6234 253 172 5981 5848 246 139 108 635 188 178 5602 487 103 19834 6154 4462 4280 312
cat_boundaries=0 1
cat_threshold=132
is_linear=0
shrinkage=0.05


Tree=4
num_leaves=31
num_cat=2
split_feature=0 1 1 5 1 3 1 2 1 2 1 2 1 1 1 1 5 1 1 3 5 2 2 1 1 2 2 2 2 1
split_gain=223134 7.65753e+07 1.44993e+08 1.78655e+08 628559 291578 5.1765e+06 1.16132e+07 131174 119381 989660 23466.6 545612 1.05528e+07 1.15138e+07 2.0123e+07 5594.05 4799.13 123712 3420.37 9950.95 41230.9 72088.6 86793.6 9938.61 9481.43 61806.5 172074 269455 615522
threshold=1.0000000180025095e-35 14.680450000000002 14.717500000000003 1.0000000180025095e-35 14.631350000000003 0 9.3922500000000024 10.655000000000003 13.794700000000001 3.5750000000000006 9.0681000000000029 9.2550000000000008 9.7701000000000011 1.0000000180025095e-35 9.6164500000000022 9.466350000000002 1.0000000180025095e-35 6.9776000000000007 6.9738500000000014 1 1.0000000180025095e-35 5.1250000000000009 4.3250000000000011 10.781950000000002 1.0000000180025095e-35 5.455000000000001 5.5250000000000012 6.9150000000000009 7.0850000000000009 8.4786500000000018
decision_type=2 2 2 2 2 9 2 2 2 2 2 2 2 2 2 2 2 2 2 9 2 2 2 2 2 2 2 2 2 2
left_child=1 4 -3 -4 5 6 7 -1 -8 10 -7 19 13 -13 15 -15 -9 18 -2 20 21 22 -11 -24 -23 -26 -27 -28 -29 -30
right_child=17 2 3 -5 -6 9 8 16 -10 11 -12 12 -14 14 -16 -17 -18 -19 -20 -21 -22 24 23 -25 25 26 27 28 29 -31
leaf_value=-0.30466686195474602 0.27379736986231384 -2.8026130753194218 1630.2703730282612 8216.7393275619525 79.906602034893453 -0.062958802045029391 -0.26533386293836286 300.96083472442172 9.7612983631590353 -0.63035665056529933 73.434701336879669 -0.050090077479535068 -0.001056706401025054 1276.5087486896689 79.696422635857971 -9.5224389844506234 285.90465331151785 0.083392670943645497 15.559960428188413 -0.070488420607682775 -0.92130757815110265 -0.050089838478008741 -129.12864560946349 -11.319156887072694 -0.35454974425414088 -0.35436988445426387 -5.5758736395645849 -10.322999486042232 -187.11899509621082 -1277.7394404738011
leaf_weight=0.9790135883357951 366.10140504044432 0.12747144054757403 0.055254373388411056 0.012653239011103261 0.25307159686053537 3.8748988953565342 16.986592014666822 0.41333738461253233 4.0372412836381129 0.086193457619110514 0.51940861802880745 6.8022499599025723 126.07642349341765 0.064627348764502823 0.25219956117845455 0.057464679365251348 0.072516721440479159 433.12832528866011 1.3284009632770892 104.70251152774786 8.7236455187926971 1.0412586182355879 0.031763650942593827 0.0307871973762434 0.17220078408718184 0.17227737750363303 0.044441317063778372 0.009728913037433895 0.0066801102420868119 0.0016044313938022928
leaf_count=698 13990 11 326 468 16 2251 173 240 77 65 105 3793 274 117 17 22 43 6054 2 52712 705 582 100 17 9 3 49 9 82 136
internal_value=0.618585 1.84564 991.358 2857.53 1.14367 1.07123 5.53222 98.871 1.6601 0.437906 8.62449 0.310648 0.762277 14.1724 272.647 671.216 298.714 0.196147 0.329063 -0.21256 -0.805296 -5.21432 -30.2829 -71.1434 -2.63951 -9.2653 -15.8023 -58.4143 -188.773 -398.335
internal_weight=1076.17 275.608 0.195379 0.0679076 275.412 275.159 22.4887 1.46487 21.0238 252.67 4.39431 248.276 133.253 7.17654 0.374292 0.122092 0.485854 800.558 367.43 115.023 10.3206 1.59694 0.148744 0.0625508 1.44819 0.406933 0.234732 0.0624548 0.0180135 0.00828454
internal_count=83146 63100 805 794 62295 62279 1231 981 250 61048 2356 58692 4223 3949 156 139 283 20046 13992 54469 1757 1052 182 117 870 288 279 276 227 218
cat_boundaries=0 1 2
cat_threshold=136 260
is_linear=0
shrinkage=0.05


Tree=5
num_leaves=31
num_cat=2
split_feature=4 6 0 5 3 0 0 11 0 0 0 0 3 11 5 0 0 0 5 11 11 0 5 11 0 11 5 0 0 0
split_gain=5791.99 15267.5 14558.6 21851 7814.25 11834.1 9675.73 4862.56 4477.54 2570.63 5493.49 4937.42 1597.76 1297.96 2669 170511 3675.59 596.029 524.909 2969.34 1008.65 516.669 1338.69 6220.3 11801 3901.78 367.626 283.872 311.946 237.57
threshold=1.0000000180025095e-35 1.0000000180025095e-35 0.69560000000000011 1.0000000180025095e-35 0 5.3996500000000003 0.21105000000000004 1.0000000180025095e-35 5.4615000000000009 13.71635 14.217000000000002 14.487500000000002 1 1.0000000180025095e-35 1.0000000180025095e-35 1.0000000180025095e-35 0.64970000000000006 7.7974000000000006 1.0000000180025095e-35 1.0000000180025095e-35 1.0000000180025095e-35 16.688450000000003 1.0000000180025095e-35 1.0000000180025095e-35 0.80425000000000013 1.0000000180025095e-35 1.0000000180025095e-35 11.326000000000002 12.798100000000002 15.874950000000002
decision_type=2 2 2 2 9 2 2 2 2 2 2 2 9 2 2 2 2 2 2 2 2 2 2 2 2 2 2 2 2 2
left_child=1 4 3 -3 5 7 18 26 -7 -8 -11 -12 13 14 16 -16 -2 -18 19 -6 -20 22 25 -24 -25 -14 -1 -4 -29 -17
right_child=12 2 27 -5 6 8 9 -9 -10 10 11 -13 21 -15 15 29 17 -19 20 -21 -22 -23 23 24 -26 -27 -28 28 -30 -31
leaf_value=-0.072204883206554146 -0.31356631490283493 -22.305657623614206 -0.18981553379935809 -4.8298092524369958 -2.2233529806892367 1.9555823091696709 -0.16538975621686905 -7.5787580284344758 -0.39688947893136095 -0.52792643494680891 -4.6334435299733832 -38.067349805258083 -1.1079156253371616 -0.1069075308932655 12.775110114399787 -0.22866630101774718 0.20822003884478602 0.10285247807817398 -2.4808996011712674 -7.1811094130890458 -1.1947442445234695 0.10757665591342587 -0.066802036352078042 -5.8874504648063795 -0.25155667319533676 0.24689747659843875 -0.93689063925595684 -1.0674463312586855 -5.2483808458490104 0.11097321629885004
leaf_weight=135.76599329326183 41.955726514550861 0.21246864936063925 1.3015958803557768 1.1310910795618607 5.0770023403763505 10.332685230532709 14.839720212908146 0.21652889819236421 2.5150300609463221 0.10464163531186298 0.021818178828792029 0.022358276143423214 5.7921278859437413 42.120099398487469 2.7173392157930882 5.4200791914354047 378.66085576201777 207.90152741107812 3.0652977924241713 0.32111827480733701 3.0323944660868336 103.06912376666139 99.837874186889721 1.3467276736746598 2.9932062999357529 64.414937862816714 1.2404502678925542 0.19658877507390563 0.057711348211738595 102.81891814172531
leaf_count=61108 2296 115 442 156 2783 13 4968 64 772 55 22 101 831 691 437 1272 1177 566 1912 73 94 27 1583 191 490 102 612 125 60 8
internal_value=0.0807703 -0.181903 -3.78071 -7.59342 -0.122802 0.0412447 -0.775219 -0.0918662 1.49507 -0.230963 -6.76972 -21.5548 0.12528 0.161009 0.178447 0.404529 0.138535 0.170873 -2.15918 -2.51828 -1.84129 0.0181713 -0.0336292 -0.147355 -2.00043 0.135125 -0.0800337 -0.488337 -2.01628 0.0939657
internal_weight=1238.5 179.454 2.89946 1.34356 176.555 150.071 26.4844 137.223 12.8477 14.9885 0.148818 0.0441765 1059.05 781.595 739.474 110.956 628.518 586.562 11.4958 5.39812 6.09769 277.454 174.385 104.178 4.33993 70.2071 137.006 1.5559 0.2543 108.239
internal_count=83146 73475 898 271 72577 62569 10008 61784 785 5146 178 123 9671 6447 5756 1717 4039 1743 4862 2856 2006 3224 3197 2264 681 933 61720 627 185 1280
cat_boundaries=0 1 2
cat_threshold=1546 140
is_linear=0
shrinkage=0.05


Tree=6
num_leaves=31
num_cat=0
split_feature=1 2 0 5 4 0 0 4 1 1 4 0 1 4 1 0 2 0 2 1 0 1 4 0 2 2 5 5 2 1
split_gain=7757.35 24040.9 55893.1 39735.6 40588.5 17599.5 19733.2 12435.3 7735.62 327022 4.24406e+06 3.06725e+07 9.19041e+07 10909.9 43835.1 588952 10382.1 18218.9 7086.55 4042.05 22942.2 27719.2 2125.04 18532.3 5724.85 53667.5 7181.3 5201.88 2054.16 5645.32
threshold=1.0000000180025095e-35 10.465000000000002 1.0000000180025095e-35 1.0000000180025095e-35 1.0000000180025095e-35 13.277750000000003 13.838100000000003 1.0000000180025095e-35 9.466350000000002 8.5848000000000013 1.0000000180025095e-35 4.0244500000000007 9.1236000000000015 1.0000000180025095e-35 14.275750000000002 1.4940000000000002 9.2550000000000008 5.2618000000000009 10.655000000000003 14.792150000000001 10.176900000000002 14.578600000000002 1.0000000180025095e-35 1.0000000180025095e-35 5.1250000000000009 3.7450000000000006 1.0000000180025095e-35 1.0000000180025095e-35 0.21500000000000002 11.203800000000003
decision_type=2 2 2 2 2 2 2 2 2 2 2 2 2 2 2 2 2 2 2 2 2 2 2 2 2 2 2 2 2 2
left_child=1 5 3 4 18 22 -7 -5 9 -2 16 12 -12 14 28 -16 -11 -18 -3 20 -17 -22 -1 24 25 27 -26 -24 -10 -30
right_child=8 2 -4 7 -6 6 -8 -9 13 10 11 -13 -14 -15 15 19 17 -19 -20 -21 21 -23 23 -25 26 -27 -28 -29 29 -31
leaf_value=-0.069474370187765325 0.17189981062343271 -0.050083118348939762 -0.050146781750914027 -9.2842083086518361 -3.7713536256921261 -0.050089397638594324 -50.660076591829309 -26.241761728974666 -0.058497758498554243 -0.22634662243721096 -0.044286675343891274 -0.82103610661824633 7674.1501954849009 0.036633453049493357 -92.457076109196763 -1.0775722158237941 -60.664450021921084 -0.050035274919641638 -34.005259259922305 -0.3966503752485015 -5.8696108243124367 -102.24623356585153 -0.050046750990125732 -0.059249349140340093 -0.050060105104390407 -66.151064725870071 -13.551942918828949 -17.171075320648118 -4.8494245700259917 -0.52879087820090676
leaf_weight=105.89231354981514 498.82443627641152 0.017262210967724845 5.0736017555309907 0.15161038020050899 1.787013616936747 0.04071138531435578 0.036554047383428961 0.37680099555291235 21.235876739257062 1.6899723054499305 0.01407247977619663 0.12970273454311609 0.0053976961626370805 699.46069182168833 0.18752320872651829 0.19465090461773701 0.019797270010127543 0.033163178741233423 0.13989016908453777 2.5996904948772177 0.017142439731662958 0.013209782593597872 0.16208734654344326 5.5216297803854104 0.26113729079952464 0.042316681996453553 0.15810791251715273 0.061084396855903833 0.85356032112070135 6.6158701195616674
leaf_count=54588 10245 16 2103 953 1609 25 69 236 155 2374 104 160 44 4096 400 147 70 50 509 873 76 71 187 1634 225 96 47 36 986 962
internal_value=0.061848 -0.322389 -3.05416 -9.21825 -5.91376 -0.13862 -23.9935 -21.3763 0.0991903 0.250597 20.998 276.965 2127.46 -0.00449455 -0.911483 -6.6496 -0.909484 -22.7085 -30.2755 -0.95309 -7.38221 -47.8143 -0.122178 -1.0214 -8.7801 -14.5253 -5.14196 -4.73625 -0.309348 -1.02253
internal_weight=1351.62 119.722 7.54618 2.47258 1.94417 112.176 0.0772654 0.528411 1231.89 500.717 1.89211 0.149173 0.0194702 731.178 31.7175 3.01222 1.74293 0.0529604 0.157152 2.82469 0.225003 0.0303522 112.099 6.20636 0.684734 0.265488 0.419245 0.223172 28.7053 7.46943
internal_count=83146 62333 5426 3323 2134 56907 94 1189 20813 13047 2802 308 148 7766 3670 1567 2494 120 525 1167 294 147 56813 2225 591 319 272 223 2103 1948
is_linear=0
shrinkage=0.05


Tree=7
num_leaves=31
num_cat=1
split_feature=8 2 1 1 2 5 1 3 2 11 2 1 1 1 2 2 5 1 1 2 1 1 2 1 1 1 1 1 2 1
split_gain=5215.88 8523.87 15212.7 3400.63 13796.4 10980.7 3865.23 3253.93 5013.85 3854.31 7415.1 42816.3 6372.38 4526.25 19024.6 16328.7 8306.85 5418.42 3259.4 3685.92 4511.49 3019.69 2213.04 2396.71 1941.92 1799.34 1783.32 3626.47 1473.61 1410.33
threshold=1.0000000180025095e-35 10.655000000000003 4.2579000000000002 1.0000000180025095e-35 10.655000000000003 1.0000000180025095e-35 5.9590000000000005 0 3.5750000000000006 1.0000000180025095e-35 7.3250000000000011 10.167800000000002 7.5999500000000006 8.9228500000000022 10.285000000000002 8.6050000000000022 1.0000000180025095e-35 9.466350000000002 15.028300000000002 2.2650000000000001 13.079150000000002 9.5106000000000019 9.2550000000000008 8.2338000000000005 9.2108000000000008 14.034400000000002 15.512300000000002 14.717500000000003 5.705000000000001 8.3430000000000017
decision_type=2 2 2 2 2 2 2 9 2 2 2 2 2 2 2 2 2 2 2 2 2 2 2 2 2 2 2 2 2 2
left_child=3 2 -2 4 -1 -6 -5 8 18 10 28 12 -12 22 15 16 21 24 19 -8 -21 -15 -14 -24 -16 -22 27 -13 -10 -25
right_child=1 -3 -4 6 5 -7 7 -9 9 -11 11 26 13 14 17 -17 -18 -19 -20 20 25 -23 23 29 -26 -27 -28 -29 -30 -31
leaf_value=-0.10833592393538104 -0.058675724954058865 -0.67431886391550511 -24.311090759834673 0.16863442292327555 -5.6251373009232672 -0.78137567198936975 -3.5363051231112053 0.023686074598163645 -2.1183081630392864 -0.061051742857024333 -41.236136124340739 -1.3510804314662359 -1.7559901833238598 -36.671217044393465 -17.323833591937181 -110.44615170737831 -60.888121928015607 -9.6205635173728012 -1.1372895034536414 -28.112678229705928 -3.8049302504141291 -0.05005087238428383 -24.183409450199971 -1.4337364344253836 -43.832569669830463 -16.112641722438752 -0.3253212320234608 -7.2683915590359263 -0.015915948443748985 -13.728041987868867
leaf_weight=107.66458515358858 0.13816375797614622 0.64235569289444094 0.12154110063256662 508.0578603076716 2.0448519182322524 2.7350245120327523 0.66780531512063246 696.45863341271195 0.9114113975032091 45.41692118323671 0.025494084423250352 1.6872209080967797 0.058613303068571571 0.0095573103132043646 0.011578222853125514 0.0086053086871171747 0.0172589636461975 0.16645257918585873 1.1833812198534022 0.033852873167784542 0.093213480014143396 0.013695482852767782 0.037292211311637402 0.036138094437774271 0.01713009110699204 0.043579578796710372 2.9665032496022858 0.30586471088463518 9.747337952041125 0.065799235802842304
leaf_count=57038 4 19 140 478 2821 2470 510 16559 211 702 85 377 166 57 46 71 80 217 156 59 87 68 36 15 64 63 70 93 234 150
internal_value=0.0360152 -3.76478 -11.4087 0.0384987 -0.225032 -2.85356 0.0618675 -0.00950744 -0.32586 -0.296617 -0.961708 -2.46613 -16.9294 -15.5277 -20.0806 -47.8948 -34.608 -13.0805 -2.82712 -5.21212 -11.7703 -15.102 -9.90627 -13.3374 -33.1414 -7.72593 -1.10247 -2.25917 -0.195688 -9.36955
internal_weight=1381.39 0.902061 0.259705 1380.49 112.444 4.77988 1268.04 759.983 63.5247 61.5029 16.086 5.4272 0.467615 0.442121 0.244278 0.0491171 0.0405118 0.195161 2.02183 0.838451 0.170646 0.0232528 0.197843 0.13923 0.0287083 0.136793 4.95959 1.99309 10.6587 0.101937
internal_count=83146 163 144 82983 62329 5291 20654 20176 3617 2742 2040 1595 1055 970 603 276 205 327 875 719 209 125 367 201 110 150 540 470 445 165
cat_boundaries=0 1
cat_threshold=516
is_linear=0
shrinkage=0.05


Tree=8
num_leaves=31
num_cat=0
split_feature=8 0 0 1 1 0 1 1 1 1 2 1 0 2 5 1 1 5 2 5 2 2 2 11 2 2 1 1 1 2
split_gain=135081 387401 8180.01 1.16711e+06 1.14339e+06 2.87025e+07 5039.26 4537.25 4008.39 3347.78 100851 6.17723e+06 1.41417e+07 4844.85 2744.9 1969.44 5906.84 26007.5 844.361 832.838 1934.06 12484.9 802.46 1330.59 4323.15 14955.7 12231.6 47289 91312.8 873.782
threshold=1.0000000180025095e-35 10.913500000000001 0.69560000000000011 14.536800000000001 14.717500000000003 0.52765000000000006 14.405750000000003 10.781950000000002 14.200250000000002 9.6849500000000024 10.615 9.466350000000002 1.0000000180025095e-35 8.6050000000000022 1.0000000180025095e-35 9.3503000000000025 9.5106000000000019 1.0000000180025095e-35 10.225000000000003 1.0000000180025095e-35 5.1750000000000007 3.4750000000000005 4.8250000000000011 1.0000000180025095e-35 3.7450000000000006 3.5750000000000006 10.361100000000002 10.781950000000002 14.163950000000002 4.8750000000000009
decision_type=2 2 2 2 2 2 2 2 2 2 2 2 2 2 2 2 2 2 2 2 2 2 2 2 2 2 2 2 2 2
left_child=2 7 3 6 -5 -6 9 -2 -9 10 13 12 -12 15 -15 19 -17 -18 -16 -1 21 -21 23 -11 25 26 -25 -28 -29 -24
right_child=1 -3 -4 4 5 -7 -8 8 -10 22 11 -13 -14 14 18 16 17 -19 -20 20 -22 -23 29 24 -26 -27 27 28 -30 -31
leaf_value=-0.10924148567557557 -0.55725671123407849 63.067306563729588 0.1119063348168923 -7.6063390870313157 -2247.18979913981 -0.46048681916304113 -6.9902149626967685 -2.7459010411915798 -15.187030227439202 -0.017807053451327385 -3171.1163296779505 -0.41393517557554127 -8.6427217052292882 -4.7169176956916692 -22.893120559601986 -3.4414698951320846 -237.99149606047797 -7.0669415344126882 -5.5461152210170441 -0.042302654232866652 -0.65936942160573386 -50.886337567952395 0.20508446738807665 -0.49660188491821933 -0.14709517959156801 -0.08230541367579422 -0.29904973181223665 -85.291813287322015 -5.4791496269943636 -0.00031606010155350107
leaf_weight=98.796945036335018 0.36715330178189381 0.32609732803627767 1008.2656888089695 0.24720700173565249 0.015352161677760406 0.19197829719632864 0.26245939409238772 0.1248685408984507 0.13445656001760145 42.008170064276797 0.0050771566011001959 1.0492346732713735 0.011637831169252877 0.2357035851307861 0.030643814184452094 0.10320098930620938 0.0014709498159555991 0.0071259776807761719 0.0090974108905870384 0.066480227370429051 0.32823382036449944 0.014753244908014412 76.460693359375 0.24375246465206435 9.2708091031415965 1.6329636722803116 0.22365818917751315 0.058657440490932591 0.092113083454705771 160.3888498424262
leaf_count=55932 15 37 18764 66 767 4 52 33 78 111 3329 25 28 928 273 267 296 19 100 179 865 60 2 3 69 10 2 116 21 695
internal_value=0.0493774 18.8716 0.0365708 -0.157321 -80.2309 -166.824 -0.064307 -4.13338 -9.19646 -0.0596584 -0.30814 -15.6059 -969.24 -0.144408 -6.76645 -0.126042 -6.75858 -46.5785 -18.9221 -0.118568 -2.36888 -9.27636 0.0264772 -0.148361 -0.62435 -2.58981 -9.21353 -14.8882 -36.5304 0.0659921
internal_weight=1400.97 0.952576 1400.02 391.756 0.454537 0.20733 391.302 0.626478 0.259325 391.039 100.66 1.06595 0.016715 99.5937 0.275445 99.3182 0.111798 0.00859693 0.0397412 99.2064 0.409467 0.0812335 290.38 53.5301 11.522 2.25114 0.618181 0.374429 0.150771 236.85
internal_count=83146 163 82983 64219 837 771 63382 126 111 63330 62301 3382 3357 58919 1301 57618 582 315 373 57036 1104 239 1029 332 221 152 142 139 137 697
is_linear=0
shrinkage=0.05


Tree=9
num_leaves=31
num_cat=4
split_feature=0 2 3 2 2 2 3 2 2 2 4 2 2 4 2 2 4 2 2 3 2 2 2 2 4 0 2 7 0 3
split_gain=129242 532756 251934 215392 274765 791851 21336 22093.7 198739 23042.2 56343 3854.36 2413.09 4077.28 1830.59 1533.73 1446.47 3924.73 1348.68 1305.44 873.824 10316.9 15264 6642.18 1293.09 859.681 1658.36 1852.57 4127.65 801.35
threshold=1.0000000180025095e-35 1.7050000000000003 0 1.9550000000000003 7.4050000000000011 4.3250000000000011 1 4.1250000000000009 4.0750000000000011 10.655000000000003 1.0000000180025095e-35 7.9850000000000012 9.8450000000000006 1.0000000180025095e-35 3.5750000000000006 4.8750000000000009 1.0000000180025095e-35 5.1250000000000009 2.1450000000000005 2 3.6150000000000007 3.4750000000000005 2.5050000000000003 3.3250000000000006 1.0000000180025095e-35 9.4417000000000026 1.9550000000000003 1.0000000180025095e-35 12.505550000000001 3
decision_type=2 2 9 2 2 2 9 2 2 2 2 2 2 2 2 2 2 2 2 9 2 2 2 2 2 2 2 2 2 9
left_child=1 -1 3 -3 5 -5 7 8 20 11 -11 16 13 -13 18 -16 17 -9 -8 -2 21 22 -4 24 -24 -21 27 28 -27 -17
right_child=19 2 6 4 -6 -7 14 9 -10 10 -12 12 -14 -15 15 29 -18 -19 -20 25 -22 -23 23 -25 -26 26 -28 -29 -30 -31
leaf_value=8.5590897515592737 0.11127637033702527 0.017545147730522292 -75.991615607615103 79.326154497091181 6.4373499139516541 -1.2478752536369073 -6.8618384022244392 -6.6349019119315402 28.164746160685123 9.7778193800134794 1.1211337029137878 -1.8841938875219864 -12.169145076841721 -19.218308908656098 0.1226367995265064 -0.049732551069569836 -0.21591510461872832 -0.65403528220748131 -1.3049655316491435 -0.069701487255930283 -0.19529257869838146 -0.15783694201560949 -4.1803232598748066 -57.776952463345516 -20.432974683514288 -4.0587288706950355 -0.48992978323835179 -0.58963046194783775 -24.270876830016999 -0.30777294805136318
leaf_weight=22.952604913249274 997.60717099134956 14.562161985610134 0.0098760124829947449 0.49971196759450387 25.509787566334658 0.78226509634072494 0.11744357995470611 0.32714676141108645 0.73319537639721266 1.983497892982 35.900487118893054 0.4774755405332119 0.085903458059806703 0.036518653277081758 96.504752833878484 127.02838327155804 19.401218289000433 1.6979558988653298 1.5538981756205057 27.686670131026517 2.2180179904919068 0.83064028853550553 0.072633655824392157 0.0069291774424471422 0.014718193960568199 0.1370744737336014 9.1388824248310883 0.19148382243247644 0.030965122957118896 36.158206886128667
leaf_count=708 8996 15 57 85 836 71 130 71 17 1290 1693 605 591 126 2481 49392 275 756 1430 9134 43 19 561 21 31 144 1701 5 66 1796
internal_value=0.392991 1.16936 0.706586 3.95559 7.57246 30.1597 0.166601 0.919523 4.71712 0.82668 1.57437 -0.459315 -4.41218 -3.11576 -0.0442937 -0.0353727 -0.348642 -1.62022 -1.69544 0.100788 -0.735685 -2.01789 -16.8516 -10.6566 -6.91878 -0.1659 -0.620969 -3.95191 -7.78328 -0.128816
internal_weight=1424.26 389.465 366.513 41.3539 26.7918 1.28198 325.159 63.7962 3.88601 59.9102 37.884 22.0262 0.599898 0.513994 261.363 259.691 21.4263 2.0251 1.67134 1034.79 3.15282 0.934797 0.104157 0.094281 0.0873518 37.1851 9.49841 0.359523 0.16804 163.187
internal_count=83146 63100 62392 1007 992 156 61385 6156 749 5407 2983 2424 1322 731 55229 53669 1102 827 1560 20046 732 689 670 613 592 11050 1916 215 210 51188
cat_boundaries=0 1 2 3 4
cat_threshold=136 4 156 1042
is_linear=0
shrinkage=0.05


Tree=10
num_leaves=31
num_cat=3
split_feature=0 1 1 3 1 1 1 1 1 1 1 1 1 3 1 1 3 1 1 0 1 1 1 0 0 0 1 11 1 1
split_gain=88510.7 3.73215e+06 6.39587e+06 352048 1.38011e+06 1.29072e+07 1.29752e+07 9.00803e+07 1.63932e+08 1.16923e+08 8.45765e+06 1.64998e+06 1.972e+06 6034.98 16745.8 30760.5 1184.2 4135.57 682.478 592.034 4411.17 33549.1 55717.4 41962.7 13862.5 13172.1 566.959 5537.53 7099.66 25617.3
threshold=1.0000000180025095e-35 14.405750000000003 14.680450000000002 0 1.0000000180025095e-35 14.233800000000002 11.813500000000003 9.7701000000000011 9.6164500000000022 7.172950000000001 8.1394500000000019 13.989350000000002 12.694800000000003 1 8.0022500000000019 1.0000000180025095e-35 2 17.203200000000006 11.516400000000003 9.9812500000000011 14.959550000000002 14.631350000000003 14.839450000000001 10.581100000000001 11.960000000000003 14.217000000000002 8.3901500000000002 1.0000000180025095e-35 10.167800000000002 8.6566500000000008
decision_type=2 2 2 9 2 2 2 2 2 2 2 2 2 9 2 2 9 2 2 2 2 2 2 2 2 2 2 2 2 2
left_child=1 3 -3 4 -1 6 7 8 9 -6 -11 12 -8 14 15 -5 -2 19 -15 -18 21 25 23 -23 -25 -21 -16 28 29 -28
right_child=16 2 -4 13 5 -7 11 -9 -10 10 -12 -13 -14 18 26 -17 17 -19 -20 20 -22 22 -24 24 -26 -27 27 -29 -30 -31
leaf_value=-0.14268775840723644 0.10415219025519665 -14.435105929558057 371.88912862933807 -0.32281602464099418 7723.2607880952637 0.020032014860077895 -2.197476004598828 -2.0137466592932238 209.88570640978173 1363.7040779443812 2907.6602842823349 -0.45677445508044417 162.36826746745393 -0.086608977282397664 0.038254183888458013 2.2581828119083149 -0.059251153622213275 -6.5960212470750221 0.085641490904013087 -0.44208223369874217 -0.13897648554732145 -59.493122859070141 -6.6581667603892063 -332.04096157171892 -165.17923006942411 -30.979827781618653 -0.47222528931432683 -0.14725469434437372 -1.4993778786043195 -29.561504115061066
leaf_weight=41.729587259288756 1012.8086172881992 0.25743278256353153 0.18350572885285854 19.782226807839507 0.013424652281292977 14.926908797784598 0.28640358462070753 0.50120608095171659 0.097393393529597416 0.01516879048427992 0.021360362154383482 0.77365494124574841 0.49957678558606172 81.198148926625862 12.93569425305475 27.720413970545643 26.088507377432681 0.25236580062701719 197.07732045322015 0.73745710679056142 6.6113888875844662 0.0067291258055348678 0.022699137197111183 0.0025603108386576196 0.0024223455704376774 0.037087648923766037 0.25050642898780318 22.59374930547316 1.6443045127651521 0.10845046258985225
leaf_count=842 8996 109 805 5354 35 18 36 42 13 33 77 22 91 54571 48 134 9333 51 215 712 635 26 74 55 27 137 46 168 122 319
internal_value=0.341326 0.952043 146.342 0.800192 4.07155 16.7108 129.537 317.489 1404.29 3732.98 2266.53 51.3791 102.402 0.153854 0.50076 1.18334 0.0947112 -0.169235 0.0341531 -0.171337 -0.56541 -4.05054 -52.359 -140.934 -250.92 -1.90433 -0.229716 -0.370644 -2.89013 -9.26087
internal_weight=1469.19 422.616 0.440939 422.175 58.8647 17.1351 2.20819 0.648553 0.147347 0.0499538 0.0365292 1.55964 0.78598 363.311 85.0353 47.5026 1046.57 33.7612 278.275 33.5089 7.42034 0.808956 0.0344109 0.0117118 0.00498266 0.774545 37.5327 24.597 2.00326 0.358957
internal_count=83146 63100 914 62186 1209 367 349 200 158 145 110 149 127 60977 6191 5488 20046 11050 54786 10999 1666 1031 182 108 82 849 703 655 487 365
cat_boundaries=0 1 2 3
cat_threshold=136 4 156
is_linear=0
shrinkage=0.05


Tree=11
num_leaves=31
num_cat=2
split_feature=3 1 0 0 0 0 1 5 0 0 0 1 1 1 1 1 1 1 1 1 1 1 0 5 1 3 1 0 0 0
split_gain=54203.9 5063.26 11706.3 54221.7 137767 301940 9116.36 134583 298785 564140 35776 439441 1.00384e+06 614959 31175.1 1.36737e+06 110868 1.28296e+06 6415.02 2679.1 12253.7 27723.9 56383.4 3344.02 2165.64 4098.7 13472.4 171676 484897 1994.56
threshold=0 1.0000000180025095e-35 13.277750000000003 14.000600000000002 14.217000000000002 14.487500000000002 9.1888000000000023 1.0000000180025095e-35 5.6553000000000013 14.000600000000002 1.0000000180025095e-35 6.1351000000000004 6.0884000000000009 4.2579000000000002 8.153850000000002 8.1394500000000019 7.9688500000000007 7.986250000000001 5.5978500000000011 11.516400000000003 9.5861000000000018 9.3503000000000025 0.52765000000000006 1.0000000180025095e-35 17.203200000000006 1 14.320600000000001 2.3031000000000001 0.46055000000000007 10.618350000000001
decision_type=9 2 2 2 2 2 2 2 2 2 2 2 2 2 2 2 2 2 2 2 2 2 2 2 2 9 2 2 2 2
left_child=-1 2 -2 -4 -5 -6 7 10 18 -10 11 12 13 -3 15 16 -13 -18 -9 20 21 -8 -23 -22 25 29 -27 28 -28 -21
right_child=1 6 3 4 5 -7 19 8 9 -11 -12 14 -14 -15 -16 -17 17 -19 -20 24 23 22 -24 -25 -26 26 27 -29 -30 -31
leaf_value=2.0267348703173349 -0.11107112224271268 98.688142494803571 -0.050068770272866638 -0.050041285761496745 -0.050055253847366046 -743.76333575136141 -8.686675813517768 -0.33678797454595721 -0.057384951369396531 117.28468875551512 0.12628290324202626 -0.20756563253733368 164.43100547980498 -0.20383428844235418 0.28294759970849637 169.28468861670572 169.2846841958368 -0.28987905064993602 5.5800685668128729 -0.070758167182089937 -0.23471060131930133 -282.92178961694214 -24.261128696565045 -3.8105681028791341 0.27155628552228589 -0.16272467283012032 -133.0829390331015 -0.46822735910675911 -0.12478874337545032 0.14257111211130177
leaf_weight=29.772310096347407 151.26933418738972 0.18739898110433617 0.080483473642797593 0.011837639041573308 0.0033868088485179831 0.0022858271460980293 0.17367838758049706 0.52853349746999079 0.2444838347442716 0.17628332809013614 587.99617466048915 11.40765045888047 0.12576826149597753 0.97566240455489606 57.708953984877589 0.12245860877286041 0.12245861195859298 1.2510632327757774 3.4373224588896423 168.44951229580516 7.2718071883819428 0.0028281363910033436 0.0082606513518907534 0.71839534763244461 101.88295874030985 44.228471244682162 0.095013756423797835 4.955264050669987 0.24642695450819396 313.4610205913379
leaf_count=195 61950 58 127 30 23 158 538 13 107 4 319 6693 80 544 3189 76 78 775 338 2200 732 417 139 411 90 1562 307 827 16 1150
internal_value=0.202664 0.150454 -0.122263 -17.3981 -97.1359 -299.734 0.183219 0.313047 9.04199 49.1039 0.255022 1.30782 30.2409 15.7302 0.779731 3.0015 1.40831 14.8288 4.79152 0.04878 -0.850585 -13.5806 -90.2312 -0.556214 0.0603891 0.0199057 -0.372829 -2.83113 -37.1235 0.0666205
internal_weight=1486.92 1457.15 151.367 0.0979937 0.0175103 0.00567264 1305.78 664.284 4.38662 0.420767 659.898 71.9014 1.28883 1.16306 70.6126 12.9036 12.7812 1.37352 3.96586 641.494 8.17497 0.184767 0.0110888 7.9902 633.319 531.436 49.5252 5.2967 0.341441 481.911
internal_count=83146 82951 62288 338 211 181 20663 12274 462 111 11812 11493 682 602 10811 7622 7546 853 351 8389 2237 1094 556 1143 6152 6062 2712 1150 323 3350
cat_boundaries=0 1 2
cat_threshold=2 280
is_linear=0
shrinkage=0.05


Tree=12
num_leaves=31
num_cat=2
split_feature=3 3 2 1 0 1 0 6 2 1 5 1 1 0 2 2 1 7 0 1 1 2 0 0 1 0 2 1 2 1
split_gain=151596 5234.58 7334.51 92493.2 5.49861e+06 329720 22839.7 79182.4 4816.77 4046.66 8572.21 24176.1 2720.03 1975.92 2721.2 5109.12 1924.07 156210 2.16913e+06 5.42163e+06 443654 2.08641e+06 2.88543e+06 1852.59 6507.95 67216.4 42602 1760.4 5664.49 21314.4
threshold=0 1 10.655000000000003 5.8903500000000006 0.80425000000000013 1.0000000180025095e-35 1.0000000180025095e-35 1.0000000180025095e-35 8.0150000000000023 5.749950000000001 1.0000000180025095e-35 9.6694000000000013 1.0000000180025095e-35 0.072350000000000012 10.055000000000001 8.0250000000000004 14.367050000000003 1.0000000180025095e-35 1.0000000180025095e-35 14.536800000000001 14.752250000000002 3.9250000000000003 10.581100000000001 16.688450000000003 14.405750000000003 3.3678000000000003 3.2850000000000006 11.813500000000003 1.7050000000000003 14.163950000000002
decision_type=9 9 2 2 2 2 2 2 2 2 2 2 2 2 2 2 2 2 2 2 2 2 2 2 2 2 2 2 2 2
left_child=-1 2 8 4 5 -4 7 -5 12 -10 11 -11 -2 14 15 -12 27 18 19 -18 21 -20 -23 24 -3 26 -26 -14 29 -29
right_child=1 23 3 6 -6 -7 -8 -9 9 10 13 -13 16 -15 -16 -17 17 -19 20 -21 -22 22 -24 -25 25 -27 -28 28 -30 -31
leaf_value=5.1225729850287518 -0.16911467095580723 -0.13904580291418261 -0.050083913383401027 3.7307277865459456 -0.052589758931044131 714.60771441382076 0.088217992990566985 -0.11559365442255649 -0.077013988894992155 -25.444735732241199 -0.30284354071225478 -1.9715586149532918 0.13122895196579773 -0.30598029459936826 -1.1289048415360445 -10.831665734860335 931.73626962066544 0.066979617853707776 -1.9709025863056562 65.576015493092001 -0.45250198058751023 -1.4917158824972896 662.2884941386734 0.081786699223129686 -7.100573922635447 -0.39347351445820555 -44.606877107854785 -18.753754744556712 -0.11982525750666158 -0.55064163652848264
leaf_weight=5.4535870489725484 70.758555890108823 127.73275898588246 0.0017090044690054587 20.354981721592289 1.6979444174692444 0.029015926644206047 203.92150113572302 39.052326803137213 5.0073314490790484 0.14573738275853465 0.21821909848438334 0.44353730758590959 652.77290373896722 2.1271477078604573 0.88486693232300728 0.24410977727625685 0.021720321401040438 197.4011679192414 0.27334121458199406 0.10739617576370949 4.5509791414230403 0.034682636392675888 0.03101068984743776 100.04289477510224 0.16054400801657714 3.998730837417233 0.14328218589270375 0.19514852943932703 32.557721398029791 0.91401000324579351
leaf_count=195 5219 62883 3126 341 1812 7 1389 195 2054 218 4 103 959 447 39 103 25 111 192 332 1045 53 33 38 28 637 162 457 855 84
internal_value=0.193867 0.139631 0.180707 0.41523 11.9431 674.856 0.339554 1.20229 0.118401 -1.02838 -2.20068 -7.77686 0.129241 -1.25491 -2.75322 -5.86206 0.152992 0.288461 8.99926 211.284 3.65811 58.8364 311.847 -0.0771786 -0.203472 -2.11612 -24.7883 0.113045 -0.239532 -3.75335
internal_weight=1471.28 1465.83 1233.75 265.057 1.72867 0.0307249 263.329 59.4073 968.69 9.07095 4.06362 0.589275 959.619 3.47434 1.3472 0.462329 888.86 202.42 5.01913 0.129116 4.89001 0.339035 0.0656933 232.078 132.035 4.30256 0.303826 686.44 33.6669 1.10916
internal_count=83146 82951 19203 6870 4945 3133 1925 536 12333 2968 914 321 9365 593 146 107 4146 1791 1680 357 1323 278 86 63748 63710 827 190 2355 1396 541
cat_boundaries=0 1 2
cat_threshold=2 396
is_linear=0
shrinkage=0.05


Tree=13
num_leaves=31
num_cat=2
split_feature=3 0 0 8 3 0 4 5 5 11 11 5 11 7 4 6 0 5 6 0 0 0 0 5 0 0 5 0 0 0
split_gain=113026 879169 1.03236e+06 8472.01 6007.35 16235.2 13327.1 37609.4 5711.24 5928.72 2082 2578.67 421.154 393.082 304.618 18639.7 70260.9 901.099 612.214 6119.43 545.894 747.559 358.605 139.77 565.45 114.762 193.17 374.669 596.182 1355.58
threshold=0 6.0706500000000014 4.6497500000000009 1.0000000180025095e-35 1 1.0000000180025095e-35 1.0000000180025095e-35 1.0000000180025095e-35 1.0000000180025095e-35 1.0000000180025095e-35 1.0000000180025095e-35 1.0000000180025095e-35 1.0000000180025095e-35 1.0000000180025095e-35 1.0000000180025095e-35 1.0000000180025095e-35 2.3613500000000003 1.0000000180025095e-35 1.0000000180025095e-35 0.21105000000000004 10.8573 11.681300000000002 1.0000000180025095e-35 1.0000000180025095e-35 15.874950000000002 10.129600000000002 1.0000000180025095e-35 12.596050000000002 13.417300000000003 13.71635
decision_type=9 2 2 2 9 2 2 2 2 2 2 2 2 2 2 2 2 2 2 2 2 2 2 2 2 2 2 2 2 2
left_child=1 2 -1 4 5 6 8 -8 -2 -10 13 -12 -9 14 15 22 -17 -16 19 -19 -18 -22 -6 -7 -25 -24 -27 -28 -29 -30
right_child=3 -3 -4 -5 10 23 7 12 9 -11 11 -13 -14 -15 17 16 20 18 -20 -21 21 -23 25 24 -26 26 27 28 29 -31
leaf_value=67.107950532695526 0.0038241574706777272 -0.306560901218076 -0.24202430436696823 -5.1076330728773049 -0.31887000900151347 0.098535328244591547 1.7052099327168759 -0.11697256049948426 2.0037339401285723 -0.86819862168844608 0.13603456578517623 -0.72604161180192062 -0.51633920684887469 -1.8048134879369044 -0.86481020667550157 -64.880079589030345 -0.29317069996448203 -8.1921938339485969 -0.033249217155656381 -0.15496561166254585 -2.8400179877260321 -22.405878088682801 -0.051353797916447244 -0.2265475951650919 0.076868171825897474 -0.28752005127253183 -1.5306124395039642 -0.050026464159597744 -0.050018195575612823 -42.933379335816092
leaf_weight=1.1979973410023697 82.686414693814086 7.5328858733921757 1.0836556255817411 0.77385274271955395 57.276214844890617 808.7811243785884 65.978329083693012 35.107030559106306 7.236759325339797 2.3906627244226595 93.43448571281229 9.5622715234493949 8.1301980691103619 0.40307096666143039 4.0287215572731361 0.053217646473121161 0.20566652718102965 0.25400707022337465 43.679541893377156 3.5023152229004122 0.017921179083360203 0.0067096481356255086 18.5393469333696 16.682937299585262 192.95065009656133 0.23584141150410382 0.066511872440684128 0.0070944282940783865 0.0038947835084002236 0.003497859738217951
leaf_count=86 2966 102 7 153 54348 3744 2347 448 1887 81 163 856 144 30 553 102 258 107 552 536 71 75 8044 5133 49 62 132 18 13 79
internal_value=0.174982 3.9276 35.1205 0.121728 0.125356 0.168861 0.580281 0.954099 0.13802 1.29058 -0.106806 0.055999 -0.192068 -0.245845 -0.240931 -0.304261 -13.1009 -0.146897 -0.0859249 -0.698453 -1.13561 -8.16993 -0.256607 0.089105 0.0527219 -0.0674794 -1.01104 -3.11768 -10.4041 -20.3405
internal_weight=1461.81 9.81454 2.28165 1452 1451.22 1219.94 201.529 109.216 92.3138 9.62742 231.28 102.997 43.2372 128.284 127.881 76.4159 0.283515 51.4646 47.4359 3.75632 0.230297 0.0246308 76.1324 1018.41 209.634 18.8562 0.31684 0.0809989 0.0144871 0.00739264
internal_count=83146 195 93 82951 82798 16799 7873 2939 4934 1968 65999 1019 592 64980 64950 63202 506 1748 1195 643 404 146 62696 8926 5182 8348 304 242 110 92
cat_boundaries=0 1 2
cat_threshold=2 156
is_linear=0
shrinkage=0.05


Tree=14
num_leaves=31
num_cat=3
split_feature=3 1 1 2 1 2 0 1 1 1 5 1 0 0 1 3 2 1 0 0 1 2 1 2 1 3 1 0 1 1
split_gain=122193 1.17714e+06 1.4323e+06 5948.59 216679 406896 24781.7 2.03566e+06 1.80428e+08 1.39001e+09 8173.56 16079 170324 617417 2.36144e+06 11121.7 30558.9 8120.14 86185.3 169700 635413 3307.49 21104.7 29786.3 2826.41 2800.95 7305.95 9361.72 6104.26 18619.1
threshold=0 16.577300000000005 16.810900000000004 10.655000000000003 16.577300000000005 7.535000000000001 1.0000000180025095e-35 12.694800000000003 10.167800000000002 9.9039000000000019 1.0000000180025095e-35 14.320600000000001 0.88170000000000015 0.46055000000000007 14.631350000000003 1 3.8050000000000002 14.959550000000002 8.3575000000000017 10.581100000000001 14.792150000000001 8.6050000000000022 5.749950000000001 10.225000000000003 14.717500000000003 2 10.781950000000002 3.3125500000000003 1.0000000180025095e-35 6.1351000000000004
decision_type=9 2 2 2 2 2 2 2 2 2 2 2 2 2 2 9 2 2 2 2 2 2 2 2 2 9 2 2 2 2
left_child=1 -1 -3 4 10 -6 7 8 9 -5 15 -12 13 14 -13 16 -2 18 -14 24 -21 25 -23 -24 -20 26 28 -28 -17 -30
right_child=3 2 -4 6 5 -7 -8 -9 -10 -11 11 12 17 -15 -16 21 -18 -19 19 20 -22 22 23 -25 -26 -27 27 -29 29 -31
leaf_value=-0.38556794508983588 -1.5832923535756391 -0.48469932767367424 89.813958967191297 47857.039294505812 81.621321106721268 -0.30574790364083554 0.075830647705183482 0.10747302273088306 -1.363704391396851 -23.162286952737695 -0.28266851844604618 -23.290946288708085 -0.12114745824716525 -0.10698916402004091 -710.86484159568636 -0.052560723072914733 11.165285925999378 -0.27923277023018517 -0.050032156749507187 -1018.7156490611204 -30.417223143584785 -0.059469507238586794 -53.389965113847531 -4.3994727785901411 -37.350509771792822 0.075384868868092814 -55.665118639586836 -4.027582309104619 -9.8977049529070982 -0.87063099381409936
leaf_weight=6.6016975533197693 0.63295745565769457 0.85933804612196862 0.89811430280775162 0.0017164878780804018 0.23427915412400735 0.42920757921422337 300.91348046927482 84.745059721263686 1.2260048258053362 0.012965703334543751 39.62065571108122 0.062370330563675469 0.2910135609501156 0.25392102310436382 0.015613666735589504 44.201235553657412 1.8265005974652433 4.3890386596798887 0.013780101816074392 0.0021596882254008081 0.0065860536401223116 0.96306772822077602 0.046798320841246174 0.092062608802709181 0.0080427907121339084 900.12428499845907 0.013485439112139678 0.02514125166829911 0.609296531342573 9.1412647615960587
leaf_count=107 121 13 75 3351 102 12 3757 464 64 9 5504 51 140 6 238 49082 84 1121 101 134 60 1030 157 30 53 4870 34 100 657 11619
internal_value=0.178026 4.23229 45.6608 0.122313 0.0589485 28.6229 0.28974 1.03833 64.6205 5574.49 0.0400409 -0.621113 -3.28038 -37.8995 -160.954 0.0708752 1.55635 -0.841152 -8.51037 -88.3759 -274.469 0.0502315 -2.68698 -20.91 -13.7971 0.0539192 -0.268235 -22.0554 -0.302354 -1.43472
internal_weight=1398.26 8.35915 1.75745 1389.9 1003 0.663487 386.899 85.9857 1.24069 0.0146822 1002.34 44.6632 5.04253 0.331905 0.077984 957.676 2.45946 4.71062 0.321582 0.0305686 0.00874574 955.217 1.10193 0.138861 0.0218229 954.115 53.9904 0.0386267 53.9518 9.75056
internal_count=83146 195 88 82951 75306 114 7645 3888 3424 3360 75192 7408 1904 295 289 67784 205 1609 488 348 194 67579 1217 187 154 66362 61492 134 61358 12276
cat_boundaries=0 1 2 3
cat_threshold=2 16 1536
is_linear=0
shrinkage=0.05


Tree=15
num_leaves=31
num_cat=3
split_feature=3 2 1 2 0 0 3 1 2 1 1 2 1 1 1 2 3 2 2 1 0 1 1 1 1 1 2 2 1 0
split_gain=141753 1.22213e+06 129935 8.90074e+06 1.2275e+09 6.25092e+09 5653.1 141409 22193 4292 210802 20639.3 6742.52 48342.6 159285 5158.05 3485.54 194101 676672 1.04053e+06 51105.5 26810.7 21345.8 44453.2 41193.7 15043.8 9396.96 7816.83 6467.98 25279.3
threshold=0 1.5650000000000002 1.0000000180025095e-35 10.655000000000003 1.3875500000000003 0.80425000000000013 1 6.1351000000000004 7.6150000000000011 7.9688500000000007 8.0022500000000019 7.9850000000000012 8.153850000000002 8.0861000000000018 8.1146000000000011 7.6150000000000011 2 4.4250000000000007 3.9250000000000003 14.034400000000002 14.746550000000001 14.116850000000001 14.405750000000003 14.959550000000002 14.717500000000003 14.792150000000001 10.655000000000003 4.8750000000000009 15.381700000000002 7.1156500000000014
decision_type=9 2 2 2 2 2 9 2 2 2 2 2 2 2 2 2 9 2 2 2 2 2 2 2 2 2 2 2 2 2
left_child=1 -1 3 -2 5 -5 7 8 -4 -9 11 -11 13 -12 -15 -16 17 18 28 -20 21 -19 -23 24 -24 -26 27 -25 -8 -30
right_child=2 -3 6 4 -6 -7 16 9 -10 10 12 -13 -14 14 15 -17 -18 20 19 -21 -22 22 23 26 25 -27 -28 -29 29 -31
leaf_value=48.42131071600015 -0.17765058947798756 -0.73534120687373472 -39.042129987008138 -116228.42401243218 -0.05005492043504417 -0.05006822481598782 -1.5695135013325083 -0.051392129950906432 -86.52545817641392 -173.79919046035019 -0.053497747152887444 -72.445505624091524 -0.072030856314385508 -0.051667511024811458 -120.78014103969895 -166.22291833803141 0.085605727489280414 0.09302995903479358 -0.17577855171225887 117.55755501112013 6.4331711628501669 -0.28873083189503385 -17.433900185448852 -46.385632236117374 -153.19366705206306 -70.480873828082593 -4.7641573980829275 -12.609790909796283 -67.091262883399267 -3.6024005120836105
leaf_weight=1.6734461518071553 102.03736736660261 5.1731948981917508 0.052578685388033931 0.0013856341144261597 1.1421289178069005 0.0070047691187937744 1.7465918724202638 4.3458043174464711 0.046257175651606662 0.018417353741824072 0.54048747150227461 0.0069065076531842342 2.3807025667471677 0.070831218617968261 0.011181964771822095 0.014141896623186767 1113.5480144723742 144.12689892747068 0.40972409553464495 0.34627921803645534 3.1428564920151976 1.6305526359500215 0.054619948593103526 0.018344430707315396 0.0071828019672819403 0.023427250285811007 1.3932854627773192 0.25876320271344944 0.018645251402631402 0.098543303840133656
leaf_count=70 57016 125 255 3243 2019 10 476 6654 405 120 535 31 4179 76 61 90 5194 628 37 68 52 173 220 50 64 131 432 523 44 165
internal_value=0.0254833 4.58408 -0.0302333 -1.73697 -140.03 -19194.6 0.107733 -0.794012 -61.2653 -1.05975 -2.49997 -146.157 -1.29429 -5.86489 -38.5307 -146.157 0.118396 0.336785 13.8517 53.7507 0.124126 -0.0102916 -4.408 -8.23381 -43.4562 -89.8898 -6.43663 -14.8457 -2.33248 -13.7038
internal_weight=1384.35 6.84664 1377.5 103.188 1.15052 0.0083904 1274.31 7.48731 0.0988359 7.38847 3.04267 0.0253239 3.01735 0.636643 0.0961551 0.0253239 1266.82 153.276 2.61978 0.756003 150.656 147.513 3.38618 1.75562 0.08523 0.0306101 1.67039 0.277108 1.86378 0.117189
internal_count=83146 195 82951 62288 5272 3253 20663 12406 660 11746 5092 151 4941 762 227 151 8257 3063 790 105 2273 2221 1593 1420 415 195 1005 573 685 209
cat_boundaries=0 1 2 3
cat_threshold=2 1024 768
is_linear=0
shrinkage=0.05


Tree=16
num_leaves=31
num_cat=3
split_feature=3 2 6 5 2 5 4 4 6 2 5 2 2 2 5 5 2 3 11 2 2 2 2 2 2 3 2 6 5 2
split_gain=169683 2.82047e+06 72569.5 175309 46438.7 32781.1 23581.4 2627.2 52760.3 123595 17419.2 16521.4 8402.01 7509.72 16211.3 3983.38 28146.8 3516.41 3097.3 98395.2 245510 56423 80070.6 2320.53 4424.15 1807.11 7834.31 7431.89 3921.22 1596.95
threshold=0 1.0000000180025095e-35 1.0000000180025095e-35 1.0000000180025095e-35 7.5950000000000006 1.0000000180025095e-35 1.0000000180025095e-35 1.0000000180025095e-35 1.0000000180025095e-35 3.7450000000000006 1.0000000180025095e-35 1.9550000000000003 9.2550000000000008 4.2750000000000012 1.0000000180025095e-35 1.0000000180025095e-35 10.565000000000003 1 1.0000000180025095e-35 4.4250000000000007 4.2750000000000012 3.9250000000000003 4.1650000000000009 5.0550000000000006 4.3250000000000011 2 10.515000000000002 1.0000000180025095e-35 1.0000000180025095e-35 3.9950000000000006
decision_type=9 2 2 2 2 2 2 2 2 2 2 2 2 2 2 2 2 9 2 2 2 2 2 2 2 9 2 2 2 2
left_child=1 -1 4 -4 -3 -6 -7 8 12 10 -10 -12 17 -11 -15 16 -14 23 25 20 21 -20 -23 24 -2 -9 27 -27 29 -29
right_child=7 2 3 -5 5 6 -8 18 9 13 11 -13 15 14 -16 -17 -18 -19 19 -21 -22 22 -24 -25 -26 26 -28 28 -30 -31
leaf_value=129.76447749203763 -0.32065823169671043 -0.37940779929252955 37.090719792284027 -2.7989496930652926 -1.3783271113794302 -2.6274491999623546 14.600809951549955 0.12146088056279508 -148.62348834942657 -0.36387507157320059 -135.59915437575629 -25.190014423610286 -3.7510769522653207 -42.791873802777452 -9.8332429414724771 -1.9556943697594271 -50.426254889543294 -0.29547445936231842 -1.5070627484354535 0.054291880122380821 40.283339069266127 19.799665357691843 -0.48186669250735714 0.17119331325422205 -6.0750387038749647 -0.93379228059876651 0.028391548015614054 -22.301633469548303 -4.4339759041946518 -10.27076445199549
leaf_weight=0.46548875487647201 17.326854310653278 5.8513830607593613 0.51118298043732124 0.59724896795876947 0.64269426342491076 0.23341760700844116 1.3324052128913406 687.6407359377788 0.016153627537383256 0.16623146890196955 0.005901919490395347 0.0079554565363421838 0.46004578499670812 0.040944733711181014 0.42022005723064632 1.7774356182621731 0.034738616393171218 65.273088114984716 2.4797147700053572 116.88588681181663 0.50527637321886487 0.99345929375764985 0.95391976457392524 165.82701652839361 0.34058551745981347 12.327143725347861 269.54928643777072 0.040330382438397983 0.60923143345377351 0.087264083591905461
leaf_count=53 2251 3570 95 102 189 154 185 1210 87 3 65 35 819 87 555 2452 864 60047 607 578 24 69 39 2362 141 2253 3680 90 435 45
internal_value=0.143493 4.75849 3.60191 15.5972 1.95226 8.12992 12.0326 0.0744417 -0.070631 -14.2168 -113.342 -72.2138 -0.0335859 -9.47522 -12.7595 -3.06023 -7.02812 -0.00594076 0.108559 0.346201 7.26378 3.49516 9.8648 0.107308 -0.431589 0.0787227 -0.0285534 -1.22536 -6.10323 -14.0735
internal_weight=1353.4 9.63382 9.16833 1.10843 8.0599 2.20852 1.56582 1343.77 251.697 0.657407 0.030011 0.0138574 251.04 0.627396 0.461165 2.27222 0.494784 248.768 1092.07 121.818 4.93237 4.42709 1.94738 183.494 17.6674 970.254 282.613 13.064 0.736826 0.127594
internal_count=83146 4348 4295 197 4098 528 339 78798 69768 832 187 100 68936 645 642 4135 1683 64801 9030 1317 739 715 108 4754 2392 7713 6503 2823 570 135
cat_boundaries=0 1 2 3
cat_threshold=514 12 136
is_linear=0
shrinkage=0.05


Tree=17
num_leaves=31
num_cat=2
split_feature=3 1 0 0 6 0 1 1 1 1 0 2 1 0 0 0 2 1 1 0 1 1 1 2 1 1 1 0 0 3
split_gain=159512 2.1282e+07 2.22187e+07 2.08173e+06 10582.3 8837.22 26267.1 2660.92 87999.4 8.24758e+06 7.43796e+07 1.79044e+08 2.06804e+08 1.72459e+06 430339 17641.3 2195.44 7579.44 19021.4 9828.59 2491.89 2088.66 2030.74 3460.63 7591.89 1942.44 1584.7 1142.38 898.988 878.094
threshold=0 16.577300000000005 8.2135000000000016 14.487500000000002 1.0000000180025095e-35 11.506600000000001 13.742700000000001 14.631350000000003 16.029050000000002 14.880550000000001 11.019700000000002 3.9250000000000003 14.752250000000002 2.3031000000000001 7.7317000000000009 1.9466000000000003 7.6550000000000011 14.275750000000002 8.5848000000000013 8.7969000000000026 13.836400000000001 10.361100000000002 13.529600000000002 1.7050000000000003 14.200250000000002 1.0000000180025095e-35 17.203200000000006 4.2961 10.660200000000001 1
decision_type=9 2 2 2 2 2 2 2 2 2 2 2 2 2 2 2 2 2 2 2 2 2 2 2 2 2 2 2 2 9
left_child=1 3 -3 4 16 6 -6 22 9 10 11 15 -13 -11 -14 -9 20 18 19 27 -1 -20 25 24 -24 -2 -10 -18 -21 -27
right_child=7 2 -4 -5 5 -7 -8 8 26 13 -12 12 14 -15 -16 -17 17 -19 21 28 -22 -23 23 -25 -26 29 -28 -29 -30 -31
leaf_value=-0.35046645530865689 -0.1949863384785831 1352.511035078682 -35.102879031367834 259.73559383630447 -2.1402551930834131 -2.7680906083982943 -39.266390726904909 -211.25329257015133 0.037407593318764996 -211.04035234977641 -5.0107628152057586 19040.974945949481 -1554.3494844787228 -0.64374164225671615 -146.76640812608017 -82.594671677957962 -94.660717104234351 -0.88336548959634165 -0.44110196301930915 -16.181240970398662 -9.6736142455709473 -7.0425523331041067 -14.91900721053433 -0.32717107711487647 -1.4346568622380182 -0.068296835742572656 0.2891452473960246 -61.958795262191963 -28.644199324156695 0.081170252351992822
leaf_weight=4.7507844519290776 79.801174462388303 0.059920251416434867 0.055632577284981943 0.076965253114576693 0.11992283391885381 0.24998682276413589 0.079044886276213644 0.0059184767304441138 263.10084923941241 0.099533595193421642 0.14115564053648311 0.0032251153306491883 0.0011580779971644972 4.5391510803326884 0.0010223808931186795 0.0048458625005085298 0.0042246244792780718 2.0252786256484874 0.22711890322911443 0.024730484955185261 0.07276882773555815 0.25362161279112794 0.12777239173384203 22.070551830644462 0.570225722207783 107.22548280595973 82.000134800498813 0.0072598171783511134 0.034873277396304081 758.75757476138153
leaf_count=3449 58677 56 44 50 20 50 97 39 526 454 110 84 58 1577 38 74 148 91 10 32 122 78 241 1241 158 12780 85 34 67 2656
internal_value=0.137467 4.80736 684.448 0.964481 -1.57276 -9.02644 -16.8895 0.0719745 0.190701 6.91695 362.951 3575.08 10999.6 -5.15828 -894.357 -153.334 -1.12059 -2.29877 -7.4935 -31.634 -0.491117 -3.92379 0.0298268 -0.436794 -3.90304 0.0410601 0.0972235 -73.9884 -23.4731 0.062812
internal_weight=1326.49 8.04213 0.115553 7.92658 7.84962 0.448955 0.198968 1318.45 349.897 4.79601 0.157326 0.0161699 0.00540557 4.63868 0.00218046 0.0107643 7.40066 2.57711 0.551829 0.0710882 4.82355 0.480741 968.553 22.7685 0.697998 945.784 345.101 0.0114844 0.0596038 865.983
internal_count=83146 4348 100 4248 4198 167 117 78798 3045 2434 403 293 180 2031 96 113 4031 460 369 281 3571 88 75753 1640 399 74113 611 182 99 15436
cat_boundaries=0 1 2
cat_threshold=514 1152
is_linear=0
shrinkage=0.05


Tree=18
num_leaves=31
num_cat=1
split_feature=3 0 0 1 11 1 0 1 0 1 1 2 0 4 2 2 2 1 2 2 1 1 4 0 11 2 4 2 1 2
split_gain=4740.7 3006.53 2389.63 696985 1.34847e+06 8.65011e+06 1.81938e+07 122530 663971 3.70529e+06 5034.96 23494.5 186048 370653 1.70471e+06 61486.4 4353.99 5012.67 14793.1 13498.2 2652.4 18407.8 162252 2.59173e+06 1895.69 10658 82176.2 124214 2223.08 1222.65
threshold=0 0.80425000000000013 4.8569000000000004 15.381700000000002 1.0000000180025095e-35 15.447300000000002 4.509500000000001 14.536800000000001 2.9017000000000004 15.350350000000002 9.1609500000000015 8.9050000000000029 0.80425000000000013 1.0000000180025095e-35 9.2550000000000008 10.385000000000003 4.4250000000000007 14.200250000000002 3.5750000000000006 0.84500000000000008 1.0000000180025095e-35 6.1351000000000004 1.0000000180025095e-35 1.8578500000000002 1.0000000180025095e-35 4.3750000000000009 1.0000000180025095e-35 3.9250000000000003 16.214600000000004 8.0650000000000031
decision_type=9 2 2 2 2 2 2 2 2 2 2 2 2 2 2 2 2 2 2 2 2 2 2 2 2 2 2 2 2 2
left_child=1 -1 3 7 5 -5 -7 10 9 -9 11 20 13 14 -13 -15 17 18 19 -12 -2 22 23 -22 -4 26 -26 28 -28 -23
right_child=2 -3 24 4 -6 6 -8 8 -10 -11 16 12 -14 15 -16 -17 -18 -19 -20 -21 21 29 -24 -25 25 -27 27 -29 -30 -31
leaf_value=0.36955221415134754 -0.20636654283951428 0.080803026875748973 0.038468017975561562 -23.040676852909023 -16.272444607873059 -4640.6115260557008 -8.7132412532140577 -853.89620921793073 -0.37523878004686928 -5.1838791686384607 -6.0422625563970236 -17.993780862406517 -0.14708235620714413 -7.7748008011060143 -1885.9352747860987 -106.16811000915855 0.076100802900570516 -0.28041163128975127 -1.1862199151354627 -26.383304584567778 -1119.338088859329 -0.40400004848978316 -0.10332319488853343 -0.054660091830897539 -1.7372297301883106 -0.37401189979803978 -0.050011251338859641 -222.23735921400339 -61.640684334020605 -2.7249148454644718
leaf_weight=111.67932458872849 66.126081872434924 467.62626709007338 422.84150534780196 0.045467961603229662 0.15615859907921192 0.0033508859637744913 0.0057717064172149281 0.015400914186377568 0.51962171080953923 0.07794632762670517 0.27579373418244429 0.005572965108618419 0.55115370774266681 0.038839294543950242 0.0015642521002895001 0.026857029628032769 263.43132232810649 4.018018349816491 1.5574423844284182 0.11580492988801611 0.005539233143360244 10.866707416042209 0.62770967347162809 0.077987335622310638 0.27869898827962725 6.8307233408006418 0.015088219267044511 0.011026554540466638 0.0016226538532464465 0.5987068311209186
leaf_count=301 52664 459 7822 25 64 392 6 339 56 14 102 107 461 88 2404 1923 2192 68 86 177 672 10269 9 4 575 652 422 74 8 711
internal_value=0.0271807 0.134153 -0.0533929 -0.151252 -91.0521 -304.962 -1710.09 -0.0963504 -22.4315 -145.209 -0.0570458 -0.408251 -10.0719 -85.1762 -427.387 -47.9985 0.0458482 -1.28973 -3.37048 -12.0576 -0.331242 -1.00939 -8.81478 -74.2822 0.0248283 -0.783256 -9.90565 -91.98 -6.03057 -0.525195
internal_weight=1358.43 579.306 779.127 349.149 0.210749 0.0545906 0.00912259 348.938 0.612969 0.0933472 348.325 78.9267 0.623987 0.0728335 0.00713722 0.0656963 269.398 5.96706 1.94904 0.391599 78.3027 12.1767 0.711236 0.0835266 429.979 7.13716 0.306436 0.0277374 0.0167109 11.4654
internal_count=83146 760 82386 72833 487 423 398 72346 409 353 71937 69312 4983 4522 2511 2011 2625 433 365 279 64329 11665 685 676 9553 1731 1079 504 430 10980
cat_boundaries=0 1
cat_threshold=8
is_linear=0
shrinkage=0.05


Tree=19
num_leaves=31
num_cat=1
split_feature=3 0 1 1 6 1 2 5 2 1 0 4 1 2 0 1 2 0 1 2 1 1 1 0 0 0 2 0 0 1
split_gain=142411 959400 7.39525e+06 127757 270500 3601 2773.06 2709.21 5463.02 22717.5 84584.6 5901.06 234999 2.99656e+06 7.4684e+06 63757.8 3063.45 30946.1 15015.5 2532.13 25267.4 43933.8 1564.13 1550.73 2339.41 3489.86 1354.77 19800.4 38336.7 142249
threshold=0 3.5699500000000004 14.233800000000002 16.810900000000004 1.0000000180025095e-35 10.781950000000002 6.9750000000000005 1.0000000180025095e-35 7.4750000000000005 14.320600000000001 2.3031000000000001 1.0000000180025095e-35 14.116850000000001 8.0350000000000019 7.7974000000000006 15.773200000000001 10.655000000000003 0.25075000000000008 11.516400000000003 1.7050000000000003 4.2579000000000002 5.5978500000000011 1.0000000180025095e-35 11.506600000000001 12.933400000000001 13.277750000000003 3.6150000000000007 12.505550000000001 5.151250000000001 15.238200000000001
decision_type=9 2 2 2 2 2 2 2 2 2 2 2 2 2 2 2 2 2 2 2 2 2 2 2 2 2 2 2 2 2
left_child=1 2 5 7 -5 19 -7 22 9 -9 -11 12 16 -14 -15 -16 -10 18 -18 -1 -21 -22 23 -2 -25 -26 -12 28 -28 -30
right_child=3 -3 -4 4 -6 6 -8 8 11 10 26 -13 13 14 15 -17 17 -19 -20 20 21 -23 -24 24 25 -27 27 -29 29 -31
leaf_value=-0.15080522519278738 -0.21235660302750858 0.03796701976961965 65.630530919256145 -4.4239109358094941 49.927145406044794 -6.2607005098362176 -1.0938629790344574 -0.39436740366517142 -0.11285128444684141 -35.071272220741349 -0.75811142698580314 -0.011578361369518966 -2.7952023844608838 -5079.4326814844435 -465.95486718610096 -0.050028766944619267 -153.62508772822338 -0.65213614706911693 -0.050023437604967053 -0.25041068559169249 -0.090859676008892554 -33.669216789907004 0.090382047685303085 -2.3834692288895547 -0.050106229076931387 -61.546399247935156 -1.6776659190879977 -1.0184545210924645 -529.06451108240947 -46.661810174813127
leaf_weight=23.364507475984329 42.435574078044148 177.21624649804681 4.9592903115352547 0.54300846842820516 0.3957789636400324 0.45795208531137976 0.59982099563534674 16.17259798265156 3.2442297966833031 0.22476942243696263 0.84440511989717115 203.58187074495268 0.054691053825908505 0.0010335901704581958 0.001180498528738123 0.0019427898864231457 0.0052088618419500422 0.08304126301631963 0.0022919343601014337 4.0138605020797025 0.2474700063467031 0.16065282763552816 858.40259403791254 0.021427998203838249 0.0043768723380708243 0.0048783413256514386 0.030747410082058092 0.4991580009214262 0.0017012766178446147 0.015017649939599408
leaf_count=276 54984 1109 237 80 39 98 34 3328 1441 213 610 2220 83 203 246 47 924 955 38 699 2 143 14422 86 18 77 34 48 189 263
internal_value=0.282382 1.44207 9.22972 0.0518985 18.4897 -0.467454 -3.33079 0.0369823 -0.118314 -0.959155 -6.61214 -0.0460481 -2.11387 -101.16 -1395.33 -176.146 -0.366021 -9.43739 -106.699 -0.358453 -1.4556 -13.3086 0.0757282 -0.220481 -11.457 -32.4643 -2.01358 -3.95297 -34.8125 -95.7499
internal_weight=1337.59 211.02 33.8036 1126.57 0.938787 28.8443 1.05777 1125.63 224.764 17.7884 1.6158 206.975 3.39362 0.0588479 0.00415688 0.00312329 3.33477 0.0905421 0.0075008 27.7865 4.42198 0.408123 900.869 42.4663 0.0306832 0.00925521 1.39103 0.546624 0.0474663 0.0167189
internal_count=83146 2598 1489 80548 119 1252 132 80429 10842 4685 1357 6157 3937 579 496 293 3358 1917 962 1120 844 145 69587 55165 181 95 1144 534 486 452
cat_boundaries=0 1
cat_threshold=130
is_linear=0
shrinkage=0.05


Tree=20
num_leaves=31
num_cat=1
split_feature=3 0 4 2 2 2 2 2 2 2 5 6 2 0 0 0 0 2 6 2 2 0 0 4 2 0 4 2 2 0
split_gain=148341 1.15683e+06 485716 972185 231624 1.12388e+06 334087 109593 6256.95 9679.4 3414.27 96426.4 2.06869e+06 9.2499e+06 19262.6 109273 192640 6495.07 9137.23 71706 95800.6 44196.8 7108.05 6609.6 210541 4.01158e+06 3433.78 4414.54 2588.83 11017.8
threshold=0 3.5699500000000004 1.0000000180025095e-35 1.0000000180025095e-35 0.74500000000000011 1.8350000000000002 1.4550000000000003 0.74500000000000011 8.4450000000000021 8.5250000000000004 1.0000000180025095e-35 1.0000000180025095e-35 4.1250000000000009 0.59055000000000013 12.410000000000002 8.680550000000002 5.151250000000001 7.4750000000000005 1.0000000180025095e-35 4.4650000000000007 2.5050000000000003 4.2607000000000008 6.255300000000001 1.0000000180025095e-35 10.325000000000001 0.25075000000000008 1.0000000180025095e-35 4.1650000000000009 0.91500000000000015 1.7587500000000003
decision_type=9 2 2 2 2 2 2 2 2 2 2 2 2 2 2 2 2 2 2 2 2 2 2 2 2 2 2 2 2 2
left_child=1 2 7 -4 -5 6 -6 -1 -9 -10 11 -2 13 -13 15 16 -14 18 26 20 21 -20 -23 24 -19 -26 -12 28 29 -28
right_child=10 -3 3 4 5 -7 -8 8 9 -11 17 12 14 -15 -16 -17 -18 23 19 -21 -22 22 -24 -25 25 -27 27 -29 -30 -31
leaf_value=7.6755256530559421 0.080281625381817129 0.036547288394072168 41.054235141748116 -0.47971162393153605 37.086266603701837 -1.6280501359466422 96.493680843344777 -2.447587967181756 -0.54506206365033016 -22.294122511116175 -0.38297571750415538 1553.9959785864826 -228.84318673606091 -12.905144675728046 -0.81320571610024772 -3.134236534633426 -7.8037063832261868 -0.67528441691764851 -375.12730890321478 -2.6808359886547048 -40.298000040511724 -0.050046349669154611 -178.60546713312655 -0.016146755938199742 -2201.6790314516179 -7.528500004837837 -65.983593831149889 -1.2521243849080625 -4.6174397576013044 -3.3181948227135751
leaf_weight=15.908239232874969 886.14927271163742 174.9539466221425 3.4868988009434299 3.4701626865426078 0.53544256533496115 2.1728211201880834 0.42410271055996418 2.5527167626458942 0.1012498350128085 0.10340181654758872 10.521806939210352 0.011799961605474085 0.015953310710045361 0.046674439201149831 0.39420880329491703 0.19490015834489044 0.025794744420090381 2.9598348236261134 0.0034659537486734062 0.53587660001011306 0.030980390789259658 0.00110943668504594 0.0011200990989512496 205.14685838678125 0.0021802038309070631 0.046800897360305953 0.0091000905585045012 3.5171677886184973 0.84471335376122758 0.03060141019456938
leaf_count=196 69175 1109 75 87 66 293 26 285 6 455 2505 60 113 132 31 81 44 1649 38 279 157 14 135 2256 1114 1186 25 592 814 148
internal_value=0.285366 1.49091 10.8581 19.6969 8.41778 18.2748 63.3433 6.08047 -3.12198 -11.5339 0.0503421 0.094823 18.7881 303.291 -7.5826 -18.8591 -92.2702 -0.123786 -1.11134 -7.30995 -74.9466 -263.416 -89.7547 -0.0502683 -2.37674 -105.193 -0.873524 -2.04616 -5.20391 -17.6819
internal_weight=1314.2 203.709 28.755 10.0894 6.60253 3.13237 0.959545 18.6656 2.75737 0.204652 1110.49 886.839 0.689331 0.0584744 0.630857 0.236648 0.0417481 223.652 15.4959 0.572552 0.0366759 0.00569549 0.00222954 208.156 3.00882 0.0489811 14.9234 4.40158 0.884415 0.0397015
internal_count=83146 2598 1489 547 472 385 92 942 746 461 80548 69636 461 192 269 238 157 10912 4707 623 344 187 149 6205 3949 2300 4084 1579 987 173
cat_boundaries=0 1
cat_threshold=130
is_linear=0
shrinkage=0.05


Tree=21
num_leaves=31
num_cat=1
split_feature=3 4 2 1 1 1 2 1 1 1 1 2 1 2 1 1 5 6 2 2 1 4 1 2 11 2 2 11 2 2
split_gain=166254 482853 1.34776e+06 9.88614e+06 1.16396e+07 156936 33379.7 195062 188840 501978 7394.73 3619.94 5505.43 4723.58 2966.52 4141.88 1991.8 20075.4 19569.2 60706.2 12024.9 3886.86 75170.2 487623 4.63907e+06 3970.09 17180.8 2446.72 7657.3 62064.3
threshold=0 1.0000000180025095e-35 0.74500000000000011 12.934450000000002 13.079150000000002 15.028300000000002 7.8550000000000013 5.749950000000001 15.477100000000002 9.8073000000000015 16.810900000000004 0.21500000000000002 11.516400000000003 2.0550000000000002 14.034400000000002 5.5978500000000011 1.0000000180025095e-35 1.0000000180025095e-35 1.0050000000000001 6.7750000000000012 13.529600000000002 1.0000000180025095e-35 14.792150000000001 1.0050000000000001 1.0000000180025095e-35 9.4050000000000029 10.255000000000001 1.0000000180025095e-35 4.7750000000000012 4.2150000000000007
decision_type=9 2 2 2 2 2 2 2 2 2 2 2 2 2 2 2 2 2 2 2 2 2 2 2 2 2 2 2 2 2
left_child=1 2 3 -1 -5 11 14 -8 9 -9 16 -3 -13 -14 15 -4 17 -2 -19 -20 -21 22 25 -24 -25 -18 -27 -23 29 -29
right_child=10 5 6 4 -6 -7 7 8 -10 -11 -12 12 13 -15 -16 -17 21 18 19 20 -22 27 23 24 -26 26 -28 28 -30 -31
leaf_value=-1.8640427334663496 0.078263113884889435 0.051779989564403751 -1.0165632039704329 -0.11121581921201036 482.83692720185695 3.06954810484328 -0.55725009883663368 -623.42810647945362 -24.409129551228261 -46.965580492541804 -4.9113258724060813 -0.84570711973344093 -3.4428125243981151 -15.818249501391263 -0.43322531476752318 -8.7515610508369743 -0.32053772757901355 -1.6568028599982942 -71.090962745388637 -1.0869215795254121 -19.485138659256563 -0.0094354558080766652 -3.2795053444447912 -2624.3791990165246 -32.072630788978387 -1.727595815533145 -44.520273222542883 -63.174682049535434 -0.45025628064927781 -1.6316365797655799
leaf_weight=2.3270494977328986 874.36009102993069 101.73391587465586 0.46755993202362223 0.2474574595807017 0.25161968302704135 66.988503715794963 0.19724928588343388 0.005855196900823016 0.020524452521353709 0.010637033272087943 0.75637227361494197 5.0845949509719492 0.25330657866789191 0.11084874217331159 3.9288842404494142 0.27477787795710285 10.425504444120467 0.73245145817930524 0.043574169133768437 0.21559222474007811 0.15102469795208173 223.99673595021224 0.17054095063555796 0.0018861962975944549 0.020298786226603416 0.17932422206587373 0.026985151537828878 0.044334390389570766 12.75472375194374 0.53919138334009153
leaf_count=188 69143 137 163 4 151 246 617 104 22 50 119 554 74 95 96 97 3425 59 188 30 167 3040 102 585 100 300 2121 568 512 89
internal_value=0.265192 1.62452 13.9406 41.444 243.377 1.17107 -1.90458 -20.3221 -125.642 -251.626 0.0305678 -0.0154672 -1.27104 -7.20989 -0.980928 -3.87969 0.0341664 0.0696078 -6.55352 -15.2973 -8.66591 -0.0908704 -1.01744 -31.9647 -252.474 -0.456456 -7.32485 -0.0486105 -0.7065 -6.30748
internal_weight=1306.32 181.903 7.73161 2.82613 0.499077 174.171 4.90549 0.234266 0.0370167 0.0164922 1124.42 107.183 5.44875 0.364155 4.67122 0.742338 1123.66 875.503 1.14264 0.410191 0.366617 248.16 10.8245 0.192726 0.022185 10.6318 0.206309 237.335 13.3382 0.583526
internal_count=83146 2598 1492 343 155 1106 1149 793 176 154 80548 860 723 169 356 260 80429 69587 444 385 197 10842 6633 787 685 5846 2421 4209 1169 657
cat_boundaries=0 1
cat_threshold=130
is_linear=0
shrinkage=0.05


Tree=22
num_leaves=31
num_cat=1
split_feature=1 3 1 2 2 1 2 1 4 1 1 2 2 2 2 2 1 1 6 1 2 1 1 2 1 2 2 1 2 1
split_gain=1.53713e+06 90091.4 5.61989e+06 1.92753e+07 1.18832e+07 194018 30838.8 111758 21324.4 52565.4 4113.46 2698.71 5061.76 14762 8479.89 2422.8 1506.35 21111.7 106809 850570 911068 6.50515e+06 57521.9 26833.5 150415 444297 29742 10852.5 4182.56 8332.84
threshold=16.810900000000004 0 15.028300000000002 0.74500000000000011 0.50500000000000012 16.086200000000002 3.9950000000000006 12.057050000000002 1.0000000180025095e-35 5.5978500000000011 1.0000000180025095e-35 0.60500000000000009 0.74500000000000011 1.8350000000000002 1.1050000000000002 1.0000000180025095e-35 14.449450000000002 16.029050000000002 1.0000000180025095e-35 15.512300000000002 6.2950000000000008 15.350350000000002 15.381700000000002 5.6550000000000011 14.994250000000003 1.7050000000000003 0.31500000000000006 15.773200000000001 5.705000000000001 15.070250000000003
decision_type=2 9 2 2 2 2 2 2 2 2 2 2 2 2 2 2 2 2 2 2 2 2 2 2 2 2 2 2 2 2
left_child=1 2 6 4 -4 -5 10 8 9 -8 11 15 -13 14 -14 -1 -3 18 23 20 -20 -22 -23 24 -18 26 -26 -21 -25 -30
right_child=-2 16 3 5 -6 -7 7 -9 -10 -11 -12 12 13 -15 -16 -17 17 -19 19 27 21 22 -24 28 25 -27 -28 -29 29 -31
leaf_value=-1.968644343001305 28.348319699738099 0.065359473422432535 629.81378986646791 -2.2310188609283075 101.3045622614425 32.56683855614579 -1.187162073295823 17.280697640906521 -0.58761378113644269 -43.434114864671216 0.018568821392556355 -0.13733169873065382 -41.596906626082223 -1.579244846197158 -13.379720095868734 -0.21003682604006607 -5.5072001400384281 0.042386458013337305 -105.2768780206186 -21.895486470389258 -4012.5470205855995 -52.204116640535247 -325.35176052862602 0.051063264194177463 -18.688534329463337 -668.94318812980237 -132.24695803652466 -4.2438135071205521 -7.9387574726152765 -1.1084380497673931
leaf_weight=2.9228969962059033 4.862782520154723 861.96079103940497 0.22696186537536323 1.2343607682236728 0.2001499105244875 0.59301141438450811 0.2200627522834685 1.1099582193087427 0.9535306943287174 0.110650846798516 105.04688875130103 0.47575152637727958 0.038510764314402493 0.29556623236305768 0.086275534298815168 5.9356556619895855 0.48753505817345155 232.53164137655358 0.023758470161169824 0.1098970918184613 0.001271028988776725 0.0047843483768855166 0.0032277727378429884 8.4558591842651349 0.018778439729743204 0.0032890158835112626 0.0083209033476428426 0.41931699343725004 0.49138218399021916 4.8920445903363774
leaf_count=192 225 77351 82 140 21 52 739 111 303 180 307 24 64 54 74 149 325 434 243 243 432 22 98 4 55 192 134 204 293 399
internal_value=0.292385 0.181364 1.42907 79.7426 382.148 9.06144 0.0444951 5.66087 -4.38202 -15.3222 -0.0726352 -1.0548 -3.66964 -7.66748 -22.0879 -0.790293 0.0338377 -0.0745963 -1.89787 -23.2758 -269.394 -689.42 -162.245 -1.06066 -12.2344 -120.162 -53.5569 -7.90938 -0.642498 -1.73189
internal_weight=1233.72 1228.86 119.45 2.25448 0.427112 1.82737 117.196 2.3942 1.28424 0.330714 114.802 9.75466 0.896104 0.420353 0.124786 8.85855 1109.41 247.451 14.9195 0.562256 0.0330416 0.00928315 0.00801212 14.3572 0.517923 0.0303884 0.0270993 0.529214 13.8393 5.38343
internal_count=83146 82921 2492 295 103 192 2197 1333 1222 919 864 557 216 192 138 341 80429 3078 2644 1242 795 552 120 1402 706 381 189 447 696 692
cat_boundaries=0 1
cat_threshold=130
is_linear=0
shrinkage=0.05


Tree=23
num_leaves=31
num_cat=0
split_feature=2 0 4 2 2 2 2 5 2 0 0 2 2 0 5 6 0 4 2 0 11 11 2 0 2 2 0 2 0 2
split_gain=48238.7 360761 291494 1.48986e+06 60138.9 56160.3 27536.7 16727.9 11550.3 165050 227014 175944 16798.2 1082.82 1059.29 12504 24142.3 6458.02 19825 160257 2.42012e+06 2341.81 5845.87 3228.72 11743.9 1331.68 3913.35 976.122 3332.81 9665.89
threshold=1.8350000000000002 1.0000000180025095e-35 1.0000000180025095e-35 0.115 0.74500000000000011 1.5650000000000002 1.7050000000000003 1.0000000180025095e-35 2.5050000000000003 0.88170000000000015 0.072350000000000012 2.2650000000000001 2.4050000000000007 12.505550000000001 1.0000000180025095e-35 1.0000000180025095e-35 7.8705000000000007 1.0000000180025095e-35 9.2550000000000008 5.4615000000000009 1.0000000180025095e-35 1.0000000180025095e-35 4.9250000000000007 0.34005000000000007 4.7750000000000012 3.5250000000000004 1.0000000180025095e-35 7.8850000000000007 1.2252500000000002 8.0550000000000015
decision_type=2 2 2 2 2 2 2 2 2 2 2 2 2 2 2 2 2 2 2 2 2 2 2 2 2 2 2 2 2 2
left_child=1 2 7 -4 -5 -6 -3 -1 9 10 11 -2 -13 -11 15 -10 -17 18 25 20 -20 -19 23 24 -23 26 -16 -27 29 -29
right_child=8 6 3 4 5 -7 -8 -9 14 13 -12 12 -14 -15 17 16 -18 21 19 -21 -22 22 -24 -25 -26 27 -28 28 -30 -31
leaf_value=2.5808564310462114 -656.06692763968249 0.04301327054196049 43.651087378381106 -0.25508460001985844 10.269301094643579 -0.67884722649187401 3.4801500754994579 -0.63438459523684998 0.042171329229718273 -1.1087960973301199 -0.050118777152515892 -273.5382731345241 -106.09389991452338 -8.1364212320951577 -30.769676134506671 -18.093609408763385 -1.1504088057386921 -0.01708976712534626 -1627.5361371191566 -2.0183785609049321 -6.8639910859909152 -25.07846002525261 -0.51784183976857157 -1.8524426106340817 -2.2112087638805202 -0.62814844247105817 -1.8012919814502486 -3.0010405935986912 -0.70158204247726186 -39.764018445455157
leaf_weight=28.331791700449273 0.0028962664753329698 340.41242628892439 2.7664896738195806 6.5867706751450887 3.7452551377275922 1.704425633768764 5.9286735411102418 4.7191414474155513 584.34101632698321 0.48129642716077342 0.011549283538226656 0.0027423479397228339 0.0033005199599409622 0.061857113792016805 0.014648708256743311 0.27486939095788898 0.89425718661558906 216.85468271504001 0.0024577782963853398 0.35546880411193937 0.036694332648946656 0.085903544178259794 10.835534616622757 0.22416630440466084 0.16208844548154211 4.4701057745190518 0.057112196585132051 0.084725122971796935 0.35354187946083465 0.022662139954153476
leaf_count=308 247 2511 111 54 103 41 135 115 68800 483 15 80 83 56 79 186 171 2803 1615 1305 33 102 508 366 15 1945 242 87 357 190
internal_value=0.209592 0.664102 4.73338 10.5644 2.95967 6.84519 0.10185 2.12177 -0.00900057 -7.16409 -146.474 -335.653 -182.083 -1.90914 -0.00407681 0.031836 -5.13387 -0.0941065 -1.80353 -12.593 -108.602 -0.0536683 -0.755157 -6.2013 -10.1323 -0.952456 -7.71467 -0.854046 -3.04481 -10.7592
internal_weight=1213.83 394.195 47.8539 14.8029 12.0365 5.44968 346.341 33.0509 819.634 0.563642 0.0204884 0.00893913 0.00604287 0.543154 819.07 585.51 1.16913 233.56 5.39742 0.394621 0.0391521 228.162 11.3077 0.472158 0.247992 5.0028 0.0717609 4.93103 0.460929 0.107387
internal_count=83146 3378 732 309 198 144 2646 423 79768 964 425 410 163 539 78804 69157 357 9647 5853 2953 1648 3794 991 483 117 2900 321 2579 634 277
is_linear=0
shrinkage=0.05


Tree=24
num_leaves=31
num_cat=0
split_feature=1 1 7 0 0 0 1 1 5 0 0 0 1 1 0 0 0 4 1 1 1 0 1 5 0 1 1 1 1 5
split_gain=97059.5 11047.6 208974 4.43267e+06 7.59313e+07 7.66954e+08 77525 383741 3.73853e+06 2.5386e+06 106763 42657.1 12431.2 5107.38 10696.7 53090.5 97813.4 2551.06 5433.41 287951 2.56084e+06 1952.6 1711.63 1177.4 1563.82 1933.53 1908.24 2367.14 877.973 476.991
threshold=16.577300000000005 15.447300000000002 1.0000000180025095e-35 9.770500000000002 6.5633000000000008 4.509500000000001 14.536800000000001 15.028300000000002 1.0000000180025095e-35 10.476950000000002 9.770500000000002 4.2924500000000014 15.350350000000002 1.0000000180025095e-35 12.690450000000002 14.000600000000002 14.217000000000002 1.0000000180025095e-35 9.6694000000000013 12.822250000000002 9.8073000000000015 9.0492500000000025 16.434000000000001 1.0000000180025095e-35 1.3875500000000003 8.5462500000000023 8.7801000000000027 9.0681000000000029 16.086200000000002 1.0000000180025095e-35
decision_type=2 2 2 2 2 2 2 2 2 2 2 2 2 2 2 2 2 2 2 2 2 2 2 2 2 2 2 2 2 2
left_child=1 6 3 4 5 -3 13 8 10 -10 -8 12 -9 14 -1 -16 -17 18 23 20 -20 22 28 -15 25 -25 -27 -28 -6 -22
right_child=-2 2 -4 -5 21 -7 7 11 9 -11 -12 -13 -14 17 15 16 -18 -19 19 -21 29 -23 -24 24 -26 26 27 -29 -30 -31
leaf_value=-0.39870542046518215 1.8244588418062826 42624.652511261142 0.19946982148423487 -0.76492929339295723 -13.319151513539438 -4.5650872037719514 -133.14564923757578 -27.263542763026432 -2471.9393931882832 -341.01121052556528 -12.38288158092799 -0.90626787338572568 -9.9093758227056128 0.082951392501513732 -1.6740872059399565 -0.050031747809467564 -425.97925582971794 0.046309851366333851 173.45153303653004 0.10586158412536749 -2.348958092879847 -0.05934705788674937 -0.050663963693235697 -3.2765995072030862 -0.17487781168540523 -4.9312265475579258 -13.110683779668031 -49.982647103401668 -32.042665293474407 -0.31674832619531051
leaf_weight=50.259454014134505 88.684388969686097 0.0011662134552242213 134.98720398073851 3.6513355448188936 0.018840858840760252 0.011074337104232444 0.022540334259399025 0.2096026007129782 0.0026700224933393526 0.0029328857783415085 0.097328442032394907 1.8068987328445645 0.20326107750269151 195.36817419198718 0.030787383786953192 0.0034067123551708139 0.0022304175398823812 691.00931688947742 0.23755239889378721 88.296442477143259 0.35537443392704027 0.14797321736971009 0.018748317178761909 0.20146330241631111 0.41214223437760827 0.020487388898573034 0.011484897368063686 0.0070094495173751515 0.0093771911273525833 1.5400245314526668
leaf_count=61878 300 356 81 684 178 71 140 164 402 280 90 618 56 12553 234 30 191 2400 243 983 280 96 11 142 208 25 38 70 33 311
internal_value=0.229733 0.108746 0.527424 12.0007 236.981 4056.92 0.0523129 -9.02804 -94.098 -1356.49 -35.0913 -4.21948 -18.7197 0.0730333 -0.418335 -27.5041 -168.576 0.098317 0.223775 0.544386 18.6977 -2.87856 -11.7608 0.0758691 -2.04439 -5.24888 -15.4419 -27.0853 -19.5412 -0.697774
internal_weight=1257.63 1168.95 138.846 3.85852 0.20718 0.0122406 1030.1 2.34523 0.125472 0.00560291 0.119869 2.21976 0.412864 1027.76 50.2959 0.0364245 0.00563713 977.459 286.45 90.4294 2.13295 0.19494 0.0469664 196.021 0.652587 0.240445 0.0389817 0.0184943 0.028218 1.8954
internal_count=83146 82846 1510 1429 745 427 81336 1750 912 682 230 838 220 79586 62333 455 221 17253 14853 1817 834 318 222 13036 483 275 133 108 211 591
is_linear=0
shrinkage=0.05


Tree=25
num_leaves=31
num_cat=0
split_feature=1 6 1 1 0 0 2 1 0 2 1 5 1 0 2 2 1 2 1 2 0 1 1 1 2 2 2 2 2 2
split_gain=358480 6083.51 226279 1.16274e+06 2.04063e+07 3.29643e+07 54507.1 146333 19509 9319.67 4235.39 3502.2 27172 534323 2193.47 2061.13 1984.38 1176.7 11338.9 27538.1 12620.7 57169.1 165751 562823 248653 299001 933735 49690.2 298785 355664
threshold=16.577300000000005 1.0000000180025095e-35 14.405750000000003 16.029050000000002 8.680550000000002 7.6239000000000008 2.1450000000000005 15.581400000000002 11.326000000000002 7.0850000000000009 1.0000000180025095e-35 1.0000000180025095e-35 14.449450000000002 8.0966500000000021 1.0000000180025095e-35 7.535000000000001 16.086200000000002 5.1250000000000009 6.8436500000000011 7.2150000000000007 2.0806500000000008 8.6037500000000033 9.9039000000000019 9.1888000000000023 8.0350000000000019 8.0550000000000015 8.0650000000000031 8.0550000000000015 8.0950000000000006 8.1050000000000022
decision_type=2 2 2 2 2 2 2 2 2 2 2 2 2 2 2 2 2 2 2 2 2 2 2 2 2 2 2 2 2 2
left_child=1 10 -3 4 5 -4 -6 -8 -5 -9 14 16 -13 -14 -1 -15 17 -12 -19 -20 21 27 23 24 -23 -26 -27 -21 -29 -30
right_child=-2 2 3 8 6 -7 7 9 -10 -11 11 12 13 15 -16 -17 -18 18 19 20 -22 22 -24 -25 25 26 -28 28 29 -31
leaf_value=-1.3596887672874123 5.9041264340142261 -0.03532423104562598 -9773.128056024203 -23.277374745909103 -11.255488008057988 -66.819279432076826 -515.60087051225889 -128.28328480542038 -1.3508989348378586 -0.050113260062793388 0.11098161202025961 -0.069088714017311537 -115.62462675372655 -5.1264384709810455 -0.29722186421218727 -0.448585292605018 0.37106097912140729 0.078413123046984862 -0.082958387652090917 -1.3086093133219932 -1.309737096508842 -5.091279651640531 -5.0420444832360829 -259.65377089705891 -15.278660110364601 -0.050005219021053218 -1923.8907849362713 -14.124851535504298 -112.94995625366435 -1079.7021432774641
leaf_weight=5.5375558822093884 26.552756840962729 31.423388502255325 0.0014325067262489694 0.12920503468804362 0.062479792008709227 0.002246545937870222 0.0020366565922031237 0.0019495698635245973 0.47219059064045782 0.0051858667223098351 675.85764721371834 104.49362444084854 0.10513232698851727 0.25867596434852247 39.574512256717881 2.6258717815626054 61.983634960568338 200.63077510221683 11.688766547810751 1.8197692375542884 1.5462186458321143 0.12893565761261863 0.4804675966919712 0.029841784353273282 0.0032832842116483343 0.0016696017701178789 0.0010135973924971786 0.0426294150911114 0.0026572198421490603 0.0014819588068348821
leaf_count=314 300 539 508 148 123 116 456 90 79 74 714 2580 528 488 61995 335 57 3980 296 5376 689 1239 195 1127 33 19 130 405 104 109
internal_value=0.161072 0.0271775 -0.651379 -29.2575 -214.439 -3846.15 -27.9644 -141.784 -6.06163 -35.0864 0.0468572 0.0670188 -0.203559 -4.9035 -0.427641 -0.868078 0.0974967 0.0784922 -0.0229888 -1.31496 -4.86368 -7.05147 -19.8816 -63.1603 -19.6939 -335.256 -726.794 -2.61645 -53.5047 -459.078
internal_weight=1165.47 1138.91 32.1001 0.676727 0.0753309 0.00367905 0.0716519 0.00917209 0.601396 0.00713544 1106.81 1061.7 107.483 2.98968 45.1121 2.88455 954.219 892.235 216.378 15.7467 4.05797 2.51175 0.645212 0.164744 0.134902 0.00596648 0.0026832 1.86654 0.0467686 0.00413918
internal_count=83146 82846 2133 1594 1367 624 743 620 227 164 80713 18404 3931 1351 62309 823 14473 14416 13702 9722 9426 8737 2743 2548 1421 182 149 5994 618 213
is_linear=0
shrinkage=0.05


Tree=26
num_leaves=31
num_cat=4
split_feature=6 5 0 5 3 3 4 3 0 3 0 4 4 0 0 0 0 0 0 0 0 0 0 0 0 0 0 11 0 0
split_gain=76698.1 4.9593e+06 6.1409e+07 6494.36 57495.4 143599 6.10879e+06 6332.31 2489.46 1725.02 23941.3 1720.59 1345.89 1321.39 3428.59 8327.72 1392.62 1285.61 4656.33 1017.69 4449.35 4186.1 1287.7 880.179 1698.93 935.861 813.963 745.009 1087.57 724.823
threshold=1.0000000180025095e-35 1.0000000180025095e-35 0.59055000000000013 1.0000000180025095e-35 0 1 1.0000000180025095e-35 2 8.2135000000000016 3 3.5699500000000004 1.0000000180025095e-35 1.0000000180025095e-35 15.363350000000002 9.6712000000000007 14.217000000000002 9.9408000000000012 10.8573 10.618350000000001 12.505550000000001 10.3238 12.323050000000002 12.798100000000002 11.900850000000002 13.417300000000003 12.798100000000002 10.273350000000002 1.0000000180025095e-35 8.0966500000000021 11.448250000000002
decision_type=2 2 2 2 9 9 2 9 2 9 2 2 2 2 2 2 2 2 2 2 2 2 2 2 2 2 2 2 2 2
left_child=3 2 -2 4 9 6 8 11 -6 10 -1 -5 -9 14 27 16 -16 18 26 20 -4 -22 -21 29 25 -25 -18 28 -14 -19
right_child=1 -3 19 7 5 -7 -8 12 -10 -11 -12 -13 13 -15 15 -17 17 23 -20 22 21 -23 -24 24 -26 -27 -28 -29 -30 -31
leaf_value=2.5789608415801419 1697.0991074740814 -0.32688213233280194 -4.1610942047943871 -1.1580329589398646 -1.0916957018361502 -0.16899141996766659 299.08720984384831 -2.0933194563602608 -15.551219505790048 0.061541975906468441 0.046527627235429761 -0.037476506695546169 -5.2582634014896215 -1.2503018825470487 -8.3247108616009804 -3.3176359190354532 -46.359036574768346 -31.786711849550954 -102.49334061496228 -0.061782479348742307 -39.439121737437802 -5.6856316333224974 -5.5672495268860285 -68.874170197917636 -17.988806278017478 -36.207924755838881 -12.606300761412006 -2.9138934656361375 -0.65567157361668371 -0.050087206768273024
leaf_weight=10.363035704308869 0.057678061860243712 32.075832613568501 0.19031829160373456 3.5391176269219775 0.41841611492312852 22.948344780621035 0.268762888098733 3.3088528309176586 0.032047080872588674 836.32229111815309 93.878868044980265 106.90671204384026 0.90257160863207531 0.54663379846480697 0.0060426442822666534 0.089965985173218188 0.0032391086982350324 0.0031509274389991682 0.0029284491827942767 0.19249093277273224 0.019041205425717554 0.017747135143711065 0.23695380337481695 0.0036324408193377008 0.0083618492432820327 0.0055312928172251974 0.0039820732548019669 1.715780820194291 0.14962574483276192 0.0041933544273819378
leaf_count=1069 223 1643 157 4749 3278 58331 203 1641 81 7367 606 2347 373 34 25 42 45 72 35 19 112 14 71 64 32 41 57 292 81 42
internal_value=0.192381 2.57473 132.885 0.120146 0.162864 2.19381 7.4099 -0.231305 -2.12038 0.087504 0.272175 -0.0672909 -1.13427 -3.5052 -3.93038 -11.8336 -30.4917 -34.3167 -49.3129 -4.53107 -7.23803 -23.156 -3.09952 -28.1966 -34.2857 -49.1566 -27.7463 -3.55627 -4.60376 -13.6661
internal_weight=1114.22 32.7901 0.714229 1081.43 964.232 23.6676 0.719226 117.2 0.450463 940.564 104.242 110.446 6.75449 3.44564 2.89901 0.131028 0.0410621 0.0350195 0.0101496 0.656551 0.227107 0.0367883 0.429445 0.0248699 0.0175256 0.00916373 0.00722118 2.76798 1.0522 0.00734428
internal_count=83146 2239 596 80907 70935 61893 3562 9972 3359 9042 1675 7096 2876 1235 1201 455 413 388 137 373 283 126 90 251 137 105 102 746 454 114
cat_boundaries=0 1 2 3 4
cat_threshold=396 514 532 128
is_linear=0
shrinkage=0.05


Tree=27
num_leaves=31
num_cat=0
split_feature=1 2 1 0 5 5 1 0 0 1 0 2 1 4 1 0 0 1 0 0 0 2 2 2 0 2 2 2 1 0
split_gain=5.42391e+06 3.81742e+07 6275.23 8499.94 5664.99 4588.61 67201.4 3.31409e+06 9.20598e+07 4910.65 14870.1 2936.61 6846.3 2869.89 24403.4 133459 626976 4279.09 1803.38 1619.31 1399.18 1228.2 2515.23 9902.95 58961.8 11560 11742.2 1432.51 1065.16 4055.11
threshold=16.577300000000005 6.7750000000000012 1.0000000180025095e-35 11.900850000000002 1.0000000180025095e-35 1.0000000180025095e-35 14.449450000000002 9.6712000000000007 8.7428000000000008 15.198500000000001 12.798100000000002 2.0550000000000002 14.880550000000001 1.0000000180025095e-35 9.8073000000000015 4.0606000000000009 2.6679000000000004 9.6694000000000013 0.072350000000000012 14.000600000000002 10.3238 4.705000000000001 4.3250000000000011 4.6250000000000009 1.6873000000000002 4.5650000000000004 4.3750000000000009 4.4650000000000007 11.813500000000003 13.71635
decision_type=2 2 2 2 2 2 2 2 2 2 2 2 2 2 2 2 2 2 2 2 2 2 2 2 2 2 2 2 2 2
left_child=2 -2 3 21 -5 11 13 8 -8 10 -9 12 18 14 15 16 -7 -17 -4 -6 -3 22 -1 24 25 26 -24 -28 -13 -30
right_child=1 20 5 4 19 6 7 9 -10 -11 -12 28 -14 -15 -16 17 -18 -19 -20 -21 -22 -23 23 -25 -26 -27 27 -29 29 -31
leaf_value=-0.72772917487799138 778.16428637128342 -7.2255351786822857 0.31774128243461325 -50.882214033773096 -0.05001284366658762 -913.3630183919297 -11900.248408145693 -41.002807219151158 -9.421623530804295 -0.55359673137592946 -0.60920551356055141 0.058279161465806001 0.75343196481511299 -0.0027500027125516528 -0.62557382779460935 -0.66352002938982291 -0.050149841996608914 -23.342710627919697 0.061395365244720682 -47.103693146583801 -3.6233877927267137 -0.25551713169851115 -145.08312649671981 -0.56591824723274409 -0.43144752502209949 -176.29986254676214 -39.996800073008352 -69.318888227462381 -0.9607625127278111 0.050226493226137203
leaf_weight=20.131723439797817 0.17999704311677112 0.43240263956697433 95.244327541389225 0.013770931839434042 0.013093084147840706 0.0023540670708788328 0.0016848440360842853 0.030524148949571284 0.048029211503329818 3.0148540907819834 0.089849967462474367 459.48380199223914 51.157022729601863 148.55992419411567 2.6793977485783604 0.081650916398291459 0.0093135119604922378 0.027907498180866241 245.32414158605877 0.0021252327190483871 0.71592276987929637 17.653180423719547 0.0044817347952638134 0.46767481238653374 0.11040665368391878 0.0031205698469420886 0.0087616538658039644 0.0079400728282053024 12.650788042452843 45.925554942366617
leaf_count=6315 140 96 172 200 291 316 1086 404 205 752 85 13435 292 1451 1003 158 32 15 210 169 64 54499 120 124 128 89 199 199 860 37
internal_value=0.166975 101.142 0.0453448 -0.582464 -27.6467 0.0680051 -0.183886 -7.37153 -412.41 -0.948998 -10.8521 0.110794 0.214099 -0.0326432 -1.61834 -23.5609 -184.321 -6.44052 0.133086 -6.62104 -4.97978 -0.562026 -0.82299 -4.0066 -15.9516 -86.4554 -73.2203 -53.9366 0.0326808 -0.168118
internal_weight=1104.08 1.32832 1102.75 38.4163 0.0289892 1064.33 154.545 3.18494 0.0497141 3.13523 0.120374 909.786 391.725 151.361 2.80062 0.121226 0.0116676 0.109558 340.568 0.0152183 1.14833 38.3873 20.7341 0.602385 0.134711 0.024304 0.0211835 0.0167017 518.06 58.5763
internal_count=83146 300 82846 62333 660 20513 5507 2532 1291 1241 489 15006 674 2975 1524 521 348 173 382 460 160 61673 7174 859 735 607 518 398 14332 897
is_linear=0
shrinkage=0.05


Tree=28
num_leaves=31
num_cat=1
split_feature=3 0 2 5 2 0 5 0 2 2 5 2 2 2 2 2 2 2 0 2 0 0 0 2 2 11 2 0 0 0
split_gain=139718 2.54192e+06 1.30081e+06 2.56492e+06 3.60983e+06 627819 1.05858e+06 559986 171178 5.5195e+06 11848.7 2.44064e+06 1.25006e+07 4.19808e+07 1.58917e+07 19061.1 91154.9 7733.41 7717.2 45326.5 257139 294297 388538 5779.87 4495.25 14936.4 25266.2 56573.5 14315.1 3268.54
threshold=0 3.5699500000000004 1.0000000180025095e-35 1.0000000180025095e-35 1.9550000000000003 1.0000000180025095e-35 1.0000000180025095e-35 3.4343000000000008 1.4550000000000003 3.1950000000000007 1.0000000180025095e-35 1.0050000000000001 0.60500000000000009 1.0000000180025095e-35 0.41500000000000004 4.5050000000000008 4.0750000000000011 7.7750000000000012 5.083050000000001 1.4550000000000003 9.1646500000000017 11.762650000000002 12.323050000000002 8.5250000000000004 7.5850000000000009 1.0000000180025095e-35 5.9050000000000011 9.3770000000000007 3.3678000000000003 4.3956500000000007
decision_type=9 2 2 2 2 2 2 2 2 2 2 2 2 2 2 2 2 2 2 2 2 2 2 2 2 2 2 2 2 2
left_child=1 2 5 7 -5 6 -1 8 -4 -10 -2 12 13 -12 -15 16 -13 -11 -3 20 -20 -22 -23 -19 25 26 -17 28 -28 -30
right_child=10 18 3 4 -6 -7 -8 -9 9 17 11 15 -14 14 -16 24 -18 23 19 -21 21 22 -24 -25 -26 -27 27 -29 29 -31
leaf_value=120.18557500948857 0.059293507829829228 0.071155502027527767 -0.89828038545155919 -4.4499650097524146 285.09395042536187 -1.5656842356788703 32.659067302140286 82.767236451788136 361.48606550588022 -13.345361096453111 3358.8924856561534 -0.10172716525045206 -0.68746939239211269 -0.68115456997717727 2164.658657243936 -8.9120966289666068 6.8100471513573257 -1.3001768584422937 -4.5349058073064361 -0.82633657209887879 -79.660937781902405 -115.99224141219545 -913.86542419170064 -12.073481956796536 -0.079503619417515006 -1.198173531789156 -127.98812050482013 -386.85482464761481 -5.5173269727149679 -49.040713747414323
leaf_weight=0.80020425424624286 832.63969787608846 89.31184538612095 3.2355218063088653 0.22123061427884547 0.20966353928804196 0.26442820415870061 0.60786125063896179 0.24962201107969839 0.11014851576515616 0.17311414041330486 0.012198183375023805 23.781042460626189 0.5068484339283309 0.079310338043499656 0.0094869577354361051 0.14055139877013967 5.9672104078650205 1.4597363143694004 0.22383349007535217 4.2333228615368448 0.022610056971402618 0.0034499970396782965 0.0027357826283089504 0.13610558982225263 124.98046171924241 2.2704571157522833 0.0042989546705042526 0.001292641588591016 0.0091454675945148584 0.0081648131949846811
leaf_count=203 69636 182 139 52 225 18 40 5 65 130 53 1936 311 274 165 462 253 106 163 573 95 21 75 506 5917 374 559 205 44 359
internal_value=0.326603 2.00656 30.28 19.0693 136.436 69.125 82.4004 9.64158 6.07264 18.0755 0.133229 0.531869 100.529 608.487 230.66 0.145119 1.28471 -3.30786 -0.0304872 -2.05412 -22.6281 -163.268 -468.867 -2.21901 -0.120948 -2.24912 -16.8473 -65.5469 -46.3266 -26.0462
internal_weight=1091.68 101.265 7.46764 5.79514 0.430894 1.67249 1.40807 5.36425 5.11463 1.8791 990.41 157.77 0.607844 0.100995 0.0887973 157.163 29.7483 1.76896 93.7978 4.48595 0.252629 0.0287958 0.00618578 1.59584 127.414 2.43391 0.163453 0.0229019 0.0216092 0.0173103
internal_count=83146 2598 1489 1228 277 261 243 951 946 807 80548 10912 803 492 439 10109 2189 742 1109 927 354 191 96 612 7920 2003 1629 1167 962 403
cat_boundaries=0 1
cat_threshold=130
is_linear=0
shrinkage=0.05


Tree=29
num_leaves=31
num_cat=1
split_feature=1 0 0 1 0 1 0 1 0 2 0 3 2 2 2 2 2 0 2 2 1 2 0 2 0 2 2 2 2 2
split_gain=973808 6.29011e+06 1.63239e+07 67004.7 302600 9414.91 8258.95 18241.6 6769.78 8525.85 23491.8 2625.44 51906.6 61140.2 327128 8125.35 12847.8 2153.48 9906.39 56988.3 2046.76 1634.18 1666.11 34114.2 30474.5 25791.5 108941 13789.5 63176.5 14496.4
threshold=16.577300000000005 11.762650000000002 6.2167500000000002 14.491350000000002 3.6060500000000002 1.0000000180025095e-35 12.018950000000002 15.238200000000001 12.323050000000002 6.9350000000000014 13.277750000000003 0 1.9550000000000003 8.5250000000000004 6.2950000000000008 7.3050000000000006 8.1550000000000029 10.080150000000001 7.035000000000001 2.2650000000000001 15.447300000000002 1.0000000180025095e-35 1.0000000180025095e-35 1.7050000000000003 7.6753500000000008 0.41500000000000004 0.84500000000000008 0.41500000000000004 0.60500000000000009 0.50500000000000012
decision_type=2 2 2 2 2 2 2 2 2 2 2 9 2 2 2 2 2 2 2 2 2 2 2 2 2 2 2 2 2 2
left_child=3 2 -2 5 -5 8 7 -6 21 -10 -11 12 -7 14 -14 -16 -17 18 19 -9 -20 -1 -23 24 27 -26 -27 -24 29 -29
right_child=1 -3 -4 4 6 11 -8 17 9 10 -12 -13 13 -15 15 16 -18 -19 20 -21 -22 22 23 -25 25 26 -28 28 -30 -31
leaf_value=-1.5396466542432719 489.54724778084596 -0.94705499728227016 -4.3180557150161816 6.6392039894478589 -15.802473812562097 0.03174246109472275 0.017981943182087685 -203.53693288351957 -11.690695360258886 -32.196962826247237 -298.7825139132691 0.069512496104770435 54.007363174081412 2.637382814639488 -1.215121546899278 -22.264842750598614 -0.48358533843119028 -0.6046941166811004 -0.10834337640118302 -6.6111159860090396 -10.087642014913438 -0.37108385198199523 -0.050037660813841846 -0.57884214511403798 -18.453516254505473 -492.08122966163796 -33.744314658781505 -70.442752275212584 -10.643813031551245 -152.10389226079147
leaf_weight=4.9366324149285736 0.24622234549861965 4.4612588462067233 0.52213022298056144 21.732718094467771 0.25160849616410286 92.913660393411078 71.893047026311805 0.0041771765689497071 0.025773117065275124 0.004666072335653206 0.0010042428926346145 922.31100159546031 0.35574726771823773 7.0069580070395316 0.30518728545057883 0.15984720264666333 0.11744592012673191 1.4738471263944755 0.24852091981573265 0.030489261430842702 0.064773333933076827 25.007744949124103 0.088809358734133953 6.7946282315296509 0.0054337477932353438 0.0018291522405489147 0.0044517924280761513 0.014916313753925436 0.12254918662501627 0.0085496014529797826
leaf_count=295 137 104 59 846 810 182 591 147 107 145 285 16656 70 133 17 108 11 476 81 184 201 48248 307 12025 60 52 87 64 605 53
internal_value=0.282596 21.81 153.944 0.185199 1.45227 0.0708244 -0.0717433 -3.18285 -0.712533 -23.9029 -79.4107 0.0991653 0.330652 4.24237 16.2289 -6.84419 -13.0395 -1.43997 -4.9779 -30.3399 -2.17156 -0.692818 -0.562377 -1.24178 -19.5125 -98.2173 -167.222 -15.5861 -25.0355 -100.195
internal_weight=1161.12 5.22961 0.768353 1155.89 95.6992 1060.19 73.9665 2.07342 37.017 0.0314434 0.00567032 1023.17 100.859 7.94519 0.938228 0.58248 0.277293 1.82181 0.347961 0.0346664 0.313294 36.9855 32.0489 7.04117 0.246539 0.0117147 0.00628094 0.234824 0.146015 0.0234659
internal_count=83146 300 196 82846 3336 79510 2490 1899 62333 537 430 17177 521 339 206 136 119 1089 613 331 282 61796 61501 13253 1228 199 139 1029 722 117
cat_boundaries=0 1
cat_threshold=128
is_linear=0
shrinkage=0.05


Tree=30
num_leaves=31
num_cat=0
split_feature=1 1 0 0 11 0 1 5 4 0 0 0 0 0 0 0 0 0 0 0 0 0 4 11 1 5 1 1 1 1
split_gain=804165 72489.1 5.80391e+06 1.28847e+08 9.43806e+06 23869.1 8751.51 15459 17349.8 16684 34559.1 174270 7981.2 5677.62 6877.02 2027.85 1940.91 3107.64 1537.3 1394.99 1240.48 4881.28 1224.4 12674.1 25862.2 19452.7 444413 308872 67631 227306
threshold=17.203200000000006 14.491350000000002 10.618350000000001 3.6060500000000002 1.0000000180025095e-35 10.129600000000002 1.0000000180025095e-35 1.0000000180025095e-35 1.0000000180025095e-35 4.6103500000000013 1.7587500000000003 2.6679000000000004 2.7862500000000003 3.7142000000000004 3.3678000000000003 10.371450000000001 8.6175500000000014 11.900850000000002 11.326000000000002 12.179000000000002 1.0000000180025095e-35 1.3875500000000003 1.0000000180025095e-35 1.0000000180025095e-35 13.175050000000001 1.0000000180025095e-35 11.203800000000003 7.8533500000000016 9.8073000000000015 8.153850000000002
decision_type=2 2 2 2 2 2 2 2 2 2 2 2 2 2 2 2 2 2 2 2 2 2 2 2 2 2 2 2 2 2
left_child=1 6 3 4 -3 -5 7 -1 9 10 20 -12 -13 14 -14 -11 -10 -18 -17 -19 -9 -22 23 25 -25 -8 27 -27 29 -29
right_child=-2 2 -4 5 -6 -7 22 8 16 15 11 12 13 -15 -16 18 17 19 -20 -21 21 -23 -24 24 -26 26 -28 28 -30 -31
leaf_value=-0.53308616278520049 20.956119957564614 3075.2096431782479 -0.022464791923368223 -18.680528060737437 1805.8313594437755 -1.2842846462791937 0.13577191123480409 -18.729359218206294 -1.7116528136169877 -4.2088973336490803 -686.63516420490112 -0.050251335658545261 -95.839306461780424 -167.52976858517903 -0.05007102774977748 -49.880295204474933 -8.8528126363467727 -28.330920737306769 -13.717772561611762 -92.541406300648205 -66.677981199971811 -0.050248007525786766 0.053657950593131477 -34.33410636052465 -3.0804276618624016 93.063485231249103 -0.11981612347082898 -11.889198881741153 -0.68130080836472073 -563.76223762524899
leaf_weight=33.164177510930756 4.6722576522151931 0.027147384666513896 82.602458667246353 0.25029143859031844 0.031792055815458298 0.92925209238462603 301.36733570973053 0.12847149129136928 0.69505982156860524 0.16832412746174538 0.0011651868636450334 0.0050034715647559467 0.005219802462787828 0.001492717838326634 0.0029229807293196242 0.0040136364430624566 0.034080605640176086 0.0017679768552396607 0.010974965228171214 0.0016217725279943707 0.006003502806108868 0.0050707665289060622 748.47529116915291 0.070004042259170896 1.2154284787418126 0.22083236730074685 5.8636482997219606 0.0084466374219358108 0.079602249916804521 0.002394839073656954
leaf_count=56386 150 689 1296 1080 220 201 13073 1977 1009 1414 141 13 116 179 50 132 266 19 327 178 95 31 2354 305 540 110 295 30 94 376
internal_value=0.253862 0.171568 1.58837 109.025 2390.5 -4.97565 0.0627442 -0.724038 -6.6359 -15.9945 -28.0498 -98.1256 -51.2833 -77.8873 -61.4542 -5.77817 -2.30923 -13.394 -23.4013 -59.0514 -20.1134 -36.17 0.0882201 0.171985 -4.78249 0.192693 2.97074 61.1889 -16.6377 -133.796
internal_weight=1180.05 1175.38 83.8409 1.23848 0.0589394 1.17954 1091.54 34.2354 1.07119 0.338663 0.15535 0.0158042 0.014639 0.0096355 0.00814278 0.183313 0.73253 0.0374704 0.0149886 0.00338975 0.139546 0.0110743 1057.3 308.828 1.28543 307.542 6.17492 0.311276 0.0904437 0.0108415
internal_count=83146 82996 3486 2190 909 1281 79510 62333 5947 4475 2602 499 358 345 166 1873 1472 463 459 197 2103 126 17177 14823 845 13978 905 610 500 406
is_linear=0
shrinkage=0.05


Tree=31
num_leaves=31
num_cat=0
split_feature=1 1 0 1 5 1 0 0 1 5 0 0 0 0 0 0 0 0 0 0 7 1 1 0 1 11 5 1 0 0
split_gain=175812 23445.8 2.34656e+06 9.94847e+06 1.60978e+06 302447 891202 11120.3 9121.4 106271 129138 34718.8 66414.9 22224.8 61581.7 14565.2 63750.6 2454.35 2026.54 5053.95 1319.24 1175.5 9816.66 6930.35 987.423 6162.51 4246.9 11932.5 49808.6 1772.44
threshold=16.577300000000005 14.491350000000002 11.069350000000002 15.283200000000003 1.0000000180025095e-35 16.029050000000002 10.8573 10.273350000000002 1.0000000180025095e-35 1.0000000180025095e-35 7.9489500000000008 1.0000000180025095e-35 2.5956500000000005 4.9004500000000011 4.0606000000000009 2.7862500000000003 3.4767500000000005 3.7142000000000004 6.9796000000000005 5.5256000000000007 1.0000000180025095e-35 15.283200000000003 14.680450000000002 15.363350000000002 12.267650000000001 1.0000000180025095e-35 1.0000000180025095e-35 13.989350000000002 8.0966500000000021 1.0000000180025095e-35
decision_type=2 2 2 2 2 2 2 2 2 2 2 2 2 2 2 2 2 2 2 2 2 2 2 2 2 2 2 2 2 2
left_child=1 8 3 -3 -5 6 -6 -7 9 -1 11 -11 -13 14 15 -14 -17 -18 19 -15 21 22 -4 -24 29 -26 27 28 -27 -10
right_child=-2 2 20 4 5 7 -8 -9 24 10 -12 12 13 18 -16 16 17 -19 -20 -21 -22 -23 23 -25 25 26 -28 -29 -30 -31
leaf_value=-0.57710382008747663 6.3605362821851479 427.69023793308571 -0.32628394188157417 321.49647509128522 -354.1297101885695 -14.853208106780119 -0.053360765087108269 -0.26932986720250857 0.21065066789502956 -21.214799015115513 -378.40777848571219 -229.26845892393285 -0.050235808078960477 -7.0581262375822194 -460.7537585487014 -356.74160405085132 -0.050057646823143953 -67.2575546156841 -4.3409242948164692 -73.581518946384236 0.050075223399324104 -0.75022834919278147 -53.794684020899446 -6.5893432416040785 0.040849691256816249 -68.202043403077639 -0.99486339633269483 -1.7123513631547245 -3.0945485525275163 0.056753156409606625
leaf_weight=29.190476024775567 11.402867653558813 0.16842863432704225 0.19340591515839936 0.036810940060078678 0.025418101613838728 0.19953723251819672 0.059073490423966035 0.37894419172848043 291.86194385639726 0.12521684118922063 0.002775151300571487 0.0058895830506839738 0.0048258771796553905 0.007134713120671537 0.0010852961213323698 0.0019624799314845566 0.0034711788585697458 0.0022318950147919014 0.01165276555472264 0.0047598662138604491 69.601822174585465 2.6294118575164402 0.015815755757016076 0.015293900854885578 218.88980408239595 0.036633990789054799 6.2087419809489148 0.69948879197296898 0.1482541029967869 521.16332774461011
leaf_count=56386 300 1025 72 333 716 156 40 32 13231 2303 1412 376 28 178 275 179 58 119 415 604 34 592 326 10 900 123 1225 96 89 1513
internal_value=0.182803 0.121102 0.986002 82.6982 -0.336816 -18.2063 -106.572 -5.29979 0.0617423 -0.807339 -40.1083 -34.5277 -73.2827 -48.5362 -99.485 -68.0968 -110.936 -26.3517 -19.1605 -33.6789 0.00687291 -1.04675 -4.51944 -30.5879 0.0863018 -0.00615238 -1.45661 -4.69829 -15.995 0.112
internal_weight=1153.1 1141.69 73.324 0.868213 0.699784 0.662973 0.0844916 0.578481 1068.37 29.3615 0.171006 0.16823 0.0430137 0.0371241 0.0135767 0.0124914 0.00766555 0.00570307 0.0235473 0.0118946 72.4557 2.85393 0.224516 0.0311097 1039.01 225.983 7.09312 0.884377 0.184888 813.025
internal_count=83146 82846 3336 2302 1277 944 756 188 79510 62333 5947 4535 2232 1856 659 384 356 177 1197 782 1034 1000 408 336 17177 2433 1533 308 212 14744
is_linear=0
shrinkage=0.05


Tree=32
num_leaves=31
num_cat=1
split_feature=1 0 1 0 0 1 0 1 1 0 0 4 0 0 0 0 0 4 11 1 1 1 1 3 1 0 1 1 1 1
split_gain=1.71616e+06 1.23161e+07 18675.9 1.73387e+06 3.14552e+07 497050 4.17212e+06 184691 9506.74 6623.36 15113.8 1279.23 22612.8 37577.7 2071.14 1281.46 7108.93 1122.77 10975.1 9581.9 30587.7 99840.2 229582 3711.08 1442.12 2447.13 1516.04 4368.46 6248.55 2273.49
threshold=16.577300000000005 10.581100000000001 14.491350000000002 11.326000000000002 7.7317000000000009 16.029050000000002 10.476950000000002 15.730650000000002 1.0000000180025095e-35 11.762650000000002 11.826750000000002 1.0000000180025095e-35 7.9489500000000008 9.3225500000000014 8.8487500000000008 5.7073500000000008 5.8358000000000008 1.0000000180025095e-35 1.0000000180025095e-35 12.267650000000001 14.200250000000002 13.836400000000001 13.529600000000002 0 6.1757500000000016 0.14410000000000003 9.1609500000000015 8.5866500000000023 8.9874000000000027 8.6037500000000033
decision_type=2 2 2 2 2 2 2 2 2 2 2 2 2 2 2 2 2 2 2 2 2 2 2 9 2 2 2 2 2 2
left_child=2 -2 8 4 -4 6 -6 -8 11 -3 -11 12 15 14 -14 -1 -17 18 23 -20 21 22 -21 -10 -25 26 27 -26 29 -29
right_child=1 9 3 -5 5 -7 7 -9 17 10 -12 -13 13 -15 -16 16 -18 -19 19 20 -22 -23 -24 24 25 -27 -28 28 -30 -31
leaf_value=-1.3877767580242217 455.9067406977627 -1.2072585908412998 1124.1070895391138 0.0098749237622838583 -1679.5576854296696 -1.2692142669166278 -206.71293121979556 -5.3748556701144103 0.92819457699458852 -0.52158617453716793 -18.127892190023733 -0.69541047628700658 -16.17943881608123 -366.45009760886694 -98.422137770245541 -138.08112125808199 -7.0120250390848957 0.049651197025392557 -1.1801888168926147 -602.09801666137901 -3.2685458915932895 -13.649076544390944 -68.60363740798978 0.30244252557305945 -1.0204457136923835 -2.6303701289037082 0.087842496716169408 -0.050005108068917427 -149.48364307664093 -42.601204608645752
leaf_weight=6.6887298733378096 0.16875367312784328 0.53854100623071 0.065588923856634951 68.966401940945744 0.0041378706549954061 0.75109436167829191 0.014274422064035147 0.05637328571202449 6.3306243150062489 0.24583797156810763 0.24176632811661122 17.246995209415786 0.0030999308249442877 0.0010917027815384736 0.0010165480576751671 0.0010867115042949146 0.021545477712668612 711.72848703419493 0.58719159159770939 0.0024084453748893534 0.28299412333772522 0.077212805482474972 0.012394710933097018 89.303269767063966 2.3579315130963461 0.84016580387358786 207.6141488294316 0.0067405689588035007 0.001003790056255568 0.0058752766655958723
leaf_count=54885 179 17 1286 893 661 130 318 48 237 3 101 5105 262 848 117 49 1067 2354 106 289 134 177 139 766 9208 897 1411 75 401 983
internal_value=0.178298 60.0677 0.114 0.905456 70.19 -13.509 -136.437 -46.0554 0.0609962 -5.0296 -9.25123 -0.923385 -1.50878 -105.653 -36.4889 -1.42797 -13.3055 0.0841422 0.163994 -5.16763 -11.4112 -36.4537 -155.402 0.180734 0.129719 0.0627085 0.0734837 -1.18354 -29.4194 -19.8664
internal_weight=1114.17 1.1949 1112.97 69.8579 0.891469 0.82588 0.0747856 0.0706477 1043.11 1.02615 0.487604 23.9636 6.71657 0.00520818 0.00411648 6.71136 0.0226322 1019.15 307.422 0.962202 0.37501 0.092016 0.0148032 306.46 300.129 210.826 209.986 2.37155 0.0136196 0.0126158
internal_count=83146 300 82846 3336 2443 1157 1027 366 79510 121 104 62333 57228 1227 379 56001 1116 17177 14823 845 739 605 428 13978 13741 12975 12078 10667 1459 1058
cat_boundaries=0 1
cat_threshold=128
is_linear=0
shrinkage=0.05


Tree=33
num_leaves=31
num_cat=3
split_feature=3 2 2 11 3 2 2 2 2 2 5 3 2 2 2 2 2 2 4 5 2 6 2 2 2 2 2 2 2 2
split_gain=59088.5 691408 4.32367e+06 16030.6 120726 9.94929e+06 7.21171e+07 1.35378e+08 450111 2.65289e+06 9722.65 2940.91 148503 734930 2.66123e+06 16322.7 102518 111733 12393.4 829326 7054.05 20166 70166.2 4681.98 5807.47 1756.03 1578.77 3008.42 1521.03 2133.52
threshold=0 3.9250000000000003 3.0750000000000006 1.0000000180025095e-35 1 2.4050000000000007 1.7050000000000003 0.74500000000000011 4.4650000000000007 4.4250000000000007 1.0000000180025095e-35 2 4.0750000000000011 1.0050000000000001 3.4350000000000005 5.6550000000000011 4.2150000000000007 4.705000000000001 1.0000000180025095e-35 1.0000000180025095e-35 8.0750000000000011 1.0000000180025095e-35 8.1250000000000018 5.455000000000001 5.0550000000000006 8.0950000000000006 3.6550000000000007 3.8050000000000002 5.3450000000000006 5.2250000000000005
decision_type=9 2 2 2 9 2 2 2 2 2 2 9 2 2 2 2 2 2 2 2 2 2 2 2 2 2 2 2 2 2
left_child=1 2 -1 11 -5 6 7 -6 9 -7 -3 -2 13 -13 -15 16 -14 -18 19 20 -17 22 25 24 -19 -22 -16 -28 29 -26
right_child=3 10 -4 4 5 8 -8 -9 -10 -11 -12 12 15 14 26 18 17 23 -20 -21 21 -23 -24 -25 28 -27 27 -29 -30 -31
leaf_value=222.23316389775366 0.093242525420143635 -0.67199335686889849 -0.63383521696219303 -0.033837077827103726 14119.499386317979 -4.9953819635328589 -4.819899280505652 1557.0880695095698 -0.48860068926632744 376.68550118531897 1.4198844998037694 -24.742543719929756 -3.5157155745333295 -2923.6430043021232 -155.43576162814045 -1.9758098225661129 -522.60233896168506 -135.74955128129596 -0.071983532692872013 -854.8503698259583 -45.931485050411531 -8.1007358919584043 -397.08231928095972 -165.11078576363087 -26.714336838419172 -0.050000524397028845 -35.202902730422778 -131.31001298974618 -0.050000304273161961 -108.59286989850614
leaf_weight=0.25778572698812974 865.38255339366003 7.01145725223257 1.3967354459385686 86.879154580739268 0.0025760738087549319 0.26332046010839594 0.10497273008618865 0.012803291873640049 4.5831089404044754 0.055042143911123276 26.732516075854203 0.062742767091217344 0.10108484638416229 0.0010261346134576993 0.0012871192199387241 0.98660128763564547 0.0018179997094952974 0.0025792274001360822 77.221229981499363 0.0028661667674328975 0.0054488210911505294 0.080772756773836205 0.00151121198869899 0.0018175122531600184 0.0018751638572020966 0.003378506289003368 0.0014223576562223859 0.0019046166061282917 0.0014608345516187171 0.0013819424581358987
leaf_count=344 14518 186 107 1007 331 329 131 259 451 3 472 126 309 1659 553 53802 1065 729 1176 1392 1049 42 384 350 330 663 369 472 275 263
internal_value=0.207534 1.97471 34.0904 0.126849 0.758464 4.85837 463.663 3661.32 3.50484 60.9939 0.985226 0.0666952 -0.211021 -73.8882 -620.592 -0.17368 -19.2464 -164.694 -0.146395 -5.46403 -3.2051 -16.5165 -82.2666 -93.3061 -75.4217 -28.3711 -108.414 -90.222 -42.4414 -61.4542
internal_weight=1071.16 35.3985 1.65452 1035.77 91.901 5.02182 0.120352 0.0153794 4.90147 0.318363 33.744 943.865 78.4822 0.068383 0.00564023 78.4138 0.112018 0.0109327 78.3018 1.08058 1.07771 0.0911113 0.0103385 0.00911468 0.00729717 0.00882733 0.00461409 0.00332697 0.00471794 0.00325711
internal_count=83146 1109 451 82037 2511 1504 721 590 783 332 658 79526 65008 3179 3053 61829 3321 3012 58508 57332 55940 2138 2096 1947 1597 1712 1394 841 868 593
cat_boundaries=0 1 2 3
cat_threshold=18 768 140
is_linear=0
shrinkage=0.05


Tree=34
num_leaves=31
num_cat=0
split_feature=1 2 6 1 5 2 2 4 2 2 5 1 1 4 2 2 2 6 1 2 2 1 2 2 1 4 2 2 1 1
split_gain=925928 1.9815e+06 152719 15217.2 782786 6.24419e+06 18285.7 50626.2 77883.9 13154 8943.61 205224 1.0602e+07 119003 8.613e+06 7.31886e+06 91180.6 37134.8 364824 1.69252e+06 1.81823e+06 28246.5 34514.4 20592.5 8219.9 49255.2 146981 5340.06 2159.74 2216.07
threshold=16.577300000000005 7.5750000000000011 1.0000000180025095e-35 1.0000000180025095e-35 1.0000000180025095e-35 0.31500000000000006 9.3250000000000011 1.0000000180025095e-35 10.225000000000003 1.0000000180025095e-35 1.0000000180025095e-35 14.491350000000002 15.350350000000002 1.0000000180025095e-35 2.7150000000000003 4.4650000000000007 7.5250000000000012 1.0000000180025095e-35 16.214600000000004 2.5050000000000003 4.1250000000000009 15.581400000000002 2.0550000000000002 10.655000000000003 16.434000000000001 1.0000000180025095e-35 8.4450000000000021 3.3850000000000002 14.919850000000002 16.434000000000001
decision_type=2 2 2 2 2 2 2 2 2 2 2 2 2 2 2 2 2 2 2 2 2 2 2 2 2 2 2 2 2 2
left_child=3 -2 -3 4 6 -6 9 -8 -9 -1 28 13 -13 14 -12 -16 -17 23 19 21 -21 -19 -23 24 25 -14 -27 -15 -5 -30
right_child=1 2 -4 10 5 -7 7 8 -10 -11 11 12 17 27 15 16 -18 18 -20 20 -22 22 -24 -25 -26 26 -28 -29 29 -31
leaf_value=-6.8435506261551993 196.71340176432903 -11.537037199241318 31.065352434700038 0.096398191566303193 -37.996246521276952 -2877.3835741175517 -0.050439007843841588 -26.308967513937631 -524.41984139406293 -0.57652496145575494 -4.9481757348887285 507.37957284650338 -10.202188293254716 0.96242999665928763 -9.8068364989357679 1108.8387774616037 953.61808552001571 -5.1180092017747123 -2.5286802463736144 -145.07041061421387 -2161.7614396035588 -189.73246272686893 -17.196688211493136 -1.1776357096010475 -2.7877049015895126 -228.22684230887791 -6.2039748927305549 0.0098536545650977116 -0.58645949717930446 0.02886961695221987
leaf_weight=0.8908708483124127 0.18191416620301148 0.32285700426128194 0.60372166522975634 771.62488353849733 0.022340628798497904 0.0021200182282598594 0.008704640923877769 0.0019041144160701867 0.0013349356699905736 13.921484633879338 2.3307182165239193 0.10476094649681034 0.21411791466528418 16.22004723410322 0.030752593752376711 0.018249335444117162 0.019646752091218082 0.019733752589673081 0.28889706706280699 0.0024134553968917522 0.0020816840410697495 0.0057961008819628415 0.0057981374541213881 2.0005411825163146 0.10986918820885652 0.010737311206659522 0.024379417110139912 158.29611509203124 24.016699521396163 37.44640433515724
leaf_count=275 150 100 50 14326 119 5828 1508 69 2118 52416 366 1197 169 276 132 239 805 31 72 73 418 74 19 184 17 202 18 1215 651 29
internal_value=0.168654 45.8415 16.221 0.119388 -1.46964 -284.088 -1.00331 -62.845 -231.599 -0.953447 0.142685 0.462598 13.9198 0.250442 11.3099 563.295 1028.37 -5.33818 -21.1911 -171.695 -1078.99 -41.5097 -103.449 -3.1566 -14.1813 -19.2038 -74.0898 0.0983889 0.0736771 -0.21157
internal_weight=1028.75 1.10849 0.926579 1027.64 14.8488 0.0244606 14.8243 0.0119437 0.00323905 14.8124 1012.79 179.705 2.78913 176.916 2.39937 0.0686487 0.0378961 2.68437 0.32472 0.0358231 0.00449514 0.031328 0.0115942 2.35965 0.359104 0.249235 0.0351167 174.516 833.088 61.4631
internal_count=83146 300 150 82846 62333 5947 56386 3695 2187 52691 20513 5507 2474 3033 1542 1176 1044 1277 687 615 491 124 93 590 406 389 220 1491 15006 680
is_linear=0
shrinkage=0.05


Tree=35
num_leaves=31
num_cat=2
split_feature=1 0 0 0 0 1 1 4 11 0 0 0 1 0 1 0 1 1 0 0 1 0 1 3 1 1 0 3 0 4
split_gain=21901.2 2.6153e+06 2.30761e+08 1.07631e+09 30035.8 9336.83 8809.58 7493.44 5861.96 145965 66337.1 158738 618572 12474.7 8560.93 11610.9 7792.41 14783.9 6019.84 15647.6 12468.9 4208.63 3627.32 2443.66 5141.86 695.748 704.531 565.067 24800.5 42439.9
threshold=14.491350000000002 12.505550000000001 11.069350000000002 10.701450000000003 12.018950000000002 1.0000000180025095e-35 16.434000000000001 1.0000000180025095e-35 1.0000000180025095e-35 0.21105000000000004 8.0068500000000018 11.175250000000002 14.163950000000002 4.2048500000000013 12.415550000000001 13.417300000000003 13.589700000000002 13.883700000000003 5.4615000000000009 7.2551000000000014 14.116850000000001 3.6826500000000002 14.233800000000002 0 9.6849500000000024 14.959550000000002 12.099050000000002 1 7.5164500000000016 1.0000000180025095e-35
decision_type=2 2 2 2 2 2 2 2 2 2 2 2 2 2 2 2 2 2 2 2 2 2 2 9 2 2 2 9 2 2
left_child=5 2 3 -2 6 7 -4 21 23 -10 13 12 -12 -11 -13 16 -16 -18 -15 20 -20 -1 -14 24 -7 -6 -27 -25 -29 -30
right_child=1 -3 4 -5 25 8 -8 -9 9 10 11 14 22 18 15 -17 17 -19 19 -21 -22 -23 -24 27 -26 26 -28 28 29 -31
leaf_value=-7.7875132244582446 40557.551087616717 -0.059901683265641575 -27.016638612660138 -237.87385224861501 -0.78003540402697347 0.56072514443445687 -79.471200312499221 -1.025570864474658 -0.034194205429123062 -19.430514109581424 -238.89117138209656 -1.0000993497643338 -10.212435063760612 -3.2737505270184295 -14.419995696833579 -3.718981073387635 -17.684762540364147 -66.293281486248148 -35.656695158681117 -4.3906336433730209 -8.8578567476617991 -1.4062615303852937 -26.184923602359049 0.056585362317949341 0.079388107577597192 -1.4376559379939946 -6.3065563424928053 -0.011869626048835142 -26.024350811049249 -1.4046612429077678
leaf_weight=0.69203114717818548 0.0019902312014381711 76.874824576167455 0.087160942004965464 0.0086165845019919689 0.42825647198902145 73.354080138617718 0.008813815996903035 8.4550440139738612 88.724513248723682 0.20131998244999327 0.040403732402145398 0.15869445255338374 0.078740291737948498 0.78733662899902379 0.073078849702497478 0.10908045661949373 0.036863064548272727 0.027173105590060566 0.088479396557797491 0.3794906819465842 0.085201190460463455 0.41234397011786994 0.06479539396377848 368.50063254371162 227.74012506378122 0.14524847269728275 0.15210248110693736 253.43012735647702 0.24701565551904836 0.60078062567873813
leaf_count=52041 2321 516 432 167 33 287 27 5105 412 161 515 17 39 92 47 26 30 74 134 59 34 5187 118 218 598 21 119 13842 196 278
internal_value=0.0852017 0.894475 89.0566 7416.86 -5.54705 0.0238067 -31.8338 -1.53151 0.0384588 -0.344761 -13.2773 -27.5536 -66.0701 -7.82518 -10.0558 -15.893 -25.5778 -38.3113 -6.08227 -10.0797 -22.5102 -5.40493 -17.4228 0.0761452 0.190332 -2.07015 -3.92822 0.0176004 -0.0389001 -8.5779
internal_weight=1101.99 77.707 0.832189 0.0106068 0.821582 1024.29 0.0959748 9.55942 1014.73 90.8552 2.13066 0.588829 0.183939 1.54183 0.40489 0.246195 0.137115 0.0640362 1.34051 0.553171 0.173681 1.10438 0.143536 923.873 301.094 0.725607 0.297351 622.779 254.278 0.847796
internal_count=83146 3636 3120 2488 632 79510 459 62333 17177 1758 1346 866 672 480 194 177 151 104 319 227 168 57228 157 15419 885 173 140 14534 14316 474
cat_boundaries=0 1 2
cat_threshold=384 520
is_linear=0
shrinkage=0.05


Tree=36
num_leaves=31
num_cat=1
split_feature=11 5 2 2 2 2 2 2 2 2 3 4 0 2 0 5 2 2 0 2 2 0 2 0 2 2 0 0 2 0
split_gain=14303 134442 2.09119e+06 2.18748e+07 4.65411e+06 106485 355484 1.17387e+06 202645 148474 12006 209391 445272 9.10081e+07 2.58801e+06 33297.5 66147.7 176614 241288 37565.4 169560 60141.2 8045.94 241844 2.68979e+06 6886.5 6573.83 139503 924820 5009.05
threshold=1.0000000180025095e-35 1.0000000180025095e-35 4.9250000000000007 0.84500000000000008 4.7750000000000012 10.615 5.285000000000001 7.745000000000001 7.9450000000000012 9.3250000000000011 0 1.0000000180025095e-35 11.762650000000002 8.0550000000000015 5.7073500000000008 1.0000000180025095e-35 8.1550000000000029 9.3250000000000011 15.874950000000002 3.9950000000000006 3.8750000000000004 5.5256000000000007 7.5450000000000008 4.509500000000001 7.3150000000000004 7.5550000000000006 1.0000000180025095e-35 13.570150000000002 10.655000000000003 6.5032000000000005
decision_type=2 2 2 2 2 2 2 2 2 2 9 2 2 2 2 2 2 2 2 2 2 2 2 2 2 2 2 2 2 2
left_child=10 -2 3 -3 -5 6 -4 -8 -9 -10 -1 12 13 14 22 16 19 -18 -19 20 21 -13 23 24 -12 -24 -17 28 -28 -30
right_child=1 2 5 4 -6 -7 7 8 9 -11 11 15 -14 -15 -16 26 17 18 -20 -21 -22 -23 25 -25 -26 -27 27 -29 29 -31
leaf_value=0.020377036896478646 -0.11160222873306902 -74.670456542620528 -2.1172433288956718 -3879.5897547996897 -526.73843002293052 -0.7242441188508687 -480.37617175690548 -8.6827672277108991 -91.615608122362417 -341.21721691307789 -2672.4907612078209 -48.483037632051882 -1.182799346500869 -12680.431752118109 -872.21836712337358 0.35733855571044748 -0.65151408376916775 -174.88797197032633 -2.4639527077756016 -1.0453238924822643 -0.80287743400574674 -137.27822908820664 -0.28805973272799684 -1.9511856465142239 -49.112878658220687 -16.974015893061715 -183.83031930946922 0.012681080587666205 -2.1710742907095315 -8.7144019226284293
leaf_weight=887.61910627898726 83.170496795491701 0.1957045658630058 0.58185380458816394 0.0046782726948139943 0.0013290588998984276 6.6714124409974547 0.01686357062230523 0.11586519905957129 0.027303257892537212 0.007620902338984238 0.0010290218742934681 0.050588014689696974 1.3818631454107051 0.0014234587216688235 0.0088285751142863633 44.06317308983688 0.16769834997700189 0.041451675244495945 0.039743803441524506 2.6807150549360492 0.31060338020324707 0.030606309293047092 0.24489338135889721 0.23377267550534253 0.019362908286617041 0.082722689919081271 0.077812155321523968 38.139440694771267 0.50686148185251578 0.69151785240668417
leaf_count=14518 566 332 57 991 31 227 272 40 92 99 13859 134 329 3734 580 255 10 337 6 176 11 163 1212 509 13380 29878 663 189 60 436
internal_value=-0.0938052 -0.694078 -7.04947 -165.896 -3137.81 -2.73178 -20.601 -84.7505 -40.5056 -146.082 -0.0379869 -0.560683 -16.7267 -53.0078 -22.5738 -0.257651 -5.16721 -29.9589 -90.4894 -3.15892 -17.6204 -81.9545 -9.68034 -16.3561 -181.494 -4.50124 -0.0623118 -0.531444 -16.7928 -5.94686
internal_weight=1067.19 90.7931 7.62263 0.201712 0.00600733 7.42092 0.749507 0.167653 0.150789 0.0349242 976.393 88.7741 1.9739 0.592033 0.590609 86.8002 3.32141 0.248894 0.0811955 3.07251 0.391798 0.0811943 0.581781 0.254165 0.0203919 0.327616 83.4788 39.4156 1.27619 1.19838
internal_count=83146 2707 2141 1354 1022 787 560 503 231 191 80439 65921 63481 63152 59418 2440 837 353 343 484 308 297 58838 27748 27239 31090 1603 1348 1159 496
cat_boundaries=0 1
cat_threshold=140
is_linear=0
shrinkage=0.05


Tree=37
num_leaves=31
num_cat=2
split_feature=1 0 1 7 0 1 1 2 3 2 2 4 0 3 11 1 1 1 1 1 1 1 1 1 1 1 2 0 1 1
split_gain=81505.8 77440.2 58520.8 3.30196e+06 9.11795e+07 32724.5 24122.2 72364.6 7587.05 48860.8 59859 2883.73 40080 2592.5 5898.19 37990.5 7519.76 68396.1 114536 6733.52 9298.86 4693.15 9885.21 2132.22 85188.1 705156 7.18589e+06 46430.4 56795.9 4298.09
threshold=16.577300000000005 15.874950000000002 14.449450000000002 1.0000000180025095e-35 12.099050000000002 15.350350000000002 1.0000000180025095e-35 0.21500000000000002 0 8.0050000000000008 7.6250000000000009 1.0000000180025095e-35 1.0000000180025095e-35 1 1.0000000180025095e-35 12.822250000000002 13.742700000000001 14.116850000000001 13.883700000000003 14.163950000000002 14.367050000000003 13.692350000000001 13.444400000000002 9.1888000000000023 13.529600000000002 9.7701000000000011 6.9350000000000014 1.0000000180025095e-35 11.516400000000003 11.516400000000003
decision_type=2 2 2 2 2 2 2 2 9 2 2 2 2 9 2 2 2 2 2 2 2 2 2 2 2 2 2 2 2 2
left_child=2 -2 6 4 -4 -6 7 -1 9 10 -8 12 -9 -10 23 -16 21 18 -18 -19 -21 22 -17 -15 25 26 -25 28 -27 -29
right_child=1 -3 3 -5 5 -7 8 11 13 -11 -12 -13 -14 14 15 16 17 19 -20 20 -22 -23 -24 24 -26 27 -28 29 -30 -31
leaf_value=-30.132384489114784 -38.448928292304643 -3.0645134448755718 -2357.3451898999924 -0.022076435961502126 -29.095065138624438 -1.356368666494665 16.458998679437155 -80.299802328419261 0.10874168908521303 -0.042266391580977572 -0.1408442173628503 -1.6892174718367337 -0.56627020783241766 0.031258104586307317 -0.28823675585332359 -6.5788213634047317 -32.91663127435892 -2.5114470529125197 -215.41001073315834 -32.649291715578045 -7.1033638939477335 -0.97473311162282084 -29.841612660096413 -49.27083188185199 -0.010850602911068321 -141.96278511823911 -3707.2454061386106 -11.927332364342057 -22.963328436627556 -3.5791309915621441
leaf_weight=0.24935150399192973 0.26724305142243099 0.36693163711238097 0.042527594521298062 77.62749245320164 0.11706918095275298 1.1586992849282371 1.1916267159561482 0.01742395427933302 672.55326112344142 5.0768009710454169 0.99783533066511232 2.7856713964906619 0.1651454455470544 243.83641203340147 11.342456794483633 0.30801922018371969 0.048560446946333546 0.24936510797016576 0.010447643639054371 0.053546593015928914 0.10642035165804829 0.23696282412856817 0.053616118276367308 0.019266872479422003 36.932734359296774 0.013740833541844154 0.0014431394766180492 0.21077764481000461 0.037097739120106867 0.57419678966603027
leaf_count=550 271 29 2711 152 228 321 80 45838 1540 46 8 4893 11052 12033 285 201 101 34 146 139 51 24 127 62 189 200 1395 256 61 123
internal_value=-0.0559611 -17.9756 -0.0451998 -1.35465 -79.8227 -3.90177 0.0606014 -4.26151 0.0748816 1.11535 8.89371 -2.08819 -8.17583 0.0549524 -0.0676109 -1.13673 -10.1569 -14.9025 -65.2279 -7.64775 -15.6545 -6.44401 -10.0278 -0.0229026 -0.372376 -15.9611 -304.17 -8.81981 -55.1269 -5.82075
internal_weight=1056.65 0.634175 1056.02 78.9458 1.3183 1.27577 977.072 3.21759 973.855 7.26626 2.18946 2.96824 0.182569 966.588 294.035 12.4094 1.06694 0.46834 0.0590081 0.409332 0.159967 0.598598 0.361635 281.626 37.7893 0.856523 0.02071 0.835813 0.0508386 0.784974
internal_count=83146 300 82846 3412 3260 549 79434 62333 17101 134 88 61783 56890 16967 15427 1108 823 471 247 224 190 352 328 14319 2286 2097 1457 640 261 379
cat_boundaries=0 1 2
cat_threshold=16 392
is_linear=0
shrinkage=0.05


Tree=38
num_leaves=31
num_cat=2
split_feature=1 7 0 2 1 4 0 0 2 0 2 3 0 2 2 2 2 2 0 5 1 1 1 2 1 3 0 2 2 2
split_gain=69660.6 5.80448e+06 1.33273e+07 1.06665e+09 21972.1 22578.8 369305 11654.9 21013.6 26865.7 7727.16 7347.32 5180.6 11959.1 2980.55 36443.3 17993.5 2970.77 2886.43 6217.6 55945.6 292344 6789.19 1.0894e+06 1857.01 3770.45 337831 1.93943e+06 3.34678e+06 211280
threshold=14.449450000000002 1.0000000180025095e-35 14.217000000000002 1.0050000000000001 1.0000000180025095e-35 1.0000000180025095e-35 2.3613500000000003 5.7073500000000008 3.9250000000000003 6.1312500000000005 9.6350000000000033 0 3.6478000000000006 4.0750000000000011 1.4550000000000003 3.5250000000000004 1.5650000000000002 0.21500000000000002 1.0000000180025095e-35 1.0000000180025095e-35 11.813500000000003 9.6609000000000016 9.1609500000000015 7.5550000000000006 7.5256000000000016 1 11.826750000000002 4.1250000000000009 1.5650000000000002 10.515000000000002
decision_type=2 2 2 2 2 2 2 2 2 2 2 9 2 2 2 2 2 2 2 2 2 2 2 2 2 9 2 2 2 2
left_child=4 2 3 -2 5 6 -1 14 9 -9 -4 -6 -8 -14 17 16 -16 -7 19 22 21 -21 23 -13 -20 -26 27 28 -27 -29
right_child=1 -3 10 -5 11 7 12 8 -10 -11 -12 18 13 -15 15 -17 -18 -19 24 20 -22 -23 -24 -25 25 26 -28 29 -30 -31
leaf_value=-265.11793366984961 -65.498790618775701 -0.02503216054481194 -15.765935517511195 -28913.555936161632 1.1520999647497485 -5.0882907174238552 -0.19841108136528909 -32.513731789166748 -7.9974324687854947 -227.564647566948 -2.7559890952651687 -0.1776175874513588 -88.446792284048513 -0.050549706178556836 -27.978811099255935 -3.106254318307375 -129.68902074214373 -0.96802967854669564 0.05773421333352851 -0.53823718544060895 -0.04584543679199668 22.479917842293212 0.12749161330554076 -424.65128695770727 0.028939507465635114 -1520.0801542823865 -0.046657941704516495 -85.980776938813449 -20.230712161936143 -8.9208464153037994
leaf_weight=0.014330502009589324 0.24999137199552832 78.990410122383054 0.14963484879385908 0.0032458784440062829 6.4112119117806383 0.5927505847613036 0.18849842608639028 0.0046205740215515658 0.018874516632653441 0.0028569604132350889 0.4810423402495983 3.2101408245803 0.005656331577713958 0.011825867464267075 0.0089192491816267039 0.29450997169001819 0.0084851053692761857 1.6701149356742619 376.55376988649857 6.2814019074212348 40.66637184266078 1.767573962286481 375.20955651806059 0.015187120313405855 99.042237336731205 0.0059538304332209394 37.330523851761988 0.10879279248541524 0.0099106291433092141 0.48766014623587944
leaf_count=49383 450 168 99 2913 134 139 2620 34 1065 315 82 2416 851 4374 42 2828 271 411 80 307 350 108 1585 9005 223 358 260 1041 443 791
internal_value=-0.0326864 -1.45086 -128.869 -435.26 0.0865607 -4.31924 -19.6883 -3.01751 -36.1005 -107.037 -5.84274 0.0996857 -2.61327 -28.651 -2.67891 -7.26096 -77.5654 -2.04732 0.0794213 0.176299 0.707984 4.5166 0.107857 -2.17634 0.000386865 -0.157253 -0.515134 -37.4891 -583.115 -22.9765
internal_weight=1029.8 79.8743 0.883914 0.253237 949.922 2.82144 0.220311 2.60113 0.0263521 0.00747753 0.630677 947.1 0.205981 0.0174822 2.57478 0.311914 0.0174044 2.26287 940.689 427.15 48.7153 8.04898 378.435 3.22533 513.539 136.985 37.9428 0.612317 0.0158645 0.596453
internal_count=83146 3712 3544 3363 79434 62333 57228 5105 1414 349 181 17101 7845 5225 3691 3141 313 550 16967 13771 765 415 13006 11421 3196 3116 2893 2633 801 1832
cat_boundaries=0 1 2
cat_threshold=16 128
is_linear=0
shrinkage=0.05


Tree=39
num_leaves=31
num_cat=0
split_feature=1 0 1 0 2 2 0 2 2 0 2 2 1 1 2 1 2 1 2 1 0 2 2 0 0 2 0 0 0 0
split_gain=25807.4 24926.9 6850.22 76088.4 92277.4 199232 89970.5 9594.32 6212.66 5013.92 17767.3 228979 7898.95 326837 74944.1 1.0859e+06 1.94474e+06 2.32534e+06 3384.55 3033.62 298660 1.98617e+06 2.59751e+07 796472 174176 36497.7 310038 4.20883e+06 71756.7 90147.2
threshold=14.792150000000001 15.069100000000002 1.0000000180025095e-35 3.6478000000000006 1.4550000000000003 4.7750000000000012 5.4615000000000009 7.1250000000000009 7.9250000000000007 1.0000000180025095e-35 4.4650000000000007 1.9550000000000003 9.1609500000000015 8.3430000000000017 6.5750000000000011 4.2579000000000002 7.4350000000000014 6.7459500000000014 0.21500000000000002 7.5256000000000016 12.099050000000002 7.6250000000000009 2.5050000000000003 8.2948500000000021 8.3575000000000017 7.9450000000000012 8.517450000000002 0.46055000000000007 10.969800000000001 8.5626500000000014
decision_type=2 2 2 2 2 2 2 2 2 2 2 2 2 2 2 2 2 2 2 2 2 2 2 2 2 2 2 2 2 2
left_child=2 -2 3 4 18 -6 -5 -7 -9 10 11 -4 13 14 -12 -16 -17 -18 -1 -11 21 22 -21 -24 -25 -23 27 -27 29 -28
right_child=1 -3 9 6 5 7 -8 8 -10 19 12 -13 -14 -15 15 16 17 -19 -20 20 -22 25 23 24 -26 26 28 -29 -30 -31
leaf_value=-4.5547402627029028 -1.7562122745073545 0.0031239366526108858 0.0081937884007713697 -502.26674524871919 -593.49245358641326 -20.278026353617641 -77.224284076557936 -220.82175285435051 -49.920521507915787 0.056968009467724706 -0.010638409913486989 7.8125181618955963 0.056080049601416618 -227.39016550961128 -0.80636097590589173 -29.240145305335901 -547.24466828340758 -3529.5140861223722 -0.4847835172207125 -4840.0680751204482 0.040436501192325974 -1.8423231238423445 -610.10653087058995 -0.053092530027237662 -145.43575125335801 -7.9178317401871441 -0.051838306395136015 -2405.2149657267341 -3.0798900797417046 -114.61824911542551
leaf_weight=0.62083848374091655 39.208500885666076 41.38255592943397 95.64319098412858 0.0013938205270952958 0.0020221000355851422 0.0074154597489374452 0.01166199215657699 0.0011323913174516647 0.0010025966487532175 362.02880793065373 3.7343921810387659 10.422859530970582 317.06527733972894 0.016048311209014954 0.11573146283630845 0.005138766149869088 0.0017361280297766152 0.0010483035189939637 2.882331368374353 0.0029751955906815999 136.7773715874456 1.000035837300121 0.0069655467983500826 0.054855074733495712 0.032992520666914452 0.025101472762799077 0.034204745512546868 0.0019749165848887791 0.50327795175380874 0.034477481188334998
leaf_count=278 3002 102 217 3289 4942 7488 3965 30446 11477 81 8 203 1908 2536 55 292 3654 5077 448 715 323 157 530 7 568 28 14 772 186 378
internal_value=0.00554985 -0.852814 0.0798503 -2.11925 -1.67171 -142.629 -122.601 -47.1682 -140.566 0.0882147 0.214074 0.775106 0.0286609 -2.21539 -1.27873 -39.5753 -605.86 -1670.03 -1.20607 -0.0191628 -0.2182 -21.0659 -239.815 -95.4607 -54.6538 -7.68871 -17.4487 -182.774 -9.62228 -57.5625
internal_weight=1011.63 80.5911 931.036 3.5278 3.51474 0.0115725 0.0130558 0.00955045 0.00213499 927.508 427.005 106.066 320.939 3.8741 3.85805 0.123655 0.0079232 0.00278443 3.50317 500.503 138.474 1.69686 0.0977883 0.0948131 0.0878476 1.59907 0.599037 0.0270764 0.57196 0.0686822
internal_count=83146 3104 80042 62333 55079 54353 7254 49411 41923 17709 13950 420 13530 11622 9086 9078 9023 8731 726 3759 3678 3355 1820 1105 575 1535 1378 800 578 392
is_linear=0
shrinkage=0.05


Tree=40
num_leaves=31
num_cat=2
split_feature=1 1 3 1 1 0 1 1 1 2 2 2 1 3 0 2 4 1 0 0 0 1 1 0 4 2 2 1 1 11
split_gain=15384.7 23371.1 9544.78 332231 747750 4290.23 222600 243161 10754.4 713649 4761.7 2255.72 1455.22 3605.47 360552 1.1312e+06 999777 116365 174793 2987.68 13524.7 22369.1 656.845 1307.92 569.407 281.337 389.11 189.014 257.68 107.233
threshold=14.792150000000001 16.434000000000001 0 10.004750000000001 9.9039000000000019 1.0000000180025095e-35 14.320600000000001 14.367050000000003 8.2946000000000009 8.0150000000000023 3.6550000000000007 1.0000000180025095e-35 7.5256000000000016 1 12.179000000000002 10.325000000000001 1.0000000180025095e-35 13.649400000000002 0.88170000000000015 12.018950000000002 0.46055000000000007 12.576950000000002 1.0000000180025095e-35 3.4343000000000008 1.0000000180025095e-35 4.9850000000000012 0.84500000000000008 12.822250000000002 11.516400000000003 1.0000000180025095e-35
decision_type=2 2 9 2 2 2 2 2 2 2 2 2 2 9 2 2 2 2 2 2 2 2 2 2 2 2 2 2 2 2
left_child=2 -2 3 4 -1 6 8 -8 9 11 -10 -4 22 -14 15 16 -15 19 -19 20 -17 -22 23 -7 -13 26 -26 28 -12 -30
right_child=1 -3 5 -5 -6 12 7 -9 10 -11 27 24 13 14 -16 17 -18 18 -20 -21 21 -23 -24 -25 25 -27 -28 -29 29 -31
leaf_value=-1.1231064219651439 -1.4432320710195925 -0.029234526339063649 -3.8553078358621122 -0.63139443978980181 136.40088067317637 -0.38379366188456854 -1.3145708107868983 68.613446535393606 0.45171096864435267 97.486452628689349 -0.0061390549087248104 -3.197871779027377 0.039710835485423507 -440.69474904491739 -0.029741352428694814 0.050019121046646367 -79.351544719979813 -7.385385722693723 -289.98130251919264 -0.3126539235811604 -15.776869675722978 -98.566632357277442 0.056509162869910978 -4.2910388888058426 -0.35195849966876425 0.050206907132050352 -1.9268264602577532 -0.083228974123580379 0.13040042417542594 0.054844955483044459
leaf_weight=0.28272801465088937 41.280137368202716 100.0482761280097 0.49056508166505963 2.3476846023409426 0.15197041630744934 1.9886155257398204 0.24863462408103382 0.24863424897193914 95.588171669218923 0.19078890840861618 97.653606621191301 0.16863170266138361 97.444216127648914 0.03018311515346378 37.025896718717675 0.15851099789142617 0.052333828829679019 0.013633851045014442 0.0091401108725880607 0.19673396559786391 0.076324570840091893 0.0091355559732453073 347.96053780615807 0.24003319955380287 2.1424666455715968 3.3723139762917489 0.48010727438627698 25.14671558133972 97.39578977302223 90.686855530189931
leaf_count=263 2729 375 166 140 3 6403 15 173 235 9078 4147 47664 271 1199 241 7 906 7 303 7 508 107 80 7333 55 148 202 268 48 65
internal_value=0.0428045 -0.442244 0.11882 1.48087 46.9552 0.0970534 0.216406 33.6494 0.176182 2.1416 0.143085 -0.592173 -0.00273785 -0.142192 -0.493251 -40.9594 -211.524 -10.5924 -120.803 -4.89716 -8.59403 -24.627 0.0510288 -0.804618 -0.332455 -0.251853 -0.640265 0.0481909 0.0597567 0.0939702
internal_weight=1043.13 141.328 901.801 2.78238 0.434698 899.019 413.813 0.497269 413.316 6.84487 406.471 6.65408 485.205 135.016 37.5719 0.545996 0.0825169 0.463479 0.022774 0.440705 0.243971 0.0854601 350.189 2.22865 6.16352 5.99489 2.62257 310.883 285.736 188.083
internal_count=83146 3104 80042 406 266 79636 62264 188 62076 57313 4763 48235 17372 3556 3285 3044 2105 939 310 629 622 615 13816 13736 48069 405 257 4528 4260 113
cat_boundaries=0 1 2
cat_threshold=16 128
is_linear=0
shrinkage=0.05


Tree=41
num_leaves=31
num_cat=1
split_feature=6 1 1 1 1 2 2 2 1 2 2 2 1 2 1 1 5 2 1 2 3 1 1 1 2 2 1 1 1 2
split_gain=23484 888619 1.76469e+06 3609.88 3167.23 85998.9 2216.24 38464 1728.49 954.494 2414.11 2.88268e+06 864.584 2123.21 13089.2 3365.97 733.471 6614.98 593.207 263.941 1238.49 206.701 653.331 198.119 205.049 22.4443 1121.17 1144.68 8841.92 18.235
threshold=1.0000000180025095e-35 14.069300000000002 14.200250000000002 14.792150000000001 1.0000000180025095e-35 1.0000000180025095e-35 1.9550000000000003 4.4650000000000007 16.434000000000001 1.7050000000000003 9.0050000000000008 8.9050000000000029 12.822250000000002 7.6250000000000009 13.989350000000002 14.163950000000002 1.0000000180025095e-35 9.4550000000000018 13.262450000000001 1.7050000000000003 0 13.529600000000002 13.933900000000001 12.057050000000002 7.8250000000000011 5.1750000000000007 8.2946000000000009 8.3901500000000002 9.7701000000000011 0.84500000000000008
decision_type=2 2 2 2 2 2 2 2 2 2 2 2 2 2 2 2 2 2 2 2 9 2 2 2 2 2 2 2 2 2
left_child=3 -2 -3 4 5 -1 19 -8 -5 29 11 -11 16 -14 18 -16 23 -18 -15 20 -6 -20 -23 24 25 -9 -27 -28 -29 -7
right_child=1 2 -4 8 6 9 7 12 -10 10 -12 -13 13 14 15 -17 17 -19 21 -21 -22 22 -24 -25 -26 26 27 28 -30 -31
leaf_value=-87.346788544917274 -0.10947014497750032 -1.4722430212331599 -191.55394056675377 -0.28592533681573723 0.041342825125527741 -0.38228953798785104 1.8122429401905791 0.072372926800694432 0.012147393540911759 -2673.1068738719164 -0.16667238362747994 -0.083402411005427377 -0.028086437420954874 -0.07112471250370582 -3.1603196309603785 -14.343407786282597 -0.017842597626991277 1.185505431182784 -0.80971307454190777 0.076490600697845745 -0.23936192574934864 -4.0826055594635688 -0.35308134897982635 0.12252055034241707 -0.037567482478757436 0.055193353335032017 -0.077429864128399473 -26.29726604002629 -0.062878057857978564 -0.21202642754015472
leaf_weight=0.028638177098284312 25.95635839384909 0.36996275047319027 0.18225580409715381 94.180112382860344 165.82303848250831 2.5221413043311625 33.720191321445327 171.41119384765895 100.57627657348506 0.0010100417231838623 1.2006597828600734 0.72029739618301392 37.082799800518188 3.0082778760818405 0.096556219261762416 0.22196551393543071 53.397385704084826 14.527670407649991 0.55250873777972032 96.429313659667969 40.819767758250237 0.23720913340630634 0.23254367004878596 100.14158336818218 64.64450582597533 60.094035811723671 0.22875818610194454 0.040007486991417374 0.1628628969269737 4.1767181722918139
leaf_count=314 408 52 1779 1372 103 738 763 26 241 53769 6773 49 331 62 67 238 635 457 54 64 637 129 12 49 4050 6541 214 2418 135 666
internal_value=0.0249672 -1.44474 -64.2074 0.0622038 0.10662 -0.845296 0.116388 0.17714 -0.131994 -0.55794 -1.54016 -3.82642 0.0681923 -0.150664 -1.19584 -10.9534 0.0877073 0.239527 -0.424726 0.00818498 -0.0236897 -1.46529 -2.23636 0.0617135 0.0411818 0.0631305 0.0369554 -2.50225 -5.23649 -0.276131
internal_weight=1072.79 26.5086 0.552219 1046.28 851.522 8.64946 842.872 539.8 194.756 8.62083 1.92197 0.721307 506.08 41.4319 4.34906 0.318522 464.648 67.9251 4.03054 303.072 206.643 1.02226 0.469753 396.723 296.581 231.937 60.5257 0.431629 0.20287 6.69886
internal_count=83146 2239 1831 80907 79294 62309 16985 16181 1613 61995 60591 53818 15418 893 562 305 14525 1092 257 804 740 195 141 13433 13384 9334 9308 2767 2553 1404
cat_boundaries=0 1
cat_threshold=8
is_linear=0
shrinkage=0.05


Tree=42
num_leaves=31
num_cat=1
split_feature=1 0 0 5 1 1 1 1 1 1 1 1 4 1 1 3 0 2 0 0 2 2 1 2 1 1 2 2 2 2
split_gain=4817.6 15897.9 3877.86 25434.1 192149 672257 1.42956e+06 97511.3 1.97393e+06 1.20418e+08 3230.43 15852.3 4149.75 1408.8 1194.71 2651.69 234915 4.2088e+06 110656 1160.17 425.238 497.262 281.318 21019.9 274.983 80.5526 72.2451 10.5553 28.6779 6.44681
threshold=14.792150000000001 15.069100000000002 1.0000000180025095e-35 1.0000000180025095e-35 14.116850000000001 14.163950000000002 14.200250000000002 12.822250000000002 11.203800000000003 9.6849500000000024 9.1609500000000015 8.223650000000001 1.0000000180025095e-35 9.6849500000000024 7.5256000000000016 0 11.960000000000003 7.6250000000000009 5.3996500000000003 4.9004500000000011 0.21500000000000002 9.2550000000000008 1.0000000180025095e-35 0.60500000000000009 12.267650000000001 12.057050000000002 5.6550000000000011 1.0050000000000001 1.1050000000000002 7.1050000000000013
decision_type=2 2 2 2 2 2 2 2 2 2 2 2 2 2 2 9 2 2 2 2 2 2 2 2 2 2 2 2 2 2
left_child=2 -2 3 10 7 -6 -7 8 9 -5 11 12 -1 -12 22 -16 17 -17 19 -19 -14 26 23 -4 25 -15 27 -22 -29 -28
right_child=1 -3 14 4 5 6 -8 -9 -10 -11 13 -13 20 24 15 16 -18 18 -20 -21 21 -23 -24 -25 -26 -27 29 28 -30 -31
leaf_value=-9.8250526497898747 -0.61810867311542106 0.2708046442249466 -62.433166940713228 7847.9534310514982 -0.43110482968314029 -1.0240849172974771 309.18697471281388 -0.026577656158203063 -0.20321601183134225 -5.1844909563761838 0.27402236544430653 -13.955024915095169 -1.005920226336549 0.043122125143187105 0.035951579986745884 -880.68970192130098 -0.046895105954070621 -5.6988934945669287 -65.784854614345619 -0.50254428447677002 -0.24161087530163272 -1.8110544639968233 0.055919152997100333 -0.10797278118167096 -0.028797479124505133 0.11241778274750991 0.050186209956951139 -0.20168691102689962 -0.74368257434981899 -0.079515164381310732
leaf_weight=0.11774148792076466 100.36808378303478 100.82931963115492 0.013625623318280655 0.0049724109686676834 0.48765794327482526 0.09631168446526317 0.060447991970228099 31.732878403390771 4.5603117626728391 0.26677636492661411 95.741966247673872 0.22334875166478951 2.170427709817937 71.236265067022742 94.465417960333994 0.014249374235071111 38.796542031647043 0.15655135733389575 0.079111380445637869 0.34222828346537426 2.1908291342551816 0.46167206059777388 312.72010739148118 1.8943639255208866 78.695705086672547 101.9684685971595 3.0374656915664673 0.5593503713607787 0.43297917441404898 1.3994868993759162
leaf_count=52533 3002 102 686 2617 19 9 161 213 89 81 1034 2817 63 325 271 1662 304 380 993 68 41 1718 81 13250 268 13 18 3 193 132
internal_value=0.047225 -0.172633 0.0996406 0.213782 1.45799 28.5232 118.596 0.980995 7.59788 138.511 0.084548 -0.775587 -0.491727 0.110758 -0.00100254 -0.126118 -0.417851 -31.7792 -10.8472 -2.13352 -0.384539 -0.217662 0.0522261 -0.553059 0.0487045 0.0839176 -0.121125 -0.302888 -0.438174 0.00927629
internal_weight=1045.12 201.197 843.927 395.445 37.2094 0.644418 0.15676 36.5649 4.83206 0.271749 358.236 10.5933 10.37 347.642 448.482 133.854 39.3887 0.59214 0.577891 0.49878 10.2522 8.08178 314.628 1.90799 251.9 173.205 7.62011 3.18316 0.99233 4.43695
internal_count=83146 3104 80042 62347 3189 189 170 3000 2787 2698 59158 57518 54701 1640 17695 3678 3407 3103 1441 448 2168 2105 14017 13936 606 338 387 237 196 150
cat_boundaries=0 1
cat_threshold=128
is_linear=0
shrinkage=0.05


Tree=43
num_leaves=31
num_cat=2
split_feature=1 2 2 2 6 1 1 3 2 1 1 1 1 2 2 5 2 1 1 3 2 0 1 1 1 1 0 0 0 1
split_gain=118915 481619 4.38941e+07 344256 3840.17 129328 5.31223e+06 4504.24 29077 274781 63886.7 1938.03 1544.17 1070.04 6024 2214.37 19185.6 116057 1.65217e+06 2127.24 1000.55 478.033 306.373 210.957 203.468 108.435 86.4142 78.3531 61.4511 67.8726
threshold=1.0000000180025095e-35 1.4550000000000003 9.3250000000000011 9.0050000000000008 1.0000000180025095e-35 13.933900000000001 14.163950000000002 0 7.6050000000000013 14.116850000000001 10.361100000000002 12.057050000000002 11.516400000000003 1.7050000000000003 4.4650000000000007 1.0000000180025095e-35 5.0550000000000006 12.267650000000001 4.2579000000000002 1 0.74500000000000011 1.7926000000000004 13.262450000000001 13.933900000000001 12.057050000000002 13.356150000000001 0.14410000000000003 0.21105000000000004 15.069100000000002 10.004750000000001
decision_type=2 2 2 2 2 2 2 9 2 2 2 2 2 2 2 2 2 2 2 9 2 2 2 2 2 2 2 2 2 2
left_child=1 20 3 -3 7 -6 -7 13 11 10 -10 12 -9 19 -15 24 -17 18 -18 28 21 -1 -12 25 26 -24 -16 -22 29 -2
right_child=4 2 -4 -5 5 6 -8 8 9 -11 22 -13 -14 14 15 16 17 -19 -20 -21 27 -23 23 -25 -26 -27 -28 -29 -30 -31
leaf_value=-1.3486027878935412 0.056022826996212374 -50.082643679762612 -9897.1031588463666 -2.3583529812941104 -0.079620381025641326 -1.1603558035576942 -1003.5380053924202 -1.6741520007705082 -38.587508043605986 -55.852801949934133 -0.059939584968446827 -0.40742484545329405 0.06199783810033091 0.45088956436893562 -0.0073079811767172683 0.048026866904169963 -0.33085767755154322 -0.96484595676340013 -364.61159150091527 -0.2970454302303151 -0.50682624351701244 -3.8646051785681799 -1.1125202969054659 -0.1102685294859672 0.099491472186953117 -2.7708159720502752 0.054568561525123786 -0.10547520243185948 0.074288691816445054 -0.0092901105517072674
leaf_weight=2.6392767751045039 79.543979644775405 0.69294092059135348 0.0011265865919135578 0.83105663955211639 29.003076185659111 0.59807342258227347 0.013516363691440492 1.3048695331290492 0.11160074731292358 0.24382761295855537 3.4610531690456114 39.526870241788103 69.253555297851577 99.409699969523786 89.113830506115306 51.976446140671186 0.42237584292888847 5.7232657252783854 0.033602162340549635 46.73804841935646 3.5726738199741357 0.20333333868289427 0.1913281013853797 0.24983282014564667 205.21765751278946 0.20335607773581066 153.82320577616238 1.8435236369190331 94.366683959960938 79.565468453532603
leaf_count=304 14 54003 6637 154 336 85 1794 4565 8068 699 125 1120 16 613 495 67 5 393 685 692 53 682 13 38 189 99 524 500 6 172
internal_value=-0.0492735 -5.53607 -31.351 -24.0579 0.00184794 -0.559432 -23.3133 0.0181365 -0.264411 -4.24483 -1.26097 -0.127131 0.0298904 0.0561605 0.0950366 0.0251679 -0.265104 -2.89899 -27.1756 -0.0204064 -0.768914 -1.52857 -0.246329 -1.24724 0.0628356 -1.96694 0.0318711 -0.370217 0.0407152 0.0233619
internal_weight=1059.88 9.78393 1.52512 1.524 1050.1 29.6147 0.61159 1020.48 114.546 4.461 4.21717 110.085 70.5584 905.934 605.72 506.31 58.1557 6.17924 0.455978 300.214 8.25881 2.84261 4.10557 0.644517 448.155 0.394684 242.937 5.4162 253.476 159.109
internal_count=83146 62333 60794 54157 20813 2215 1879 18598 14743 9042 8343 5701 4581 3855 2971 2358 1150 1083 690 884 1539 986 275 150 1208 112 1019 553 192 186
cat_boundaries=0 1 2
cat_threshold=140 8
is_linear=0
shrinkage=0.05


Tree=44
num_leaves=31
num_cat=3
split_feature=1 0 3 1 1 1 0 0 4 5 3 1 1 1 5 1 1 1 0 3 1 11 0 0 0 0 0 0 1 0
split_gain=94746.8 24178.5 3878.02 9403.32 708265 397294 3298.53 71863.3 2304.31 5312.61 5537.09 96138.2 1.79035e+06 9772.17 4993.64 2080.15 1583.51 1101.82 12045.4 611.728 1201.21 23583.8 110.379 143.354 3.02697 5.31608 6.65462 2.21821 1.5451 0.00116261
threshold=1.0000000180025095e-35 0.21105000000000004 0 12.057050000000002 14.034400000000002 14.069300000000002 3.4343000000000008 8.0068500000000018 1.0000000180025095e-35 1.0000000180025095e-35 1 13.175050000000001 14.163950000000002 11.516400000000003 1.0000000180025095e-35 9.6849500000000024 12.267650000000001 9.1609500000000015 5.3996500000000003 2 6.2792500000000011 1.0000000180025095e-35 14.217000000000002 5.1990000000000007 3.2471000000000005 1.7926000000000004 2.3613500000000003 3.0440500000000008 12.057050000000002 1.7587500000000003
decision_type=2 2 9 2 2 2 2 2 2 2 9 2 2 2 2 2 2 2 2 9 2 2 2 2 2 2 2 2 2 2
left_child=1 -1 3 -2 -5 -6 24 -8 14 19 11 13 -13 -11 15 17 -12 18 -4 22 -21 -22 23 28 25 29 -27 -28 -10 -3
right_child=2 6 8 4 5 -7 7 -9 9 10 16 12 -14 -15 -16 -17 -18 -19 -20 20 21 -23 -24 -25 -26 26 27 -29 -30 -31
leaf_value=-7.0847641334105607 0.047952446993921198 -0.070941211341499083 -11.441191725781071 0.025273374370711726 -0.18024197964311711 -87.947769830652561 -375.75093698175078 -3.1964223445416762 0.053227452164650413 0.0037562643329268302 0.27420818917575718 -0.33498887825516865 145.95359249962561 1.507853447189242 -0.39322268917241976 -0.129364487529087 -0.097695818554442107 0.2983455334145072 0.057252650223482721 0.059351131632219473 -5.4456768761317882 0.001415267750291859 0.091389956236980152 -0.047181718427200856 -0.076124323171773575 -0.51976549743465517 -0.076124323161418581 -0.29794491022333419 0.061963064293974801 -0.07612432317242615
leaf_weight=5.8827386386211691 73.554810285308662 0.20805329097454936 0.22879770536896771 30.964276570272098 0.20049552260025 0.36127686634632478 0.0013304913884297628 0.047713298350605352 98.960570300253437 50.631598934668304 61.408542652851622 3.3797261728263801 0.22294604070566482 13.726541745038586 77.759164097512127 80.058845843699174 53.608208045100014 87.519615173577449 50.396537780764142 61.105706676840647 2.1026567502011693 36.16390913792408 195.22433323798498 38.827518491748322 0.67622217539091423 0.22540739183030223 0.2254073918863149 0.22540739190116552 103.62104034423828 0.22540739179133887
leaf_count=48585 206 2662 11411 381 28 1906 5402 2119 39 314 49 297 544 160 1735 916 433 1103 73 9 763 120 14 200 317 707 1455 900 112 186
internal_value=-0.000751757 -5.52175 0.0372914 -0.238962 -0.984172 -56.6237 -0.510814 -13.3033 0.0675814 0.116584 0.349206 0.670791 8.71786 0.324556 -0.0491776 0.0734265 0.092799 0.190949 0.00528623 0.0371734 -0.0710648 -0.297889 0.0620144 0.0408276 -0.159512 -0.210326 -0.297945 -0.187035 0.0576957 -0.0736365
internal_weight=1127.74 7.71769 1120.03 105.081 31.526 0.561772 1.83495 0.0490438 1014.95 718.983 182.978 67.9608 3.60267 64.3581 295.963 218.204 115.017 138.145 50.6253 536.006 99.3723 38.2666 436.633 241.409 1.78591 1.10968 0.676222 0.450815 202.582 0.433461
internal_count=83146 62333 20813 2521 2315 1934 13748 7521 18292 3054 1797 1315 841 474 15238 13503 482 12587 11484 1257 892 883 365 351 6227 5910 3062 2355 151 2848
cat_boundaries=0 1 2 3
cat_threshold=256 20 136
is_linear=0
shrinkage=0.05


Tree=45
num_leaves=31
num_cat=4
split_feature=4 2 2 0 3 3 5 3 2 0 0 2 2 0 2 2 2 2 2 2 0 0 2 0 2 3 0 0 0 0
split_gain=6355.95 577578 1.18583e+07 1.38288e+06 9963.78 2796.68 6547.21 3949.45 50471.1 306948 726687 2548.09 1152.86 930.43 564.477 1005 460.328 223.141 531.848 3321.16 5975.99 8189.1 1529.42 11579.3 117.776 215.883 184.314 56.9717 38.7437 7.8959
threshold=1.0000000180025095e-35 7.8150000000000004 8.0650000000000031 11.960000000000003 0 1 1.0000000180025095e-35 2 10.565000000000003 4.4451500000000008 11.287150000000002 1.9550000000000003 7.6150000000000011 12.248250000000002 7.5950000000000006 4.8750000000000009 1.7050000000000003 5.705000000000001 1.0000000180025095e-35 0.84500000000000008 3.3678000000000003 3.4324000000000008 3.2850000000000006 1.7587500000000003 8.0150000000000023 3 7.2551000000000014 15.069100000000002 4.8569000000000004 14.217000000000002
decision_type=2 2 2 2 9 9 2 9 2 2 2 2 2 2 2 2 2 2 2 2 2 2 2 2 2 9 2 2 2 2
left_child=1 4 -3 -4 11 12 17 8 -8 -10 -11 16 14 -5 15 -2 -1 18 27 -20 22 -22 23 -21 29 -26 -27 28 -7 -19
right_child=5 2 3 13 -6 6 7 -9 9 10 -12 -13 -14 -15 -16 -17 -18 24 19 20 21 -23 -24 -25 25 26 -28 -29 -30 -31
leaf_value=-0.089881336440148882 -0.09198186624538239 -4147.9421803836394 -209.82472105838926 -0.88049822283641754 -0.55146343792940944 -0.024555707788166924 0.22247224727268233 0.10711842249331704 2.274606181271003 -4.0651729333087578 136.27902606555912 0.40369756511922034 -0.3991635159087441 -5.2550261878809259 0.059842845592448027 -0.74556608187586693 0.071803880996950162 0.083829023450682952 0.0087789645230423805 -12.476546009380266 -0.074209440774291452 -13.722707449799907 -0.30145639090227117 -0.071772267580667057 0.085058517605877085 -0.10668883434703197 0.036339523146465255 0.072264751988000239 0.042250968774120247 0.1033613421236787
leaf_weight=84.771221830667869 65.002388204447925 0.0017598875618948231 0.097011653500582329 0.24280967749659274 76.406017906915736 35.708141326903927 50.120360780441459 72.341136111532208 7.8837098447879521 0.25197603181004513 0.14549316538317658 48.38311003715819 30.569488281129594 0.2433979599361181 56.99432373046875 6.4668378078933122 91.578514269662648 103.39095614705795 40.414662247293556 0.2295884564194105 0.2198044061660763 0.21980440617099387 3.694127699001724 1.0416361989772338 103.87484003032407 36.606340489141559 58.552606104545788 89.245292663574219 55.328960418701172 103.57284545898438
leaf_count=632 817 10685 7573 52 53849 93 1403 407 369 404 178 326 1242 340 6 326 18 364 346 176 2 486 193 95 221 2088 384 5 64 2
internal_value=0.00593756 -0.193254 -49.8278 -37.4616 -0.0968366 0.0711318 0.110199 0.433725 0.700073 4.43604 47.3077 0.0787639 -0.115906 -3.07041 -0.0575244 -0.151121 -0.00591811 0.0450252 0.00521658 -0.146895 -1.31092 -6.89846 -0.816226 -2.31213 0.0671947 0.0397335 -0.016905 0.0438765 0.0160469 0.0936038
internal_weight=1223.6 301.724 0.584979 0.583219 301.139 921.875 762.842 130.743 58.4015 8.28118 0.397469 224.733 159.033 0.486208 128.464 71.4692 176.35 632.1 226.102 45.8196 5.40496 0.439609 4.96535 1.27122 405.998 199.034 95.1589 180.282 91.0371 206.964
internal_count=83146 73475 18650 7965 54825 9671 7280 2761 2354 951 582 976 2391 392 1149 1143 650 4519 1460 1298 952 488 464 271 3059 2693 2472 162 157 366
cat_boundaries=0 1 2 3 4
cat_threshold=136 768 20 128
is_linear=0
shrinkage=0.05


Tree=46
num_leaves=27
num_cat=1
split_feature=1 0 2 1 0 0 2 11 1 1 3 2 1 0 2 1 2 2 1 2 1 2 0 1 0 0
split_gain=477460 2.21873e+07 3.76508e+07 4302.18 13827.3 1844.2 3817.14 1845.18 1491.47 1577.15 1165.52 361106 2.68597e+06 409.755 55103.6 353.412 238.634 176.195 18.0886 13.8309 6.26122 5.64533 7.47308 5.50208 1.88473 0.00250289
threshold=1.0000000180025095e-35 0.21105000000000004 0.84500000000000008 14.792150000000001 15.069100000000002 1.0000000180025095e-35 4.4650000000000007 1.0000000180025095e-35 11.203800000000003 11.813500000000003 0 6.1850000000000014 10.781950000000002 3.3678000000000003 1.2150000000000001 12.267650000000001 7.8250000000000011 5.1750000000000007 14.275750000000002 2.2650000000000001 5.347900000000001 1.2150000000000001 3.2471000000000005 14.233800000000002 2.5014500000000006 1.7926000000000004
decision_type=2 2 2 2 2 2 2 2 2 2 9 2 2 2 2 2 2 2 2 2 2 2 2 2 2 2
left_child=1 2 -1 5 -5 6 -2 16 10 -10 17 -12 -13 21 -15 -11 18 -8 19 23 -21 22 24 -7 -3 -23
right_child=3 13 -4 4 -6 7 8 -9 9 15 11 12 -14 14 -16 -17 -18 -19 -20 20 -22 25 -24 -25 -26 -27
leaf_value=-203.53857790153464 0.44328351531426735 -0.53949741743891344 -4375.082649328865 -0.56645740993171567 0.28863956201596874 0.056716717709877622 0.074272371124322764 -0.32172396936365683 0.27641440381247934 0.093861628121284207 0.04409982916083497 -876.21448443827217 -0.054342445805000361 -253.11015441332535 -0.072477851650184333 -0.076921679893307934 -0.057604428798989749 -0.020095131590280261 0.025461920624001606 0.053396579812810985 0.025892444283219074 -0.072532602096177429 -0.07253275870399721 0.072833916603792334 -0.32460376662526408 -0.064459174214184248
leaf_weight=0.017445714619403481 88.064189303799708 0.21414896851128395 0.0078397648100301184 103.77499896725114 86.836668451057434 130.1852951049805 95.378326416015724 39.321818434404008 145.31995074502581 103.43672019766265 13.163605690002296 0.0099285186549168541 0.073523521431938063 0.0021733972243978264 0.21395167191553818 42.83738719716149 57.792649115623931 102.75208215141599 54.72681760275708 40.349960863211997 42.472583918603995 0.21415045687990636 0.21414896848052245 89.258277893066406 0.19489097603026795 0.17399789400845916
leaf_count=242 420 226 48343 3002 102 106 17 1542 42 21 6 12478 4 747 6914 413 1400 549 122 7 576 2738 12 6 100 3011
internal_value=0.010276 -30.842 -1496.93 0.0415524 -0.176902 0.0813939 0.139612 0.00562102 0.0864429 0.15975 -0.0146839 -0.34942 -104.294 -0.64091 -2.61708 0.0438466 0.0366534 0.0241154 0.0519126 0.0567016 0.0392921 -0.218598 -0.311828 0.0632724 -0.437109 -0.0689135
internal_weight=1237.01 1.25275 0.0252855 1235.75 190.612 1045.14 591.036 454.107 502.972 291.594 211.377 13.2471 0.083452 1.22746 0.216125 146.274 414.786 198.13 356.993 302.266 82.8225 1.01134 0.623189 219.444 0.40904 0.388148
internal_count=83146 62333 48585 20813 3104 17709 13950 3759 13530 476 13054 12488 12482 13748 7661 434 2217 566 817 695 583 6087 338 112 326 5749
cat_boundaries=0 1
cat_threshold=4
is_linear=0
shrinkage=0.05


Tree=47
num_leaves=20
num_cat=2
split_feature=1 1 1 2 3 2 2 1 5 2 5 3 1 2 11 2 2 1 2
split_gain=4805.03 4126.46 15752.3 1884.16 1293.35 2447.06 5864.13 1224.62 1594.2 1567.97 348.115 550.762 133.115 19.5633 13.6123 1.40379 184.87 0.194225 0.00252693
threshold=1.0000000180025095e-35 14.792150000000001 16.434000000000001 1.2150000000000001 0 1.7050000000000003 4.5050000000000008 11.203800000000003 1.0000000180025095e-35 5.9650000000000007 1.0000000180025095e-35 1 11.813500000000003 5.705000000000001 1.0000000180025095e-35 5.0550000000000006 8.6050000000000022 6.8046000000000006 1.3250000000000004
decision_type=2 2 2 2 9 2 2 2 2 2 2 9 2 2 2 2 2 2 2
left_child=3 4 -3 -1 5 -2 -7 9 14 13 12 -12 15 -8 -9 -6 17 -17 -5
right_child=1 2 -4 18 10 6 7 8 -10 -11 11 -13 -14 -15 -16 16 -18 -19 -20
leaf_value=-5.3709280863612046 -0.21059328503988303 -0.72368118622378108 0.23774573914733624 -1.2722098239384105 0.055734541704740959 0.52888304962029775 0.063234485819755257 0.082983826331156807 0.34028574013754892 -0.21057524239089409 0.03677458950347947 -0.18731071937245658 -0.027458083657919977 0.09217799507175134 0.05120093182178509 0.054929486037618436 -1.3138290030528477 0.047664969955089231 -1.2653418588382588
leaf_weight=0.53724535238042814 51.649579411606624 76.062222669102795 96.853788110019622 0.20811590401560148 135.42073064994534 86.792378444509723 134.8851966858488 102.73101812600089 87.39518186339447 59.840352872191914 54.025721293020617 44.867620502113532 71.232754606602242 102.93589782714844 50.12667529511711 33.878623962402315 0.24872660636904598 12.631447792061378 0.37571445352531169
leaf_count=1356 552 2729 375 88 55 539 108 97 498 1518 224 1256 399 22 69 3852 51 8469 60889
internal_value=0.0377775 0.0408302 -0.185166 -3.23411 0.0788198 0.118413 0.147511 0.0859762 0.16995 0.0181983 -0.000537799 -0.0801143 0.0304955 0.0757621 0.0725613 0.0531555 0.0456861 0.0529566 -1.26779
internal_weight=1202.7 1201.58 172.916 1.12108 1028.66 676.356 624.707 537.914 240.253 297.661 352.306 98.8933 253.412 237.821 152.858 182.18 46.7588 46.5101 0.58383
internal_count=83146 20813 3104 62333 17709 3403 2851 2312 664 1648 14306 1480 12826 130 166 12427 12372 12321 60977
cat_boundaries=0 1 2
cat_threshold=132 512
is_linear=0
shrinkage=0.05


Tree=48
num_leaves=30
num_cat=4
split_feature=3 1 0 1 4 5 5 3 1 1 1 1 1 1 3 1 0 1 3 1 1 0 1 1 0 6 1 0 0
split_gain=3322.97 6873.8 569304 4.50772e+06 2132.29 5839.43 5491.98 10308.8 885512 2.90696e+06 1.16089e+07 8.53588e+07 435165 2219.58 1810.19 543.221 246.095 486.921 703.284 59.0899 29.7625 62.8933 1098.64 32.3016 18.2812 1.17553 0.575184 0.167662 0.311063
threshold=0 13.529600000000002 12.179000000000002 14.069300000000002 1.0000000180025095e-35 1.0000000180025095e-35 1.0000000180025095e-35 1 11.516400000000003 13.356150000000001 14.034400000000002 14.116850000000001 12.822250000000002 9.7701000000000011 2 13.933900000000001 14.217000000000002 8.3430000000000017 3 11.516400000000003 8.1981500000000018 3.3678000000000003 4.2579000000000002 1.0000000180025095e-35 1.7926000000000004 1.0000000180025095e-35 5.8903500000000006 5.7690500000000009 4.8569000000000004
decision_type=9 2 2 2 2 2 2 9 2 2 2 2 2 2 9 2 2 2 9 2 2 2 2 2 2 2 2 2 2
left_child=1 19 3 15 5 13 16 8 -8 12 -11 -12 -10 14 -2 -3 17 20 -19 -1 21 22 23 24 -6 -21 27 28 -23
right_child=4 2 -4 -5 6 -7 7 -9 9 10 11 -13 -14 -15 -16 -17 -18 18 -20 25 -22 26 -24 -25 -26 -27 -28 -29 -30
leaf_value=-0.063900515319617712 0.058135158123543446 -3.2686795015487178 0.036505982313113548 -358.19134065466852 -1.119083177153344 -0.45939760945449293 -0.026120358836761334 0.054289880272354631 73.663896643847451 -12.623065720213589 -6.8988734250249228 7967.7511509068054 -0.58130803302398837 -0.13711047730449408 0.47917761603972214 -0.24885153565712559 0.096038763485643552 0.035354726864535592 -0.18068475790727226 0.047618004995607838 0.08797333407791269 0.054502043660406098 -3.9584234527160249 0.050549648024715378 -0.053592167821490261 0.058173180730804165 0.062924398083931798 0.054385089190578419 0.060533563320575849
leaf_weight=12.126760169888099 91.345286411346507 0.19643325241456666 52.557558793634037 0.099093471593229676 0.09405470685814836 66.391116579124855 39.677668472751975 97.196266735596254 0.27080767765964286 0.075500244048495868 0.021905077498734826 0.0039625738285313785 0.72767185846434057 72.20205258571977 32.377735139206948 0.61567345324503286 200.73946763912289 101.74440011346398 48.516997437589183 55.612113626774644 101.91934967041016 33.327965801298745 0.17980719777285248 4.4605016708374094 0.070382270866882493 50.179157046142407 67.687362670898438 36.850300908088684 59.609886169433594
leaf_count=4517 3134 204 339 1929 2136 5709 1353 407 110 211 34 562 84 716 58958 85 52 208 829 216 10 321 53 6 238 59 12 540 114
internal_value=0.0356294 -0.16307 -0.642825 -39.8263 0.0687867 -0.0541384 0.110307 0.397015 0.964167 45.4557 300.575 1214.71 19.5555 0.0831876 0.211749 -0.979291 0.0499318 0.029566 -0.0440728 0.0406411 0.0659403 0.0548389 -0.123899 0.0251787 -0.663032 0.0526246 0.0591878 0.057239 0.0583706
internal_weight=1226.88 171.387 53.4688 0.9112 1055.49 262.316 793.174 137.974 40.7775 1.09985 0.101368 0.0258677 0.99848 195.925 123.723 0.812107 655.2 454.461 150.261 117.918 304.2 202.28 4.80475 4.62494 0.164437 105.791 197.476 129.788 92.9379
internal_count=83146 7349 2557 2218 75797 68517 7280 2761 2354 1001 807 596 194 62808 62092 289 4519 4467 1037 4792 3430 3420 2433 2380 2374 275 987 975 435
cat_boundaries=0 1 2 3 4
cat_threshold=768 20 4 128
is_linear=0
shrinkage=0.05


Tree=49
num_leaves=21
num_cat=0
split_feature=1 1 11 1 1 2 1 2 2 1 2 1 2 6 1 2 2 2 2 2
split_gain=10315.9 9686.04 1799.61 1659.45 17935.6 36247.6 7108.41 1539.48 2098.67 300182 1.24556e+07 1263.01 289.447 182.185 34.0113 50.2768 22.5347 6.11711 2.96159 2.7508
threshold=14.449450000000002 16.434000000000001 1.0000000180025095e-35 9.6694000000000013 1.0000000180025095e-35 1.1050000000000002 11.813500000000003 5.9650000000000007 10.655000000000003 4.2579000000000002 10.185 11.516400000000003 1.3250000000000004 1.0000000180025095e-35 12.267650000000001 2.2650000000000001 5.0550000000000006 5.705000000000001 0.74500000000000011 1.7050000000000003
decision_type=2 2 2 2 2 2 2 2 2 2 2 2 2 2 2 2 2 2 2 2
left_child=2 -2 3 4 5 -1 -5 16 9 -9 -11 -4 -7 14 -8 19 18 -18 -6 -16
right_child=1 -3 11 6 7 12 13 8 -10 10 -12 -13 -14 -15 15 -17 17 -19 -20 -21
leaf_value=-50.999203870533478 -0.69236071739936822 0.0040585590404365827 0.03472570908178392 0.52436284223363205 0.05800448221082416 -7.6052262325035391 0.083689525225314934 0.048221255347067428 -0.026849490082516275 -2345.2983617296795 -1.3000781298149355 -0.30606591807501143 -2.8408816301405491 -0.044096492958111015 0.055572580153448119 0.0062239026743370713 0.067858909268921894 0.085224685835842237 0.044735797811896641 0.068618375350931168
leaf_weight=0.050929915159969891 97.069614320781724 102.80728234820391 54.904223924044373 98.627895539517169 89.039459228515597 0.039716682768346501 101.2227935791723 21.420821405608411 65.193875029683397 0.0057989601114759584 0.24999985098838806 53.855904539434476 0.16154110999608898 48.700960235479158 77.620165219415696 52.915015936268873 102.29054069525148 100.56613922119141 79.694961464868044 84.282211303710938
leaf_count=1278 3337 375 172 850 28 159 36 59 426 12892 38 1622 60825 484 68 313 66 21 77 20
internal_value=-0.00541087 -0.334155 0.0583316 0.0810204 0.013605 -13.3169 0.147759 0.0209377 -0.168559 -0.594759 -54.4385 -0.134028 -3.78109 0.0459228 0.0597946 0.0485352 0.0652382 0.076468 0.0517375 0.0623639
internal_weight=1230.72 199.877 1030.84 922.083 458.714 0.252188 463.369 458.462 86.8705 21.6766 0.255799 108.76 0.201258 364.741 316.04 214.817 371.591 202.857 168.734 161.902
internal_count=83146 3712 79434 77640 75869 62262 1771 13607 13415 12989 12930 1794 60984 921 437 401 192 87 105 88
is_linear=0
shrinkage=0.05


Tree=50
num_leaves=22
num_cat=1
split_feature=6 11 3 1 1 1 1 1 1 1 5 0 1 5 1 1 0 1 0 0 1
split_gain=9893.42 5522.49 4512.26 57385.7 574800 3.63324e+06 1.20219e+07 4223.74 882.019 6467.16 1754 600.401 1178 106.723 20.2879 24.2527 183.85 0.822108 0.298422 0.202614 0.0820235
threshold=1.0000000180025095e-35 1.0000000180025095e-35 0 7.6804000000000014 14.069300000000002 17.953850000000006 16.214600000000004 11.516400000000003 9.6694000000000013 11.813500000000003 1.0000000180025095e-35 12.248250000000002 12.267650000000001 1.0000000180025095e-35 8.223650000000001 8.1981500000000018 1.7587500000000003 5.8903500000000006 5.3996500000000003 4.8569000000000004 4.2579000000000002
decision_type=2 2 9 2 2 2 2 2 2 2 2 2 2 2 2 2 2 2 2 2 2
left_child=1 2 3 -1 -5 6 -6 -3 10 -10 14 12 -11 -13 15 16 -4 18 19 -18 -20
right_child=-2 7 8 4 5 -7 -8 -9 9 11 -12 13 -14 -15 -16 -17 17 -19 20 -21 -22
leaf_value=0.026612222646905971 -0.68909138220542232 0.033811124934841612 -0.28175631145469648 -1.120051666061155 -3618.9480063062147 -1.0737086209893532 -165.9687390792233 -0.56429430275432835 0.47635274094150504 0.081705763592708786 -0.29635200844496579 0.10515543428055424 -0.17952451794487348 0.047625678323804155 0.033607816928651751 0.081336102151111964 0.05426381718678347 0.062466455054581108 0.050316679860878392 0.059356097501502697 0.054321273586359922
leaf_weight=12.033965110778793 50.266835884708598 53.603370647418785 4.0631320399493225 1.2970939247114432 0.003080963157117921 0.098280288279056549 0.013862267136574236 65.692127661949428 103.78376072250171 99.756484985351491 39.040621345862746 205.64444842899064 76.059706435845513 132.59087995354565 87.159576416018808 98.917701721191406 30.271740075308571 66.249839782714844 20.517799377444589 55.068042755126953 33.935575306415558
leaf_count=905 2239 172 57119 326 568 4 89 2429 730 21 5969 74 675 95 4174 79 5433 59 1407 576 3
internal_value=-0.00204318 0.0270812 0.0631691 -0.62648 -10.6271 -117.65 -793.86 -0.295546 0.0771912 0.116331 0.0234034 0.0436444 -0.0313049 0.0826033 0.0549127 0.0609217 0.0513106 0.0578786 0.0557044 0.0575498 0.0528124
internal_weight=1236.07 1185.8 1066.51 13.4463 1.41232 0.115224 0.0169432 119.295 1053.06 617.835 435.224 514.052 175.816 338.235 396.183 309.024 210.106 206.043 139.793 85.3398 54.4534
internal_count=83146 80907 78306 1892 987 661 657 2601 76414 1595 74819 865 696 169 68850 64676 64597 7478 7419 6009 1410
cat_boundaries=0 1
cat_threshold=272
is_linear=0
shrinkage=0.05


Tree=51
num_leaves=24
num_cat=1
split_feature=1 0 1 1 2 5 3 0 1 1 1 2 0 1 1 0 1 0 1 4 0 0 2
split_gain=9085.9 12407.8 1090.75 2007.33 4794.26 1548.11 1155.88 35444.5 183479 16994.3 29498.4 108.744 44915.5 27.1177 16.8348 16.2489 7.702 7.42982 2.87209 0.844649 0.136009 0.139191 0.0239715
threshold=14.449450000000002 15.069100000000002 12.267650000000001 9.6694000000000013 10.655000000000003 1.0000000180025095e-35 0 12.248250000000002 13.883700000000003 13.262450000000001 13.836400000000001 7.8250000000000011 7.2551000000000014 14.163950000000002 8.1981500000000018 0.14410000000000003 14.200250000000002 0.69560000000000011 8.2946000000000009 1.0000000180025095e-35 4.8569000000000004 7.7317000000000009 1.1050000000000002
decision_type=2 2 2 2 2 2 9 2 2 2 2 2 2 2 2 2 2 2 2 2 2 2 2
left_child=2 -2 3 5 -5 11 13 8 9 -8 -11 14 -13 -4 17 -6 -15 -1 -16 -19 22 -22 -21
right_child=1 -3 6 4 15 -7 7 -9 -10 10 -12 12 -14 16 18 -17 -18 19 -20 20 21 -23 -24
leaf_value=0.01315884075378379 -0.69076484368886359 0.083283515766754884 0.018962020557485484 0.50009792280658505 0.075748783076889162 -0.2458600778360964 -1.336801184499308 0.043854769189368446 -55.602397279637614 -28.02883755672174 -1.8370170053837911 -25.401193826720444 0.061711547585171236 0.065671678241154427 0.079820209732253969 0.044370172479997839 0.040658310089391872 0.044969796652718504 0.06727058032413534 0.054075891908828222 0.058816917369211234 0.054650133494083125 0.050436125556407654
leaf_weight=11.736372909226558 103.49474482605972 103.59550552250614 76.989334251311192 87.327067901462527 194.73774976651353 48.88976325839775 3.5029102508689429 79.938740622235926 0.16978851386029692 0.17088144970189278 0.28982695937156167 0.17366054654121299 63.770069122314453 82.372119218111038 97.055564880371065 52.347286634570366 49.130844116224836 19.6112933868243 85.977714538577544 28.903509140014645 52.850341796875 32.286342620849609 5.3629893384384273
leaf_count=42799 3608 104 698 826 72 6647 402 78 466 393 39 15814 592 45 216 225 236 6433 2562 223 170 166 332
internal_value=-0.000321616 -0.303552 0.0581699 0.0890152 0.18165 0.0196536 -0.0241749 -0.169441 -4.70444 -2.52414 -11.5518 0.0522913 -0.00744147 0.0405825 0.0637344 0.0691009 0.0563264 0.0513614 0.0739252 0.0545866 0.0561662 0.0572367 0.0535062
internal_weight=1280.68 207.09 1073.59 781.03 334.412 446.618 292.564 84.0721 4.13341 3.96362 0.460708 397.728 63.9437 208.492 333.784 247.085 131.503 150.751 183.033 139.014 119.403 85.1367 34.2665
internal_count=83146 3712 79434 77077 1123 75954 2357 1378 1300 834 432 69307 16406 979 52901 297 281 50123 2778 7324 891 336 555
cat_boundaries=0 1
cat_threshold=776
is_linear=0
shrinkage=0.05


Tree=52
num_leaves=21
num_cat=3
split_feature=6 11 3 0 0 0 3 0 7 5 3 0 0 4 5 4 0 0 0 5
split_gain=5850.76 5536.56 2760.96 4206.7 1.02324e+06 33075.9 2088.36 277.412 377.66 255.05 234.389 108.086 92.7879 83.8817 995.695 15.0208 2.12538 0.762168 0.56895 0.881854
threshold=1.0000000180025095e-35 1.0000000180025095e-35 0 14.746550000000001 1.0000000180025095e-35 13.570150000000002 1 0.072350000000000012 1.0000000180025095e-35 1.0000000180025095e-35 2 7.7974000000000006 3.3678000000000003 1.0000000180025095e-35 1.0000000180025095e-35 1.0000000180025095e-35 7.2551000000000014 3.4324000000000008 7.3207000000000013 1.0000000180025095e-35
decision_type=2 2 9 2 2 2 9 2 2 2 9 2 2 2 2 2 2 2 2 2
left_child=1 2 7 4 9 -6 -3 10 11 -4 -1 12 -9 -12 -15 -14 17 -17 -18 -20
right_child=-2 6 3 -5 5 -7 -8 8 -10 -11 13 -13 15 14 -16 16 18 -19 19 -21
leaf_value=0.024095384194145798 -0.4241338446257592 -0.059500951248573734 -0.24177474051898618 0.025074558612231141 -303.2172075486082 -149.6453331327302 -0.50285569210095005 -0.16519064078243581 0.11800733848498668 -0.56626154803480566 0.17937072383501934 -0.021318367791205533 0.0073655541669185188 0.056856038902404461 0.25528895757260001 0.053831328518165217 0.061010660974180148 0.043506804096380983 0.047919382333537174 0.058382362012430813
leaf_weight=80.122505260913556 76.4732208888081 68.209290408253352 11.595109706511552 47.735949471592903 0.027863219564107519 0.0040108254144956132 50.735499066104197 5.0990193519992024 193.19660186781539 12.676209352512805 83.542915353469937 78.26410496529968 18.831235885620174 191.34765324699791 94.408649989755617 27.608564459718714 61.339092254638672 50.702665880088965 30.847797393798828 58.007835388183594
leaf_count=185 2239 660 54079 199 9269 149 1941 1402 69 711 4501 2109 1868 2155 371 8 11 1100 53 67
internal_value=-0.00048326 0.0273428 0.0641216 -0.217376 -0.783036 -283.893 -0.295891 0.0863029 0.0624662 -0.411245 0.11601 0.0300188 0.0459351 0.131732 0.122415 0.0502876 0.0538248 0.0471467 0.0573068 0.05475
internal_weight=1240.78 1164.3 1045.36 72.0391 24.3032 0.031874 118.945 973.319 523.897 24.2713 449.422 330.7 252.436 369.299 285.756 247.337 228.506 78.3112 150.195 88.8556
internal_count=83146 80907 78306 64407 64208 9418 2601 13899 6687 54790 7212 6618 4509 7027 2526 3107 1239 1108 131 120
cat_boundaries=0 1 2 3
cat_threshold=140 256 8
is_linear=0
shrinkage=0.05


Tree=53
num_leaves=20
num_cat=1
split_feature=1 2 11 1 1 5 1 3 1 2 2 1 1 1 1 1 4 2 1
split_gain=8975.25 9250.54 1307.81 1215.58 6386.63 1230.16 939.745 117.764 284.447 110.957 15.896 10.7148 10.2589 3.16111 2.60246 1.87061 0.359887 0.0426269 0.00746376
threshold=14.449450000000002 1.0000000180025095e-35 1.0000000180025095e-35 9.6694000000000013 11.813500000000003 1.0000000180025095e-35 11.516400000000003 0 14.405750000000003 7.8250000000000011 10.655000000000003 8.1981500000000018 14.233800000000002 8.2946000000000009 5.5978500000000011 12.267650000000001 1.0000000180025095e-35 1.1050000000000002 4.2579000000000002
decision_type=2 2 2 2 2 2 2 9 2 2 2 2 2 2 2 2 2 2 2
left_child=2 -2 3 5 -5 9 -4 10 -9 11 12 14 -6 -13 16 -12 -1 18 -18
right_child=1 -3 6 4 7 -7 -8 8 -10 -11 15 13 -14 -15 -16 -17 17 -19 -20
leaf_value=0.047139098645803457 0.015376957344534835 -0.67162437112165485 0.044520198808261802 0.52227735725166058 0.037964502334212856 -0.20220541569515685 -0.21385153257570486 -0.16359668532551441 0.055316851042278417 -0.013417986928654368 0.077207784251577524 0.076010759180428503 0.063444315402632651 0.062311222021028748 0.031243442944901213 0.067176739589846199 0.055133294186076424 0.050534587226347565 0.054196823447162396
leaf_weight=18.706134004112272 103.23546600341798 93.268216962547726 70.181226867022929 86.469379594946417 78.950419614783328 55.78379324963322 70.593138029532497 21.723631037318732 46.819671630859382 58.961494445803623 94.64691162109375 93.355163574218764 79.067733764648438 76.707496643070655 14.532540916693021 91.317963272632909 75.484003067016516 5.9949598266249202 29.628410339355469
leaf_count=42625 223 3489 172 850 212 6600 1622 390 10 16383 12 216 52 2559 6184 245 500 801 1
internal_value=-0.000128061 -0.3107 0.0569654 0.0785042 0.13157 0.0168029 -0.0850437 0.0496735 -0.0122734 0.0495241 0.060612 0.0613277 0.0507139 0.0698315 0.0513089 0.072282 0.0535552 0.0546354 0.0548693
internal_weight=1265.43 196.504 1068.92 928.15 498.996 429.154 140.774 412.526 68.5433 373.37 343.983 314.409 158.018 170.063 144.346 185.965 129.814 111.107 105.112
internal_count=83146 3712 79434 77640 1771 75869 1794 921 400 69269 521 52886 264 2775 50111 257 43927 1302 501
cat_boundaries=0 1
cat_threshold=392
is_linear=0
shrinkage=0.05


Tree=54
num_leaves=21
num_cat=2
split_feature=1 0 11 1 1 3 5 3 1 2 2 0 1 0 1 1 2 2 0 0
split_gain=9238.07 17594.6 1205.3 1219.31 8286.62 1041.37 1012.35 110.565 230.959 106.062 14.6268 13.3036 9.1194 6.02681 2.72415 1.72972 0.250331 0.196523 0.0564532 0.0895228
threshold=14.449450000000002 15.069100000000002 1.0000000180025095e-35 9.6694000000000013 11.813500000000003 0 1.0000000180025095e-35 1 14.405750000000003 7.8250000000000011 10.655000000000003 12.248250000000002 8.1981500000000018 0.69560000000000011 8.2946000000000009 12.267650000000001 1.1050000000000002 7.8050000000000006 4.8569000000000004 7.7317000000000009
decision_type=2 2 2 2 2 9 2 9 2 2 2 2 2 2 2 2 2 2 2 2
left_child=2 -2 3 6 -5 -4 9 10 -9 12 11 -6 13 -1 -14 -12 18 -18 -15 -20
right_child=1 -3 5 4 7 -7 -8 8 -10 -11 15 -13 14 16 -16 -17 17 -19 19 -21
leaf_value=0.019952445260880535 -0.96040269517586463 0.072778086432527311 0.051719565376513489 0.6510760548630854 0.034835749004819477 -0.2031244843193688 -0.16777939324187072 -0.13497133143220028 0.054825712747830463 -0.012632642055369445 0.075186171756725276 0.064220661139116259 0.074106931444597665 0.053462700455668033 0.06120208565730785 0.065422962292109171 0.041718249889644149 0.052370529062094079 0.057532413213522787 0.053975419040957977
leaf_weight=14.117077333515324 68.619446170778119 103.14828760890227 78.996468805587696 66.292460912265256 77.473502710234925 68.419861607832459 63.633524665143455 24.919530884263786 44.925121307373054 59.481853485110207 92.389305114746122 76.602722169301103 91.02480316162108 25.121673583984375 74.255058288578752 89.133167649507044 5.7089926744023272 17.922863006591797 47.189399719238281 28.296096801757812
leaf_count=42796 3608 104 338 850 239 1456 6600 390 10 16383 12 25 216 349 2559 245 6403 303 129 131
internal_value=-0.000129984 -0.339967 0.0556811 0.0774226 0.132823 -0.0768309 0.0161829 0.0480849 -0.0112765 0.0484209 0.0590167 0.0494452 0.0603812 0.0509103 0.0683092 0.0703921 0.054428 0.0497971 0.0555158 0.0561991
internal_weight=1217.67 171.768 1045.9 898.487 471.736 147.416 426.751 405.443 69.8447 363.118 335.599 154.076 303.636 138.356 165.28 181.522 124.239 23.6319 100.607 75.4855
internal_count=83146 3712 79434 77640 1771 1794 75869 921 400 69269 521 264 52886 50111 2775 257 7315 6706 609 260
cat_boundaries=0 1 2
cat_threshold=256 392
is_linear=0
shrinkage=0.05


Tree=55
num_leaves=21
num_cat=0
split_feature=1 0 11 1 1 2 0 1 2 0 1 1 1 2 2 0 0 2 0 0
split_gain=10483.2 37468.7 1132.24 1254.59 13293.5 963.691 4432.71 860.072 63.1272 777.085 19.8563 113.959 18.7643 90.681 3.06614 2.19597 1.63628 1.5889 0.102427 0.0938097
threshold=14.449450000000002 15.069100000000002 1.0000000180025095e-35 9.6694000000000013 11.813500000000003 6.1850000000000014 7.2551000000000014 11.516400000000003 4.9850000000000012 3.3125500000000003 12.267650000000001 13.444400000000002 13.529600000000002 2.1450000000000005 5.705000000000001 5.7073500000000008 12.248250000000002 5.1750000000000007 3.4767500000000005 4.8569000000000004
decision_type=2 2 2 2 2 2 2 2 2 2 2 2 2 2 2 2 2 2 2 2
left_child=2 -2 3 5 -5 8 -7 -4 9 -1 -6 -12 -13 16 17 19 -14 18 -10 -11
right_child=1 -3 7 4 10 6 -8 -9 14 15 11 12 13 -15 -16 -17 -18 -19 -20 -21
leaf_value=-0.56140361528548266 -1.8327605915873129 0.069610598991617728 0.048465717609700081 0.97886842982006272 0.067251697728112611 -0.85463222001948036 0.058131259345029329 -0.18826240626766824 0.063641193334813342 0.053242752352554518 -0.056917401060655876 0.069388838963319793 0.054730959968844785 -0.021831540580581295 0.072385026095075591 0.038961594373146169 0.06517009125764843 0.044576301758434543 0.060956545961846798 0.057111287157517766
leaf_weight=5.4738491326329628 34.631042622080997 102.46642342266279 76.467104122978355 42.301099936136836 90.01251220703125 17.092081897570047 59.97311782836919 77.008970969244785 71.825332641601605 23.984450745403748 27.325656413763511 86.662902155780898 76.103821799164876 43.87315742888913 88.592231750488281 27.01800537109375 74.075091141392477 13.857505798404445 70.306457519533964 45.210544586181641
leaf_count=6118 3608 104 172 850 62 63213 1993 1622 332 728 266 26 88 466 933 964 13 1300 68 220
internal_value=-0.00049478 -0.410931 0.0548255 0.077063 0.136149 0.0156016 -0.144308 -0.0703162 0.051191 0.0180816 0.0465931 0.0405564 0.0500448 0.0414059 0.0649565 0.0510502 0.05988 0.0607375 0.0623132 0.0557704
internal_weight=1154.26 137.097 1017.16 863.688 440.354 423.334 77.0652 153.476 346.268 101.687 398.053 308.041 280.715 194.052 244.582 96.213 150.179 155.989 142.132 69.195
internal_count=83146 3712 79434 77640 1771 75869 65206 1794 10663 8030 921 859 593 567 2633 1912 101 1700 400 948
is_linear=0
shrinkage=0.05


Tree=56
num_leaves=21
num_cat=2
split_feature=1 0 11 1 1 3 5 3 1 1 1 0 1 1 1 1 0 0 0 0
split_gain=12414.3 224454 1059.54 1319.18 31512.1 968.153 905.36 76.561 183.282 39.2318 10.8102 68.3751 6.94872 3.55574 0.875324 0.51471 0.0938857 0.116012 0.0160213 0.00970195
threshold=14.449450000000002 15.069100000000002 1.0000000180025095e-35 9.6694000000000013 11.813500000000003 0 1.0000000180025095e-35 1 14.163950000000002 8.223650000000001 8.1981500000000018 0.69560000000000011 12.267650000000001 14.233800000000002 14.275750000000002 5.8903500000000006 5.7690500000000009 4.8569000000000004 5.3996500000000003 3.3678000000000003
decision_type=2 2 2 2 2 9 2 9 2 2 2 2 2 2 2 2 2 2 2 2
left_child=2 -2 3 6 -5 -4 9 12 -9 10 11 -1 -6 -14 -15 16 17 19 -19 -13
right_child=1 -3 5 4 7 -7 -8 8 -10 -11 -12 15 13 14 -16 -17 -18 18 -20 -21
leaf_value=-0.061123066644058935 -9.5128615116820914 0.066728593961582816 0.054816123640324399 2.1534206663682935 0.071272735555653513 -0.18178658901400391 -0.15211556975936194 -0.10138389722838653 0.046792553767754416 0.012939285656079162 0.069660284179103624 0.051160679427496372 0.046604927216684806 0.063515749171045716 0.054540600271725359 0.060031927130646284 0.051708751534249642 0.056716531263014715 0.05528766287677659 0.053068492493152986
leaf_weight=13.293451025286599 6.5063586461594118 101.56970206488205 84.13031681637878 18.566641671175205 87.755607604980469 74.581741245305835 67.876291543245429 29.075155004499976 73.940194651151074 69.287689208989377 86.083724975585938 9.401052715347026 84.535709543917278 71.484649658203125 43.817893981933594 57.723838806152344 26.125267028812303 43.297336578369141 35.870937347412109 22.887739329019674
leaf_count=55643 3608 104 338 850 29 1456 6600 350 63 4225 80 4690 372 19 88 63 1343 589 190 2446
internal_value=-0.000909648 -0.509979 0.0541231 0.0764839 0.140816 -0.0643679 0.0155292 0.0451518 0.00453123 0.0467929 0.0547528 0.0486008 0.0575436 0.0543942 0.060105 0.0560692 0.0544066 0.0550389 0.0560691 0.052513
internal_weight=1107.81 108.076 999.735 841.023 409.176 158.712 431.847 390.609 103.015 363.971 294.683 208.6 287.594 199.838 115.303 195.306 137.582 111.457 79.1683 32.2888
internal_count=83146 3712 79434 77640 1771 1794 75869 921 413 69269 65044 64964 508 479 107 9321 9258 7915 779 7136
cat_boundaries=0 1 2
cat_threshold=256 896
is_linear=0
shrinkage=0.05


Tree=57
num_leaves=17
num_cat=1
split_feature=1 11 1 1 3 2 0 1 2 0 1 2 0 1 0 0
split_gain=13224 1009.9 1370.5 5973.13 813.134 787.67 1744.53 90.415 64.0148 452.885 18.0968 87.8727 2.25247 2.18973 1.63378 0.0678201
threshold=14.449450000000002 1.0000000180025095e-35 9.6694000000000013 12.267650000000001 0 6.1850000000000014 7.2551000000000014 13.444400000000002 4.9850000000000012 3.3125500000000003 13.529600000000002 2.1450000000000005 5.7073500000000008 7.3831500000000014 12.248250000000002 4.8569000000000004
decision_type=2 2 2 2 9 2 2 2 2 2 2 2 2 2 2 2
left_child=1 2 5 -4 -3 8 -7 -5 9 -1 -9 14 15 -10 -12 -11
right_child=-2 4 3 7 -6 6 -8 10 13 12 11 -13 -14 -15 -16 -17
leaf_value=-0.32307150318397621 -0.54852059410989396 0.053549408115724832 0.50740126773540306 -0.042434041069684424 -0.16006010846549906 -0.39695993269689694 0.056741526139570876 0.066985996302812781 0.044716436717425194 0.052903142036193784 0.052571710083327783 -0.023968796406307506 0.037426267112199832 0.065043860773063761 0.063337590373444705 0.05634619046440157
leaf_weight=8.9531453603153022 100.4940651297054 82.102632497825638 87.810521052959416 31.205585835356828 81.625955105602557 34.295243790323426 55.434780120849652 82.454347805082847 14.072452545227234 21.8378202724207 72.075286924844335 42.787704152251195 24.978485107421875 226.26861572266137 68.953009661752731 41.449535369873047
leaf_count=6118 3712 338 912 266 1456 63213 1993 26 2530 728 88 466 964 103 13 220
internal_value=-0.00237752 0.0538387 0.0766655 0.145048 -0.0594497 0.0150049 -0.116665 0.038087 0.0500054 0.0157702 0.0475237 0.0387935 0.0501402 0.0638536 0.0578355 0.0551581
internal_weight=1076.8 976.305 812.577 385.286 163.729 427.29 89.73 297.476 337.56 97.219 266.27 183.816 88.2658 240.341 141.028 63.2874
internal_count=83146 79434 77640 1771 1794 75869 65206 859 10663 8030 593 567 1912 2633 101 948
cat_boundaries=0 1
cat_threshold=256
is_linear=0
shrinkage=0.05


Tree=58
num_leaves=19
num_cat=1
split_feature=1 1 1 11 3 0 5 1 5 1 0 1 0 1 0 0 0 0
split_gain=11708.5 1012.89 2591.15 6443.85 887.192 2822.72 844.111 42.7584 28.8871 8.37324 66.5979 7.71771 2.35138 0.358817 0.190631 0.185547 0.00458402 0.00119882
threshold=14.449450000000002 12.267650000000001 9.6694000000000013 1.0000000180025095e-35 0 12.248250000000002 1.0000000180025095e-35 8.223650000000001 1.0000000180025095e-35 8.1981500000000018 0.69560000000000011 13.529600000000002 0.14410000000000003 5.8903500000000006 4.8569000000000004 5.7690500000000009 1.7587500000000003 5.3996500000000003
decision_type=2 2 2 2 9 2 2 2 2 2 2 2 2 2 2 2 2 2
left_child=1 2 6 -4 8 -6 7 9 -3 10 -1 -10 -5 14 16 17 -12 -16
right_child=-2 4 3 12 5 -7 -8 -9 11 -11 13 -13 -14 -15 15 -17 -18 -19
leaf_value=-0.059380283331326514 -0.5090401481844935 0.015003891478735314 0.63426589838523617 0.048315427797276995 -0.53274398464435468 0.034665800813519131 -0.14326703454316608 0.0088010019242273693 0.064437726871373127 0.066965353230015304 0.051558634382127926 0.038203781379437515 0.060175984471292368 0.058926271530536728 0.055998499572096273 0.051245431851740665 0.050336914141156146 0.056372185279318456
leaf_weight=13.498544035103832 102.74469250796506 70.012472880352206 67.142989972289456 80.073973096288796 32.712010864295124 66.429827153639408 71.348850381094962 66.178199768071863 79.88738756154244 81.136100769042969 12.158406257629432 43.192807052360621 87.398723630091354 53.307426452636719 39.666622161865234 24.175109863284376 20.834958800783387 46.766696929931641
leaf_count=55648 3712 263 912 66 1300 78 6647 4230 185 80 1640 531 145 63 593 1352 5510 191
internal_value=-0.00184847 0.0526657 0.0868184 0.220423 -0.0248976 -0.138575 0.0137636 0.0450839 0.0386442 0.0533199 0.048058 0.0552314 0.0545051 0.0554231 0.0541227 0.0551176 0.0507871 0.0562007
internal_weight=1058.67 955.921 663.687 234.616 292.235 99.1418 429.071 357.722 193.093 291.544 210.408 123.08 167.473 196.909 143.602 110.608 32.9934 86.4333
internal_count=83146 79434 77077 1123 2357 1378 75954 69307 979 65077 64997 716 211 9349 9286 2136 7150 784
cat_boundaries=0 1
cat_threshold=776
is_linear=0
shrinkage=0.05


Tree=59
num_leaves=19
num_cat=3
split_feature=1 1 1 2 5 2 3 2 3 3 1 1 1 1 2 1 2 2
split_gain=11799.5 1039.99 3794.31 4235.75 728.707 475.032 539.785 123.671 69.1294 92.9978 4.88382 4.37265 2.47681 1.22365 0.497976 0.0791535 0.0411412 0.0505454
threshold=14.449450000000002 11.813500000000003 9.6694000000000013 10.655000000000003 1.0000000180025095e-35 7.5950000000000006 0 7.8250000000000011 1 2 13.529600000000002 8.1981500000000018 5.5978500000000011 8.2946000000000009 7.8050000000000006 4.2579000000000002 1.1050000000000002 3.2850000000000006
decision_type=2 2 2 2 2 2 9 2 9 9 2 2 2 2 2 2 2 2
left_child=1 2 4 -4 7 6 -3 11 10 -10 -7 12 14 -13 15 16 -1 -18
right_child=-2 5 3 -5 -6 8 -8 -9 9 -11 -12 13 -14 -15 -16 -17 17 -19
leaf_value=0.05031485452443718 -0.5418263079411999 0.017009978453837626 0.56277415167226386 0.0544934419221422 -0.12583106837886379 0.064527807339827034 -0.17945212317238049 -0.027623302687541186 0.038660702022886212 -0.053028928132717548 0.043344777770883719 0.067019132876611917 0.030819701760663728 0.057777673468763807 0.057033442944628247 0.053148146543382159 -0.050504282445730631 0.047163476353141325
leaf_weight=57.851472854614371 91.913234404249465 69.374324366450324 78.18251880688733 86.15905275277153 77.011913574417122 77.398737365577773 65.302758104013392 51.139728546143488 48.748191885150568 42.470840854763644 41.961279606138646 78.573341369628906 14.265515329409679 65.828018188482048 44.837795257568388 23.110742568969727 0.013262213342513429 11.582586380708745
leaf_count=875 3712 103 712 259 6647 137 1516 16406 28 403 322 216 6184 2562 1199 114 2007 39744
internal_value=-0.00128706 0.0519171 0.092331 0.296299 0.0133135 -0.0169762 -0.0903129 0.0441767 0.0299268 -0.00505069 0.0526683 0.0565789 0.0506497 0.0628062 0.0527086 0.0506135 0.04977 0.0470518
internal_weight=1025.73 933.812 588.556 164.342 424.214 345.256 134.677 347.202 210.579 91.219 119.36 296.063 151.661 144.401 137.396 92.5581 69.4473 11.5958
internal_count=83146 79434 76925 971 75954 2509 1619 69307 890 431 459 52901 50123 2778 43939 42740 42626 41751
cat_boundaries=0 1 2 3
cat_threshold=8 768 16
is_linear=0
shrinkage=0.05


Tree=60
num_leaves=15
num_cat=1
split_feature=1 11 1 1 1 2 1 2 1 3 2 2 1 1
split_gain=13507.4 1219.28 1576.98 1420.57 12009.3 715.171 721.981 69.6337 46.2996 153.068 41.7985 17.1981 10.1163 2.07698
threshold=14.449450000000002 1.0000000180025095e-35 11.516400000000003 9.6694000000000013 12.267650000000001 6.1850000000000014 4.2579000000000002 4.9850000000000012 14.163950000000002 0 0.84500000000000008 2.1450000000000005 4.2579000000000002 7.3831500000000014
decision_type=2 2 2 2 2 2 2 2 2 9 2 2 2 2
left_child=1 3 -3 5 -5 7 -7 10 9 -6 12 -10 -1 -9
right_child=-2 2 -4 4 8 6 -8 13 11 -11 -12 -13 -14 -15
leaf_value=0.012948520587982343 -0.66011989521470993 0.053066899596691176 -0.28988197588979198 0.91477656304984001 0.054998505352584631 0.044996571275142359 -0.23185489448505187 0.044579626657270034 0.06207630482408031 -0.05080594211142099 -0.079440983308227894 0.024994919272648037 0.052985195537346874 0.064530243310272128
leaf_weight=55.470466613769503 72.06135845097549 83.291308332237207 56.095536112043675 44.780517346746421 75.130990519863175 42.938103225180967 52.150371551514567 13.862548828186901 140.89404615282547 47.97826054849746 11.090956861524004 40.187488555923807 22.049518585205078 221.33638381958588
leaf_count=1056 3712 172 1622 912 232 51874 13332 2530 37 424 6952 166 22 103
internal_value=-0.00123742 0.0510961 -0.0849512 0.075792 0.150303 0.0137196 -0.10684 0.0491225 0.0377628 0.0141048 0.0113472 0.0538468 0.0243364 0.0633544
internal_weight=979.318 907.256 139.387 767.87 348.971 418.898 95.0885 323.81 304.191 123.109 88.6109 181.082 77.52 235.199
internal_count=83146 79434 1794 77640 1771 75869 65206 10663 859 656 8030 203 1078 2633
cat_boundaries=0 1
cat_threshold=256
is_linear=0
shrinkage=0.05


Tree=61
num_leaves=18
num_cat=1
split_feature=1 11 1 1 1 5 2 1 3 2 1 0 1 0 0 0 2
split_gain=18684.8 1129.89 1519.57 27005.2 1152.09 660.369 87.2745 44.7651 141.042 16.6846 2.85547 6.32584 1.06142 0.132892 0.126542 0.00814081 0.00334269
threshold=14.449450000000002 1.0000000180025095e-35 9.6694000000000013 12.267650000000001 11.516400000000003 1.0000000180025095e-35 7.8250000000000011 14.163950000000002 0 2.1450000000000005 8.1981500000000018 0.69560000000000011 8.2946000000000009 7.7317000000000009 4.8569000000000004 5.3996500000000003 1.1050000000000002
decision_type=2 2 2 2 2 2 2 2 9 2 2 2 2 2 2 2 2
left_child=1 2 5 -4 -3 6 10 8 -5 -9 11 -1 -12 14 16 -16 -13
right_child=-2 4 3 7 -6 -7 -8 9 -10 -11 12 13 -14 -15 15 -17 -18
leaf_value=0.01787612067000173 -0.97428426435586513 0.051675391580182452 1.9001813671721839 0.053981935589906486 -0.22783956989325757 -0.11652661689218956 -0.010432889472303947 0.061178351840129652 -0.047216573566873407 0.024228068753928547 0.064921282575227057 0.052498701618089706 0.055996680431483106 0.050454013738065066 0.055324116327594652 0.05635121551281147 0.051429252854430889
leaf_weight=13.298266983058168 46.820986640600722 81.308177588742808 20.797596577353545 72.962041231900258 67.444207104072973 79.387824660458193 60.97433853149488 135.939609761117 49.756774814946795 39.406688690201548 73.412063598632841 18.799779891967763 60.997123718267915 21.033763885500051 36.070671081542969 41.474941253662109 11.951680941613999
leaf_count=42796 3712 172 912 232 1622 6600 16383 37 424 166 216 349 2559 308 425 490 5743
internal_value=-0.000865262 0.0506326 0.0760265 0.158211 -0.0750565 0.013244 0.0437227 0.036664 0.0135019 0.0528743 0.055642 0.0507143 0.0608711 0.0540908 0.0547972 0.0558735 0.0520831
internal_weight=931.837 885.016 736.263 318.863 148.752 417.4 338.013 298.065 122.719 175.346 277.038 142.629 134.409 129.331 108.297 77.5456 30.7515
internal_count=83146 79434 77640 1771 1794 75869 69269 859 656 203 52886 50111 2775 7315 7007 915 6092
cat_boundaries=0 1
cat_threshold=256
is_linear=0
shrinkage=0.05


Tree=62
num_leaves=24
num_cat=1
split_feature=1 1 1 0 3 1 1 1 1 1 1 5 0 1 1 1 0 6 1 0 0 0 0
split_gain=37966.6 1186.29 3932.37 4256.15 684.21 29024.1 196088 86845.9 914515 849671 20017.8 597.035 133.522 51.7129 42.0965 4.52773 68.8284 2.89967 1.04936 0.117057 0.138301 0.0104701 0.000638322
threshold=14.449450000000002 11.813500000000003 9.6694000000000013 0.14410000000000003 0 14.163950000000002 12.267650000000001 13.444400000000002 13.262450000000001 12.415550000000001 13.529600000000002 1.0000000180025095e-35 12.248250000000002 8.223650000000001 13.529600000000002 8.1981500000000018 0.69560000000000011 1.0000000180025095e-35 5.8903500000000006 4.8569000000000004 5.7690500000000009 1.7587500000000003 5.3996500000000003
decision_type=2 2 2 2 9 2 2 2 2 2 2 2 2 2 2 2 2 2 2 2 2 2 2
left_child=1 2 11 -4 14 6 -6 8 9 -8 -9 13 -7 15 17 16 -1 -3 19 21 22 -18 -21
right_child=-2 4 3 -5 5 12 7 10 -10 -11 -12 -13 -14 -15 -16 -17 18 -19 -20 20 -22 -23 -24
leaf_value=-0.063011511270920015 -2.1053300835533215 0.04750113985591941 0.57307499182278443 0.050342572754377458 -0.37562937119269502 -0.043379313787569984 -103.61047626104826 -5.0288247571548421 -15.48330724833013 -890.23423302265428 -31.886572037533412 -0.10714018719923904 0.057589474425182266 -3.5502367586715915e-05 -0.0030588878478758365 0.062571505449370429 0.051452228446035919 0.06316046082386885 0.061022997310453068 0.055037563353175827 0.050204863618256858 0.049513080328427064 0.054743488335660784
leaf_weight=13.078022362515837 20.914318376209167 50.902375044016438 76.4777216220903 79.335533142390616 3.403085712471241 63.780076459050164 0.0077249840833395747 0.098327659070534396 0.084261357939509951 0.0061784961324030394 0.23563625685474701 83.77234743884776 67.285357390663208 58.817634582526068 39.095619012441773 70.829261779785156 11.375275611877454 70.516337902035914 61.383003234863281 34.485603332519531 20.104734420778939 17.937718373172746 39.691123962402344
leaf_count=55648 3712 232 489 482 108 249 60 52 95 378 561 6647 20 4230 691 80 1640 63 63 593 1352 5510 191
internal_value=-0.000352803 0.0506777 0.0929884 0.306915 -0.0305718 -0.108927 -4.40438 -36.1315 -77.4752 -453.174 -23.979 0.0119807 0.00845526 0.0424322 0.0395989 0.0517219 0.0478418 0.0565956 0.0556792 0.0530252 0.0538832 0.0502656 0.0548802
internal_weight=883.617 862.703 567.288 155.813 295.415 134.901 3.83521 0.432129 0.0981648 0.0139035 0.333964 411.475 131.065 327.702 160.514 268.885 198.055 121.419 184.977 123.594 94.2815 29.313 74.1767
internal_count=83146 79434 76925 971 2509 1523 1254 1146 533 438 613 75954 269 69307 986 65077 64997 295 9349 9286 2136 7150 784
cat_boundaries=0 1
cat_threshold=784
is_linear=0
shrinkage=0.05


Tree=63
num_leaves=18
num_cat=0
split_feature=1 0 1 1 11 1 1 0 1 1 0 0 0 0 0 4 0
split_gain=269869 9579.23 16397.3 103837 1.09039e+06 1429.64 680.959 488.833 339.866 104.024 41.516 9.13496 8.6338 20.6098 6.51002 1.87518 0.265528
threshold=14.449450000000002 0.14410000000000003 9.6694000000000013 13.175050000000001 1.0000000180025095e-35 8.1981500000000018 11.516400000000003 14.746550000000001 8.223650000000001 13.529600000000002 7.7317000000000009 7.4536500000000006 0.21105000000000004 4.8569000000000004 0.80425000000000013 1.0000000180025095e-35 7.2551000000000014
decision_type=2 2 2 2 2 2 2 2 2 2 2 2 2 2 2 2 2
left_child=1 2 5 4 -4 -1 10 -8 -7 -5 11 12 -3 14 -14 -15 -17
right_child=-2 6 3 9 -6 8 7 -9 -10 -11 -12 -13 13 15 -16 16 -18
leaf_value=-0.55023598842878618 -15.361658166644006 0.066506647816562542 25.095819338365761 0.050600083976125101 0.39722538427568976 0.060208346684882098 -0.17623806404634598 0.048082767244906829 -0.10374170263407322 -0.027839698218497317 -0.017692771221791578 0.071738995616790632 0.037535943936898943 0.045159739899090411 -0.011972759172634559 0.054767803283641961 0.0603704583916055
leaf_weight=13.869733983734873 2.8036127395697568 77.386322021484347 4.8699424066578905 117.23243203598699 54.23248431620393 68.332778930664077 65.055408304209436 38.753673553466797 58.819007873541764 66.097857343046201 19.21631431611263 87.591987609863281 10.835448265089161 38.009563446044965 17.148031172558799 32.961208343506556 59.00439453125
leaf_count=57170 3712 74 526 88 153 82 1915 21 3977 340 2626 215 1009 1987 8488 714 49
internal_value=0.12489 0.177238 0.360487 0.609858 2.43235 -0.0682123 0.019674 -0.0924953 -0.0156331 0.0223194 0.0537061 0.0579547 0.0528244 0.0461212 0.00719744 0.0545015 0.0583624
internal_weight=832.22 829.417 383.454 242.433 59.1024 141.022 445.962 103.809 127.152 183.33 342.153 322.937 235.345 157.959 27.9835 129.975 91.9656
internal_count=83146 79434 62336 1107 679 61229 17098 1936 4059 428 15162 12536 12321 12247 9497 2750 763
is_linear=0
shrinkage=0.05


Tree=64
num_leaves=20
num_cat=0
split_feature=0 6 2 0 2 2 0 11 0 2 0 2 2 2 0 0 2 2 2
split_gain=31667.3 9149.18 7342.05 10617.8 10548.8 7249.94 10276.1 1748.24 757.098 345.195 119353 6421.51 101.885 1008.66 80.6234 15.0591 4.40434 3.53046 8.86962
threshold=15.069100000000002 1.0000000180025095e-35 1.0000000180025095e-35 1.0000000180025095e-35 1.7050000000000003 8.0050000000000008 1.0000000180025095e-35 1.0000000180025095e-35 7.2551000000000014 5.7650000000000006 5.3996500000000003 6.1850000000000014 4.9850000000000012 1.8350000000000002 3.4767500000000005 14.746550000000001 5.0550000000000006 5.705000000000001 5.1750000000000007
decision_type=2 2 2 2 2 2 2 2 2 2 2 2 2 2 2 2 2 2 2
left_child=1 2 3 -1 -4 7 -7 9 -8 12 11 -11 13 -6 -5 -12 -14 18 -18
right_child=-2 -3 4 14 5 6 8 -9 -10 10 15 -13 16 -15 -16 -17 17 -19 -20
leaf_value=0.90399603083435098 4.468754373557176 -0.48461371609181231 -1.070146277968369 0.020533355839146419 0.060934428695682469 0.99563519777571252 0.033347960852018063 -0.32640366598838244 0.27563516523745324 -9.698987203107194 0.010425431868614537 -39.038804455994189 0.067882793943703792 -0.46415047265392206 -0.11376099986937593 0.055550557203471955 0.056677740198619812 0.062367692786213583 0.020314075985743186
leaf_weight=66.800397887825852 4.1275421194193305 66.347443117888588 19.959049878707219 17.322727203369141 72.015304565429773 47.536551357511968 74.777035156403656 40.261185153067288 56.683936856196084 0.020512700080867335 36.660942077636776 0.20529375131127706 85.059577941896379 10.476321439058436 31.496118545532227 37.298839569091797 62.874774932861314 65.93328857421875 22.868192672769865
leaf_count=322 240 2207 2234 31 99 10841 2249 1399 2404 719 991 50775 149 6464 271 9 266 143 1333
internal_value=0.100252 0.0781173 0.128015 0.494381 0.0610578 0.0979092 0.36563 -0.0125916 0.137818 0.0195234 -0.0776323 -36.3735 0.0421015 -0.00575062 -0.0661084 0.0331826 0.0587758 0.0536686 0.0469793
internal_weight=818.725 814.597 748.25 115.619 632.631 612.672 178.998 433.674 131.461 393.413 74.1856 0.225806 319.227 82.4916 48.8188 73.9598 236.736 151.676 85.743
internal_count=83146 82906 80699 624 80075 77841 15494 62347 4653 60948 52494 51494 8454 6563 302 1000 1891 1742 1599
is_linear=0
shrinkage=0.05


Tree=65
num_leaves=16
num_cat=1
split_feature=1 1 1 4 1 2 2 1 3 2 1 2 2 1 2
split_gain=28003.2 13444.3 91586.1 625.303 26654.1 131633 1.2351e+06 920.544 525.107 1071.37 109.23 29.8078 12.3651 8.52947 3.64015
threshold=14.275750000000002 11.516400000000003 13.175050000000001 1.0000000180025095e-35 9.1888000000000023 1.3250000000000004 4.3750000000000009 9.1609500000000015 0 1.0000000180025095e-35 8.2338000000000005 10.655000000000003 6.955000000000001 4.2579000000000002 1.0000000180025095e-35
decision_type=2 2 2 2 2 2 2 2 9 2 2 2 2 2 2
left_child=1 3 -3 4 7 -6 -7 -1 11 -10 12 -4 13 14 -5
right_child=-2 2 8 10 5 6 -8 -9 9 -11 -12 -13 -14 -15 -16
leaf_value=-0.25820194486181808 -1.263617870873512 2.3421749048549931 0.019715037904301968 0.048314075268362691 -2.8387553240777788 -1.8696734098913503 -1039.4691670794871 0.059993853632677951 0.022106499031525957 -0.4290855946338159 -0.014020308122476791 0.063835404383292091 0.029527542941144326 0.062166608315620965 0.021107718752323618
leaf_weight=36.354583740277391 35.886563554407417 51.65955675986055 69.594816100698679 51.598007202148324 0.20695823058485552 0.026046054437756535 0.003222918378543718 60.649192810058594 34.877632118761504 21.126713999970896 73.456484136827385 85.082763155769285 46.62577760731881 215.9817355624109 16.140716361017326
leaf_count=69068 4017 760 380 101 30 34 1635 75 34 917 789 189 3563 15 1539
internal_value=0.101381 0.165549 0.455532 0.0137169 -0.100109 -16.875 -116.124 -0.059258 -0.00707602 -0.125661 0.0411273 0.0413132 0.05339 0.0573115 0.0418314
internal_weight=799.271 763.384 262.341 501.043 97.24 0.236227 0.029269 97.0038 210.682 56.0043 403.803 154.678 330.346 283.72 67.7387
internal_count=83146 79129 2280 76849 70842 1699 1669 69143 1520 951 6007 569 5218 1655 1640
cat_boundaries=0 1
cat_threshold=384
is_linear=0
shrinkage=0.05


Tree=66
num_leaves=20
num_cat=1
split_feature=1 1 0 1 1 0 1 1 3 1 2 0 1 0 2 0 0 2 0
split_gain=1.73887e+06 1.7887e+08 3.7324e+06 10681 79633.2 758218 14756.3 19380.8 830.208 1009.77 463.405 662.546 63.4262 118.532 60.9066 2.58216 2.32633 2.02669 1.02717
threshold=14.449450000000002 16.029050000000002 14.217000000000002 10.781950000000002 13.175050000000001 0.14410000000000003 9.1888000000000023 10.361100000000002 0 13.262450000000001 6.1850000000000014 7.2551000000000014 4.2579000000000002 3.3678000000000003 7.5950000000000006 7.4536500000000006 14.746550000000001 5.705000000000001 3.4324000000000008
decision_type=2 2 2 2 2 2 2 2 9 2 2 2 2 2 2 2 2 2 2
left_child=3 -2 -3 6 5 -5 10 -8 14 -10 12 -12 13 -1 -6 17 -16 -14 -15
right_child=1 2 -4 4 8 -7 7 -9 9 -11 11 -13 15 18 16 -17 -18 -19 -20
leaf_value=-0.11537340299264501 -6993.5633183785867 -73.551330361012376 231.32657944991604 17.65392010610028 0.006595853840023526 0.29324722867487013 -22.458762503020171 -0.50953746348229445 0.041107061127952087 -0.35502464320340948 -0.21729468057787132 0.053906574876025383 0.048806890062453784 0.052107443922362807 0.056697968550672218 0.063929025448733301 0.068577771812795646 0.060919535343098588 0.036775450028661671
leaf_weight=15.826731501802895 0.0092085226920834429 0.243761047721609 0.17067444715464214 6.8732440396530441 68.808228581018199 74.025100191440529 0.16882298887144626 0.24876667566622518 30.317258708754629 34.274458285303858 44.484527602501473 45.610366821289077 79.573869856237252 16.26846055011265 82.927605137152852 125.5715446472168 81.914802551269531 61.013561248779297 33.252902989152972
leaf_count=8228 2962 664 86 267 496 645 2010 76 49 882 62071 1914 97 13 390 23 8 19 2246
internal_value=0.130738 -101.141 52.0047 0.18429 0.376901 1.76824 0.0112485 -9.38316 -0.000498968 -0.146424 0.0205535 -0.0799996 0.0478812 0.00374325 0.0442158 0.0587181 0.0626014 0.0540637 0.0418122
internal_weight=801.584 0.423644 0.414435 801.16 379.141 80.8983 422.02 0.41759 298.242 64.5917 421.602 90.0949 331.507 65.3481 233.651 266.159 164.842 140.587 49.5214
internal_count=83146 3712 750 79434 2737 912 76697 2086 1825 931 74611 63985 10626 10487 894 139 398 116 2259
cat_boundaries=0 1
cat_threshold=896
is_linear=0
shrinkage=0.05


Tree=67
num_leaves=21
num_cat=0
split_feature=0 1 2 1 1 1 1 1 1 0 1 2 2 0 11 1 1 0 0 2
split_gain=14957.7 1.5092e+06 47949.2 5.88288e+06 4.13454e+06 396571 458808 10591.1 37150.4 10000.3 9856.05 808.974 7.64307 3.11892 19.8646 2.41272 2.17376 0.502547 0.296057 0.27171
threshold=1.0000000180025095e-35 14.792150000000001 4.4650000000000007 13.649400000000002 12.267650000000001 13.933900000000001 14.034400000000002 11.516400000000003 13.262450000000001 14.746550000000001 11.516400000000003 5.705000000000001 0.74500000000000011 5.3996500000000003 1.0000000180025095e-35 7.3831500000000014 9.1609500000000015 3.6478000000000006 5.7690500000000009 4.8250000000000011
decision_type=2 2 2 2 2 2 2 2 2 2 2 2 2 2 2 2 2 2 2 2
left_child=1 2 3 4 -1 7 -7 11 -9 10 12 16 17 14 -14 18 -4 -2 -15 -20
right_child=9 -3 5 -5 -6 6 -8 8 -10 -11 -12 -13 13 15 -16 -17 -18 -19 19 -21
leaf_value=68.274672514950453 0.042347923360908417 -131.81923029333294 0.037983668469929871 0.41427851288261452 404.00856628246743 -0.61043001834937716 114.44079311512465 2.1329266958526767 0.051502209248255021 0.55749912626684039 -0.60255241189693842 -0.19461536696164244 0.0011415719554585535 0.058649168342092911 0.061298628281511405 0.066666324905368599 0.057045687431420133 0.031393987601309528 0.056697704257769578 0.05110903224788868
leaf_weight=0.24190598929332446 15.503115653991754 0.2153534627021817 20.346805572543133 45.172326974221505 0.14768644834639494 0.18364981046573481 0.16406875226130291 29.226894515657264 80.442484063822988 79.307945251474337 68.650438131393742 58.653237069730721 17.595380461744362 52.141803741455078 62.35334396362304 77.761085510298813 56.448085784912109 32.256671905517578 43.204635620117195 43.793102264407075
leaf_count=4328 258 753 2291 185 121 15 185 145 114 300 4606 54941 10023 264 47 716 22 501 619 2712
internal_value=0.211177 0.495233 0.593142 2.0828 195.544 0.31664 53.6757 0.240945 0.606202 0.0432225 -0.0554714 -0.0547948 0.053514 0.0565007 0.0480591 0.0596123 0.0519952 0.0349497 0.05567 0.0538845
internal_weight=783.81 291.242 291.027 45.5619 0.389592 245.465 0.347719 245.118 109.669 492.568 413.26 135.448 344.609 296.849 79.9487 216.901 76.7949 47.7598 139.14 86.9977
internal_count=83146 63100 62347 4634 4449 57713 200 57513 259 20046 19746 57254 15140 14381 10070 4311 2313 759 3595 3331
is_linear=0
shrinkage=0.05


Tree=68
num_leaves=20
num_cat=2
split_feature=2 3 0 1 5 1 2 1 2 1 3 1 2 0 2 0 2 2 1
split_gain=11589.1 54139.6 1.51406e+07 1.05767e+07 8504.64 3334.18 1425.16 2620.83 726.862 251.651 179.731 30837.6 290752 74.5663 143.458 27.8677 19.5959 9.35029 0.150218
threshold=7.6350000000000007 0 12.099050000000002 13.079150000000002 1.0000000180025095e-35 14.275750000000002 1.0000000180025095e-35 12.415550000000001 1.7050000000000003 6.3065000000000007 1 6.8436500000000011 7.245000000000001 7.4536500000000006 5.0550000000000006 4.8569000000000004 5.1250000000000009 3.2850000000000006 4.2579000000000002
decision_type=2 9 2 2 2 2 2 2 2 2 9 2 2 2 2 2 2 2 2
left_child=5 4 3 -3 9 6 7 15 -8 18 13 -12 -13 14 -10 -1 -16 -15 -2
right_child=1 2 -4 -5 -6 -7 8 -9 10 -11 11 12 -14 17 16 -17 -18 -19 -20
leaf_value=-0.05873677725399782 0.058156488652976492 1504.8260273739597 1966.3016484549182 2.7862563009493027 0.64491545318468857 -0.35882517958952936 -0.19265071386811053 0.5831132891925872 -0.11889240215894883 -0.075313339880537331 0.02974211020790693 -537.48673365555067 -13.405215200911915 0.07411769911563755 0.055481207073225174 0.02427037069093502 0.014968685503696681 0.05028870106384864 0.054103449066110865
leaf_weight=14.90834426879894 50.008335113525412 0.011753581464302054 0.0098845473083962743 4.1022362299145607 78.621647641667778 57.344529755388066 41.375557067827117 32.523361332714558 17.789466870446844 59.952852256375365 19.664218902587898 0.0026979610978185012 0.1386261647211029 91.03900146484375 54.292205810546875 31.424633026123047 66.297902816620379 75.149798172402711 42.113162994385426
leaf_count=255 3540 26064 329 478 4921 2329 1856 106 1686 943 34184 463 3294 199 27 128 1742 586 16
internal_value=0.135627 0.425555 3.43765 7.07755 0.213447 -6.17695e-06 0.0462737 0.239065 0.00470742 0.00441578 0.0298815 -0.0913782 -23.4102 0.0394711 0.0136549 -0.00243845 0.0332083 0.0633423 0.0563036
internal_weight=736.77 234.82 4.12387 4.11399 230.696 501.95 444.606 78.8563 365.749 152.074 324.374 19.8055 0.141324 304.568 138.38 46.333 120.59 166.189 92.1215
internal_count=83146 36291 26871 26542 9420 46855 44526 489 44037 4499 42181 37941 3757 4240 3455 383 1769 785 3556
cat_boundaries=0 1 2
cat_threshold=268 140
is_linear=0
shrinkage=0.05


Tree=69
num_leaves=17
num_cat=0
split_feature=0 11 5 1 1 0 1 5 1 1 4 1 1 1 0 0
split_gain=20385 3.6638e+06 1.85438e+07 33097.1 364027 10690.3 7292.56 4673.31 964.724 442.176 11.0878 5.77369 2.56743 0.716106 0.106333 0.00385044
threshold=1.0000000180025095e-35 1.0000000180025095e-35 1.0000000180025095e-35 9.9039000000000019 12.576950000000002 14.746550000000001 11.516400000000003 1.0000000180025095e-35 8.1981500000000018 8.223650000000001 1.0000000180025095e-35 8.9228500000000022 7.3831500000000014 4.2579000000000002 1.7587500000000003 3.4324000000000008
decision_type=2 2 2 2 2 2 2 2 2 2 2 2 2 2 2 2
left_child=1 3 -3 8 -5 6 10 -6 -1 -10 -2 12 13 14 -12 -16
right_child=5 2 -4 4 7 -7 -8 -9 9 -11 11 -13 -14 -15 15 -17
leaf_value=-0.40973588522363741 0.027449336979358571 63.847837524543003 1634.2409681302122 10.093070033032326 -0.70220298903109801 0.60439768576494168 -0.45916479816532568 0.19955646221644044 0.05925204601675408 -0.13565594869559183 0.05261241901776445 0.039997385135465385 0.064826785235884074 0.056403085830330726 0.0488558375214663 0.047894561299432307
leaf_weight=19.144052496996821 47.939701080324255 0.23263322984096144 0.020451065274949137 10.077780087944005 19.607481975108399 71.500671386718864 88.897011084250039 53.762477744254014 65.702308654785156 52.231739044194612 19.570514678958702 62.905647277832031 73.159965515136719 88.218055725098353 15.742894618982559 30.794213182449553
leaf_count=57042 11946 186 419 201 426 300 4606 501 82 4243 207 419 158 17 386 2007
internal_value=0.215613 0.615614 190.747 0.397411 1.18249 0.0385392 -0.0561626 -0.0414309 -0.0805129 -0.0270706 0.0497268 0.0534046 0.057112 0.0534547 0.0495202 0.0482197
internal_weight=719.508 220.779 0.253084 220.526 83.4477 498.729 427.228 73.37 137.078 117.934 338.331 290.391 227.486 154.326 66.1076 46.5371
internal_count=83146 63100 605 62495 1128 20046 19746 927 61367 4325 15140 3194 2775 2617 2600 2393
is_linear=0
shrinkage=0.05


Tree=70
num_leaves=18
num_cat=1
split_feature=3 1 1 0 1 1 0 2 2 0 2 0 2 2 0 1 1
split_gain=27301.7 823059 104075 12685.8 7180.83 20342.6 7307.46 22753.5 1007.9 635133 61.3782 267.531 2.04791 1.8159 1.06854 0.994625 1.0555
threshold=0 11.516400000000003 13.356150000000001 14.746550000000001 12.576950000000002 11.203800000000003 12.248250000000002 10.655000000000003 6.2950000000000008 4.4451500000000008 4.9850000000000012 3.3125500000000003 0.74500000000000011 8.7750000000000004 3.6478000000000006 7.3831500000000014 8.2946000000000009
decision_type=9 2 2 2 2 2 2 2 2 2 2 2 2 2 2 2 2
left_child=1 -1 -3 4 5 8 7 -6 10 -10 11 -2 14 -11 -13 -12 -17
right_child=3 2 -4 -5 6 -7 -8 -9 9 13 15 12 -14 -15 -16 16 -18
leaf_value=60.827865963898084 -0.1591745542970841 -1.4166466637625383 -50.336790890356674 0.86707179331951112 -1.5343517497358126 0.97945195532330231 0.04671867309732463 0.14261060150961788 -92.887522306330652 0.057487296836467888 0.050200372745092453 0.051958759031088854 0.05615432524410801 0.042853445509292737 0.035591827248099756 0.062804640830381037 0.054697358383596566
leaf_weight=0.66920834779742666 18.66286719795427 0.20454480835496014 0.23207071423530579 48.279911041259766 35.857679378164882 61.362850362608356 100.78774233055178 46.40444985704071 0.18422466506026935 46.980411529541023 27.472316741965244 15.045223236083983 45.88357266921183 38.630119831767693 29.575933456420898 133.93274307250977 57.332019805912694
leaf_count=282 6138 33 599 237 3413 435 512 1250 61145 2034 2672 34 1344 2397 485 11 125
internal_value=0.125256 2.58739 -27.4188 0.08359 0.027383 0.129905 -0.238688 -0.588369 0.00389405 -0.14868 0.0438143 0.0131935 0.0487373 0.0508841 0.0411104 0.0590966 0.0603745
internal_weight=707.498 1.10582 0.436616 706.392 658.112 475.062 183.05 82.2621 413.699 85.7948 327.905 109.168 90.5047 85.6105 44.6212 218.737 191.265
internal_count=83146 914 632 82232 81995 76820 5175 4663 76385 65576 10809 8001 1863 4431 519 2808 136
cat_boundaries=0 1
cat_threshold=16
is_linear=0
shrinkage=0.05


Tree=71
num_leaves=16
num_cat=2
split_feature=3 0 6 2 0 0 5 0 3 0 0 2 2 2 2
split_gain=27921.4 25428.7 4091.28 3203.84 8004.33 961171 4534.87 6853.45 4983.54 12240.7 86.037 18.2907 104.435 1.81146 0.204053
threshold=0 14.746550000000001 1.0000000180025095e-35 10.565000000000003 0.25075000000000008 1.0000000180025095e-35 1.0000000180025095e-35 12.248250000000002 1 0.69060000000000021 5.4615000000000009 5.0550000000000006 1.0000000180025095e-35 5.7650000000000006 5.705000000000001
decision_type=9 2 2 2 2 2 2 2 9 2 2 2 2 2 2
left_child=-1 2 3 6 5 -5 8 -8 9 -2 11 12 -10 14 -13
right_child=1 -3 -4 4 -6 -7 7 -9 10 -11 -12 13 -14 -15 -16
leaf_value=2.6488015379190273 1.3885849027948414 1.6906383160688023 -0.45130905599842142 86.495284710408328 -0.098459342502352595 0.052424761277576559 -0.58183829446718449 0.068800955621641582 0.050635709282582056 -0.10450547591548709 -0.030681489194358577 0.05668657605940948 -0.070131683388278965 0.047070875337421374 0.06088323401223307
leaf_weight=0.84079960009557686 26.310693740844723 23.86322021484375 41.498082339620964 0.32514955738676121 37.334653829559933 29.252719879150391 68.073783112905971 99.82349402509476 106.0181686133147 28.70083803179762 43.981064321835959 55.250610351588236 21.538251085922226 45.008392513728737 60.883281707763672
leaf_count=914 824 237 1928 3679 2909 17 5945 229 145 821 1025 1369 5890 57082 132
internal_value=0.128609 0.0857735 0.0293886 0.0614336 0.388291 1.00269 0.0220684 -0.195 0.116074 0.515835 0.033459 0.0443892 0.0302438 0.0555864 0.0588867
internal_weight=688.703 687.862 663.999 622.501 66.9125 29.5779 555.589 167.897 387.691 55.0115 332.68 288.699 127.556 161.142 116.134
internal_count=83146 82232 81995 80067 6605 3696 73462 6174 67288 1645 65643 64618 6035 58583 1501
cat_boundaries=0 1 2
cat_threshold=16 384
is_linear=0
shrinkage=0.05


Tree=72
num_leaves=12
num_cat=1
split_feature=1 1 1 1 2 1 1 3 1 1 2
split_gain=61854.3 10551.2 180532 2080.64 986.01 1230.81 66.3338 33.3018 13.3479 6.22702 4.01837
threshold=14.275750000000002 9.9039000000000019 12.576950000000002 14.163950000000002 6.2950000000000008 4.2579000000000002 4.2579000000000002 0 14.233800000000002 8.2946000000000009 3.2850000000000006
decision_type=2 2 2 2 2 2 2 9 2 2 2
left_child=1 4 -3 -4 6 -6 7 10 -5 -8 -1
right_child=-2 2 3 8 5 -7 9 -9 -10 -11 -12
leaf_value=0.018869619914447314 -5.482268435065774 4.2134235751564297 -0.28548664361475712 0.043250444357998637 0.039473151160739219 -0.34405130065779599 0.063074921070632714 -0.030055795325735202 0.069890876835083174 0.043825535878317189 0.053117315208057306
leaf_weight=13.678583145141671 4.8757695651206623 28.000330013923019 57.921472957973549 90.049246728420258 43.433451566263109 40.356512881825715 200.81439447405177 31.343179686805243 98.395500183105469 53.128517150883937 22.910985946655273
leaf_count=185 4017 877 1672 152 51785 13711 45 10425 76 183 18
internal_value=0.129272 0.169507 0.40899 -0.0233968 0.00753566 -0.145247 0.0473078 0.00342217 0.0571606 0.0590477 0.0316612
internal_weight=684.908 680.032 274.367 246.366 405.666 83.79 321.876 67.9327 188.445 253.943 36.5896
internal_count=83146 79129 2777 1900 76352 65496 10856 10628 228 228 203
cat_boundaries=0 1
cat_threshold=8
is_linear=0
shrinkage=0.05


Tree=73
num_leaves=14
num_cat=0
split_feature=11 1 1 2 0 0 1 1 0 0 1 1 0
split_gain=469048 9474.63 43661.6 6041.65 1616.22 873.069 3636.47 410.76 15.8769 20.9685 6.64506 1.37787 1.11762
threshold=1.0000000180025095e-35 9.9039000000000019 13.529600000000002 7.5950000000000006 12.248250000000002 0.69560000000000011 8.1981500000000018 8.223650000000001 4.8569000000000004 0.80425000000000013 7.3831500000000014 4.2579000000000002 5.3996500000000003
decision_type=2 2 2 2 2 2 2 2 2 2 2 2 2
left_child=1 5 -3 4 -4 6 -1 -8 9 -7 11 12 -10
right_child=-2 2 3 -5 -6 8 7 -9 10 -11 -12 -13 -14
leaf_value=-1.2250502039279805 -49.190404536166078 1.4883533899843482 -0.23474247156645595 0.44022959410040863 0.060840757656226756 0.052956049633679385 0.056049320358271371 -0.13949896451979621 0.054623717759234795 -0.026398696706255331 0.069647926249198397 0.056689609704291502 0.042244021031627006
leaf_weight=6.8578745637810661 0.48158822788650368 68.967169478200958 88.601403300046513 79.652933883537628 96.74320356359118 21.858293533325199 56.099155426025391 51.514783742743546 32.133979797363331 13.444966153391755 87.883049011230469 95.053859710693899 42.137985229494099
leaf_count=58149 2707 811 1358 1726 282 65 83 4270 747 8399 544 29 3976
internal_value=0.138267 0.170329 0.367705 0.0760497 -0.0804587 0.00836449 -0.108701 -0.0375596 0.0541769 0.0227344 0.0584925 0.0527027 0.0476001
internal_weight=741.43 740.949 333.965 264.998 185.345 406.984 114.472 107.614 292.512 35.3033 257.209 169.326 74.272
internal_count=83146 80439 4177 3366 1640 76262 62502 4353 13760 8464 5296 4752 4723
is_linear=0
shrinkage=0.05


Tree=74
num_leaves=15
num_cat=1
split_feature=6 3 2 1 2 1 1 2 2 0 0 2 1 5
split_gain=15857.4 19323.5 147380 2.41312e+08 7148.77 1.28492e+06 5230.18 863.437 1429.77 971.193 406.361 639.686 13.8987 1.81124
threshold=1.0000000180025095e-35 0 3.8050000000000002 9.9039000000000019 10.565000000000003 11.203800000000003 12.576950000000002 4.9850000000000012 1.0000000180025095e-35 7.7317000000000009 14.746550000000001 5.7650000000000006 8.2946000000000009 1.0000000180025095e-35
decision_type=2 9 2 2 2 2 2 2 2 2 2 2 2 2
left_child=1 4 6 -4 7 -6 -3 8 -1 -10 11 12 13 -9
right_child=-2 2 3 -5 5 -7 -8 10 9 -11 -12 -13 -14 -15
leaf_value=0.02462856252854112 -1.1483416549307763 0.65480556164035442 -0.26238430528617818 5801.180545692263 -0.055638865434227795 93.289622793952731 -0.095700526567784716 0.058164216410008518 -0.55383946655563787 -0.13485378344431045 0.14212943707601966 -0.16079604827068389 0.035978743512417172 0.069863486053122911
leaf_weight=109.5711416602135 22.274211645463765 30.704999210868166 21.5670294110767 0.017939434781957142 50.083705764729515 0.37139868815735511 95.150731328605616 53.986324310311517 20.852799082445344 41.072452690065163 94.249435424804688 40.781404442133748 56.73101425171356 85.438812255859375
leaf_count=255 2239 1964 59499 1454 5057 368 853 216 5000 925 8 5031 142 135
internal_value=0.16503 0.206787 0.694934 4.55924 0.0629687 0.631473 0.0874003 0.00715971 -0.0839044 -0.275944 0.0543148 0.0193838 0.0568437 0.0653335
internal_weight=722.853 700.579 147.441 21.585 553.138 50.4551 125.856 502.683 171.496 61.9253 331.187 236.938 196.156 139.425
internal_count=83146 80907 63770 60953 17137 5425 2817 11712 6180 5925 5532 5524 493 351
cat_boundaries=0 1
cat_threshold=524
is_linear=0
shrinkage=0.05


Tree=75
num_leaves=14
num_cat=1
split_feature=1 2 1 0 1 1 1 3 1 0 1 0 1
split_gain=15085.2 1637.84 3273.36 6602.08 1637.58 551419 5147.68 1561.41 357.526 108.439 4.32769 0.385151 0.144899
threshold=14.275750000000002 1.0000000180025095e-35 12.576950000000002 3.6478000000000006 11.813500000000003 11.203800000000003 14.233800000000002 0 8.223650000000001 0.69560000000000011 7.3831500000000014 5.3996500000000003 4.2579000000000002
decision_type=2 2 2 2 2 2 2 9 2 2 2 2 2
left_child=1 2 3 -1 5 7 -6 8 9 -3 11 -11 -13
right_child=-2 4 -4 -5 6 -7 -8 -9 -10 10 -12 12 -14
leaf_value=1.4658022154827626 -0.63967490465035803 -0.019558761914529932 0.042236419102823303 -0.011455930411513007 -0.53701652053641158 74.9290670275671 0.066658205358986256 -0.31477040398954115 -0.091389401614561327 0.050408573449728024 0.069068846104673523 0.054045150021094605 0.057446356520216152
leaf_weight=13.462258338928224 97.921081861016887 51.833042144782723 95.12517711520195 17.260194778442383 55.338160436317708 0.24565478932970464 97.591865539550781 27.141079681709755 55.364365614005351 33.588982813642417 82.888725280761719 46.100109100343531 97.63203048706103
leaf_count=229 4017 5716 98 162 2006 145 73 64974 1293 1923 44 2453 13
internal_value=-0.0598013 0.0244983 0.187155 0.635863 -0.0128745 0.0409342 -0.151783 -0.0056929 0.0250255 0.0464824 0.0596376 0.055229 0.0563555
internal_weight=771.493 673.572 125.848 30.7225 547.724 394.794 152.93 394.548 367.407 312.043 260.21 177.321 143.732
internal_count=83146 79129 489 391 78640 76561 2079 76416 11442 10149 4433 4389 2466
cat_boundaries=0 1
cat_threshold=12
is_linear=0
shrinkage=0.05


Tree=76
num_leaves=14
num_cat=3
split_feature=1 3 0 1 1 0 3 0 1 3 0 0 0
split_gain=16493.1 1873.92 442389 1533.82 686.717 725.795 587.82 289.196 362.643 348.615 3.12726 1.93905 1.14503
threshold=14.275750000000002 0 7.5164500000000016 9.1888000000000023 12.415550000000001 0.25075000000000008 1 7.2551000000000014 9.1609500000000015 2 3.3678000000000003 5.6553000000000013 7.4536500000000006
decision_type=2 9 2 2 2 2 9 2 2 9 2 2 2
left_child=1 4 3 7 6 -6 10 8 9 -3 -1 -12 -9
right_child=-2 2 -4 -5 5 -7 -8 12 -10 -11 11 -13 -14
leaf_value=0.031359009506786287 -0.77760041480472886 0.031971004249332205 -74.92623279052286 -0.2432884138621641 0.24226473576838017 0.046730432089570111 -0.21270596378567583 0.058158546843333561 0.057783828420910469 -0.16726126048641013 0.056466172095875344 0.0418658272300034 0.067796237639512064
leaf_weight=32.21760177612309 76.921600553961639 35.309839743847988 0.19735036527623506 76.299517858912168 93.924591062889846 95.928047180175781 17.446539444396294 50.017391204833984 58.861282348632812 52.553692805769856 47.541460514068604 43.592472076416016 80.288337707519531
leaf_count=151 4017 429 3497 2704 133 158 1800 104 76 69835 78 130 34
internal_value=-0.083439 -0.00539499 -0.0842036 -0.0447841 0.0790228 0.143466 -0.00226005 0.00988775 -0.0382551 -0.102593 0.0413931 0.0494823 0.0640968
internal_weight=761.1 684.178 353.527 353.33 330.651 189.853 140.798 277.031 146.725 87.8635 123.352 91.1339 130.306
internal_count=83146 79129 76679 73182 2450 291 2159 70478 70340 70264 359 208 138
cat_boundaries=0 1 2 3
cat_threshold=136 8 256
is_linear=0
shrinkage=0.05


Tree=77
num_leaves=14
num_cat=2
split_feature=1 0 3 1 1 0 3 4 0 1 0 0 1
split_gain=27312.7 24528.6 1691.65 3667.91 672.01 771.468 494.368 404.174 59.159 5.19163 3.2889 1.67524 1.54573
threshold=14.275750000000002 15.874950000000002 0 9.1888000000000023 12.415550000000001 0.25075000000000008 1 1.0000000180025095e-35 7.2551000000000014 6.9776000000000007 3.3678000000000003 5.6553000000000013 7.3831500000000014
decision_type=2 2 9 2 2 2 9 2 2 2 2 2 2
left_child=1 2 4 7 6 -6 -1 -4 9 -9 -8 -12 -10
right_child=-2 -3 3 -5 5 -7 10 8 12 -11 11 -13 -14
leaf_value=-0.18092604947079111 -1.2211965901254758 3.055056913165263 -0.1106206769124472 -0.36646283565223414 0.25188272008427726 0.045002972377521606 0.030599976288236332 0.02449878429231199 0.054569229444891836 5.1262300960171164e-05 0.05611608676416921 0.042286627630542445 0.065986007585829731
leaf_weight=21.136627861796455 47.016784871077789 6.6121344566345206 56.640514304297255 85.487105888473934 86.005270521306983 94.66229248046875 31.387266159057646 34.402971302127618 47.948478698730469 58.884792327881961 45.497817516326904 42.217308044433594 77.675537109375
leaf_count=1798 4017 66 67936 4035 133 158 151 3467 880 253 78 127 47
internal_value=-0.05524 0.024375 -0.00501046 -0.0781739 0.0773292 0.143486 -0.00238586 0.00842761 0.0392298 0.0090671 0.0410437 0.04946 0.0616284
internal_weight=735.575 688.558 681.946 361.039 320.907 180.668 140.239 275.552 218.912 93.2878 119.102 87.7151 125.624
internal_count=83146 79129 79063 76618 2445 291 2154 72583 4647 3720 356 205 927
cat_boundaries=0 1 2
cat_threshold=136 128
is_linear=0
shrinkage=0.05


Tree=78
num_leaves=12
num_cat=0
split_feature=1 2 1 0 1 1 1 0 4 2 1
split_gain=72624.1 1684.55 3739.46 44781.7 2522.94 3611.72 792.385 660.045 373.418 12.6672 7.75382
threshold=14.275750000000002 1.0000000180025095e-35 12.576950000000002 3.6478000000000006 8.223650000000001 13.444400000000002 13.529600000000002 15.874950000000002 1.0000000180025095e-35 6.955000000000001 4.2579000000000002
decision_type=2 2 2 2 2 2 2 2 2 2 2
left_child=1 2 3 -1 7 -6 -7 8 -3 10 -10
right_child=-2 4 -4 -5 5 6 -8 -9 9 -11 -12
leaf_value=6.5439204888091611 -3.3064382913380985 -0.11009245459229278 0.022258960760313938 0.0090401700964386055 -0.47340369667530519 0.069195392595614955 -0.13495183770774838 0.19239553317987967 0.033103912144789215 0.027972497479595865 0.060057604467614045
leaf_weight=2.9315960407257107 16.813049790863943 40.596347808852897 76.48875804245472 24.791341781616211 60.921316752869018 96.810130500147366 93.38117351785472 79.6016845703125 30.596633179376909 46.0534175218786 208.54842376708984
leaf_count=229 4017 65735 98 162 6530 70 1165 59 1530 3540 11
internal_value=-0.0560134 0.0158257 0.202576 0.700079 -0.0138183 -0.138358 -0.0310379 0.0633249 0.0317889 0.0519849 0.0566091
internal_weight=777.534 760.721 104.212 27.7229 656.509 251.113 190.191 405.397 325.795 285.198 239.145
internal_count=83146 79129 489 391 78640 7765 1235 70875 70816 5081 1541
is_linear=0
shrinkage=0.05


Tree=79
num_leaves=13
num_cat=3
split_feature=0 2 3 6 5 0 3 3 2 2 2 2
split_gain=6668.89 4987.66 7132.87 2219.22 1794.6 4475.48 1266.29 375.47 117.685 65.4931 32.7339 1.10709
threshold=14.746550000000001 5.7650000000000006 0 1.0000000180025095e-35 1.0000000180025095e-35 12.248250000000002 1 2 5.0550000000000006 0.84500000000000008 0.74500000000000011 5.1750000000000007
decision_type=2 2 9 2 2 2 9 9 2 2 2 2
left_child=1 4 3 -3 6 -6 -1 8 9 10 -8 -10
right_child=-2 2 -4 -5 5 -7 7 -9 11 -11 -12 -13
leaf_value=0.3280142472936729 0.35731112964189304 -0.40821596698035995 -0.80891743046138476 0.020699923530685803 -0.45451362234469567 0.064325231398480953 -0.0043888248905557875 -0.13181486731668909 0.066231857116437393 -0.068461001307646527 0.052018249148152555 0.057083994036982492
leaf_weight=24.599968196787088 87.368066967014897 44.182745084003443 45.104815843120548 95.003177677281201 72.711661851352119 97.0264892578125 75.616271096082812 32.086482607293135 79.619674682617188 29.752571282807196 38.977783203125 56.574932098395607
leaf_count=822 300 1396 67396 861 3601 224 490 6446 31 1389 28 162
internal_value=-0.0542894 -0.106312 -0.329071 -0.107715 -0.0253347 -0.157933 0.0414063 0.00810239 0.0280913 -0.00236376 0.0147974 0.0624319
internal_weight=778.625 691.257 184.291 139.186 506.966 169.738 337.228 312.628 280.541 144.347 114.594 136.195
internal_count=83146 82846 69653 2257 13193 3825 9368 8546 2100 1907 518 193
cat_boundaries=0 1 2 3
cat_threshold=264 128 12
is_linear=0
shrinkage=0.05


Tree=80
num_leaves=14
num_cat=0
split_feature=1 2 1 1 1 0 2 0 1 1 0 0 0
split_gain=1.25419e+06 1696.26 6001.79 2483.1 3953.82 580.383 713.421 143.924 68.6423 6.21994 1.409 0.830894 1.20905
threshold=14.275750000000002 1.0000000180025095e-35 12.576950000000002 9.1888000000000023 14.233800000000002 0.69560000000000011 5.705000000000001 15.874950000000002 9.1609500000000015 5.8903500000000006 7.4536500000000006 5.3996500000000003 5.5256000000000007
decision_type=2 2 2 2 2 2 2 2 2 2 2 2 2
left_child=1 2 -1 5 -5 6 8 9 -3 11 -11 -7 -13
right_child=-2 3 -4 4 -6 7 -8 -9 -10 10 -12 12 -14
leaf_value=1.028997524167562 -57.285943974316723 -0.017461229361792976 0.02156796123882063 -0.39264027489011327 0.063773354623227987 0.046566719468938228 -0.18062501058218092 0.1320284946633975 0.066367098729396556 0.063282327624088808 0.07253822588843635 0.060375110027935899 0.048884583372432656
leaf_weight=18.366958887781834 0.95593091727505353 35.750184081507015 75.785153657197952 94.43975608847893 95.366111755371094 31.517445093981536 54.415778582170347 97.4324951171875 77.05511474609375 75.958824157714844 89.636566162109375 59.021785736083984 37.399139404297074
leaf_count=391 4017 6503 98 4297 73 8779 54583 59 1 384 103 93 3765
internal_value=-0.0468904 0.0180824 0.218095 -0.00709372 -0.16332 0.0460293 -0.0319288 0.079373 0.0398003 0.061895 0.0682925 0.0536145 0.0559182
internal_weight=843.101 842.145 94.1521 747.993 189.806 558.187 167.221 390.966 112.805 293.534 165.595 127.938 96.4209
internal_count=83146 79129 489 78640 4370 74270 61087 13183 6504 13124 487 12637 3858
is_linear=0
shrinkage=0.05


Tree=81
num_leaves=13
num_cat=0
split_feature=1 2 1 1 0 2 0 1 1 0 0 0
split_gain=10183.7 1955.53 17236.1 4760.33 534.878 571.514 109.943 65.0465 5.37235 1.20413 0.788928 1.14711
threshold=14.200250000000002 1.0000000180025095e-35 12.576950000000002 9.1888000000000023 0.69560000000000011 5.705000000000001 15.874950000000002 9.1609500000000015 5.8903500000000006 7.4536500000000006 5.3996500000000003 5.5256000000000007
decision_type=2 2 2 2 2 2 2 2 2 2 2 2
left_child=1 2 -1 4 5 7 8 -3 10 -10 -6 -12
right_child=-2 3 -4 -5 6 -7 -8 -9 9 -11 11 -13
leaf_value=2.622935574381184 -0.5383947745180202 -0.01634968796686749 0.02406502466659723 -0.3269735125791654 0.046044236533525934 -0.15167545310108949 0.12183373404739983 0.065316119335500064 0.062216807547789826 0.070906456188598518 0.059767245922376692 0.048350954350498229
leaf_weight=6.9735778898464096 93.67580615582358 36.25810340933694 74.932960346341133 102.41708023156855 30.311965623758979 61.35664176824028 100.22708892822266 74.446365356445312 73.460136413574219 87.1767578125 56.699748992919922 35.957904815674041
leaf_count=391 4169 6503 92 4224 8779 54583 59 1 384 103 93 3765
internal_value=-0.0472222 0.0149365 0.245335 -0.0137295 0.0439821 -0.0292719 0.0768197 0.0385688 0.0609116 0.0669326 0.0530463 0.0553369
internal_weight=833.894 740.218 81.9065 658.312 555.895 172.061 383.834 110.704 283.607 160.637 122.97 92.6577
internal_count=83146 78977 483 78494 74270 61087 13183 6504 13124 487 12637 3858
is_linear=0
shrinkage=0.05


Tree=82
num_leaves=12
num_cat=0
split_feature=1 2 1 0 2 0 1 0 1 0 0
split_gain=8238.6 2055.09 4257.65 494.656 471.029 85.3294 61.7218 5.02104 3.18745 1.09502 0.57189
threshold=14.200250000000002 1.0000000180025095e-35 9.1888000000000023 0.69560000000000011 5.705000000000001 15.874950000000002 9.1609500000000015 5.3996500000000003 5.8903500000000006 5.5256000000000007 7.4536500000000006
decision_type=2 2 2 2 2 2 2 2 2 2 2
left_child=1 -1 3 4 6 7 -3 -5 9 -9 -10
right_child=-2 2 -4 5 -6 -7 -8 8 10 -11 -12
leaf_value=0.26410691076695619 -0.46144329986166421 -0.015323787788060509 -0.30740551848753866 0.040377000106531405 -0.13090627190977552 0.11354606448685961 0.064347703057899899 0.059200586777246357 0.063333852095580942 0.047822106166648254 0.069419053081297047
leaf_weight=74.501422369045372 103.48414834420817 36.738450104566084 103.43816376511847 29.156301511519189 67.363231755594029 102.11180114746094 71.854133605957031 54.437606811523445 70.985397338867188 34.572948455810767 84.656326293945312
leaf_count=483 4169 6503 4224 9030 54583 59 1 93 133 3765 103
internal_value=-0.0439344 0.0152663 -0.013024 0.042152 -0.0270386 0.0745378 0.0373937 0.0599904 0.0623278 0.054781 0.0666437
internal_weight=833.3 729.816 655.314 551.876 175.956 375.92 108.593 273.809 244.652 89.0106 155.642
internal_count=83146 78977 78494 74270 61087 13183 6504 13124 4094 3858 236
is_linear=0
shrinkage=0.05


Tree=83
num_leaves=11
num_cat=3
split_feature=0 2 3 6 3 2 2 0 3 2
split_gain=4595.21 2986.09 4466.16 2233.76 1741.51 4520.3 3623.48 1257.23 52.607 3.57261
threshold=14.746550000000001 5.7650000000000006 0 1.0000000180025095e-35 1 4.9850000000000012 0.84500000000000008 0.072350000000000012 2 5.1250000000000009
decision_type=2 2 9 2 9 2 2 2 9 2
left_child=1 4 3 -3 -1 6 7 -6 9 -7
right_child=-2 2 -4 -5 5 8 -8 -9 -10 -11
leaf_value=0.15677375597763021 0.26874984093848914 -0.33270099377634338 -0.54494085158480321 0.071057981442980825 -0.040880423638226353 0.063638931161213427 -0.81581161245483946 -0.42047150387932419 -0.010190362707841585 0.050146224279086049
leaf_weight=100.91856848429605 103.25412544980645 52.257557834784677 68.491745681346288 99.44053298747167 63.444802159539478 151.38430786132812 28.168576078163056 33.242952123808209 37.251662649214268 72.582000732428867
leaf_count=1074 300 1396 67396 861 245 65 8773 1042 1651 343
internal_value=-0.042834 -0.0883277 -0.241126 -0.0638233 -0.0192413 -0.0675618 -0.316777 -0.171391 0.0489711 0.0567332
internal_weight=810.437 707.183 220.19 151.698 486.993 386.074 124.856 96.6878 261.218 223.966
internal_count=83146 82846 69653 2257 13193 12119 10060 1287 2059 408
cat_boundaries=0 1 2 3
cat_threshold=264 128 4
is_linear=0
shrinkage=0.05


Tree=84
num_leaves=16
num_cat=2
split_feature=0 5 3 0 2 3 2 2 2 2 0 4 0 0 4
split_gain=3984.7 3510.18 5442.77 1994.24 1483.08 5852.5 862728 3.15965e+06 1.3032e+06 1.64347e+06 95.3941 25.8494 23.4695 8.54265 4.00545
threshold=14.746550000000001 1.0000000180025095e-35 0 12.248250000000002 1.0000000180025095e-35 1 5.6550000000000011 5.455000000000001 1.3250000000000004 1.4550000000000003 0.69560000000000011 1.0000000180025095e-35 7.3795000000000011 7.2551000000000014 1.0000000180025095e-35
decision_type=2 2 9 2 2 9 2 2 2 2 2 2 2 2 2
left_child=1 4 3 -3 -1 10 7 8 -7 -10 11 -6 13 14 -12
right_child=-2 2 -4 -5 5 6 -8 -9 9 -11 12 -13 -14 -15 -16
leaf_value=0.22689362362640761 0.25530922350943525 -0.22072274356466362 -0.5384322658471784 0.092380425770497099 0.02442183710117677 -1899.2494814798811 -0.36044313112609555 -4.1587700280707534 -39.06411183556714 -1155.2144994720277 0.060557330574625284 -0.018979299488488709 0.021652314804252292 0.072723295562411167 0.042075184808548959
leaf_weight=65.41116867726663 103.23942121677101 100.75834922907146 79.736900057332235 102.68357086181641 66.750069667397668 0.0023166436634011198 37.497238199647441 0.059352073818445206 0.006407980835408722 0.0067955709200759884 65.046157836914062 70.586827084208608 46.284475672970075 89.096305847167969 53.365104675293139
leaf_count=567 300 2752 8334 304 2243 459 57412 335 36 5879 856 2042 735 25 867
internal_value=-0.0365441 -0.0753079 -0.215662 -0.0597526 0.00512992 -0.0287068 -0.552067 -170.255 -805.438 -613.522 0.0347928 0.00211502 0.0538469 0.0610279 0.0522279
internal_weight=880.53 777.291 283.179 203.442 494.112 428.701 37.5721 0.0748723 0.0155202 0.0132036 391.129 137.337 253.792 207.508 118.411
internal_count=83146 82846 11390 3056 71456 70889 64121 6709 6374 5915 6768 4285 2483 1748 1723
cat_boundaries=0 1 2
cat_threshold=384 12
is_linear=0
shrinkage=0.05


Tree=85
num_leaves=12
num_cat=1
split_feature=3 0 1 1 1 4 0 1 1 0 0
split_gain=66705 2.58332e+07 22303.9 443.837 2460.16 87.9368 24.3885 8.11023 6.04262 7.33867 2.70346
threshold=0 4.9004500000000011 13.529600000000002 8.223650000000001 13.444400000000002 1.0000000180025095e-35 7.2551000000000014 6.9738500000000014 8.1981500000000018 0.69560000000000011 7.7317000000000009
decision_type=9 2 2 2 2 2 2 2 2 2 2
left_child=2 -2 3 5 -5 -1 8 10 9 -7 -8
right_child=1 -3 -4 4 -6 6 7 -9 -10 -11 -12
leaf_value=0.0047199292565871919 486.3192972711044 0.10030660375000061 -0.99389429058896439 -0.26867271375668167 0.12815601151467676 0.030667058834983687 0.071129440165384361 0.081954670625486462 0.063463363260307354 0.057606342506581899 0.056079759160715649
leaf_weight=62.649906158452382 0.27390586584034693 103.55203488471714 56.24304768140928 65.864513195099562 95.960136413574219 49.368751525878849 86.601356506347656 197.04609680175781 71.341499328613281 51.812222540968094 45.528144836425781
leaf_count=6759 63293 3053 3542 2240 58 2255 85 9 3 1162 687
internal_value=0.13143 1.26151 -0.0342167 0.0396405 -0.0333579 0.0605725 0.0675471 0.075528 0.0523194 0.044462 0.0659437
internal_weight=886.242 103.826 782.416 726.173 161.825 564.348 501.698 329.176 172.522 101.181 132.13
internal_count=83146 66346 16800 13258 2298 10960 4201 781 3420 3417 772
cat_boundaries=0 1
cat_threshold=268
is_linear=0
shrinkage=0.05


Tree=86
num_leaves=14
num_cat=1
split_feature=3 4 1 2 2 1 1 1 4 0 1 1 0
split_gain=26734.8 2.13619e+07 1.13934e+09 23934.8 15394.8 11739.3 411.565 1956.05 83.9344 21.6322 6.5523 5.78762 7.29055
threshold=0 1.0000000180025095e-35 14.449450000000002 1.7050000000000003 2.0550000000000002 13.529600000000002 8.223650000000001 13.444400000000002 1.0000000180025095e-35 7.2551000000000014 5.8903500000000006 8.1981500000000018 0.69560000000000011
decision_type=9 2 2 2 2 2 2 2 2 2 2 2 2
left_child=5 3 -3 -2 -5 6 8 -8 -1 11 -11 12 -10
right_child=1 2 -4 4 -6 -7 7 -9 9 10 -12 -13 -14
leaf_value=0.0044976322706612474 -4.8592450349736467 25542.568077490647 -118.24808610897863 0.29539184172612848 -1.7274158505482859 -0.55723626326453235 -0.21864356510892216 0.11791447155569307 0.029808226401772421 0.05564079819205231 0.076483947416265588 0.062566600577044232 0.057085923849847099
leaf_weight=62.463947296147751 2.4739006836186368 0.0044443153157079909 0.16203366219997406 103.68202972412109 10.344462960566771 93.576851950028185 76.559274332599443 98.994644165039062 48.279670715332138 43.640724182128906 277.25438690185547 68.810012817382812 49.72322352127248
leaf_count=6759 528 1420 866 106 63426 3542 2240 58 2255 770 11 3 1162
internal_value=0.0751971 0.750752 566.796 0.00632055 0.111883 -0.0298 0.0377983 -0.0288589 0.0590679 0.066057 0.0736493 0.0514519 0.043648
internal_weight=935.97 116.667 0.166478 116.5 114.026 819.303 725.726 175.554 550.172 487.708 320.895 166.813 98.0029
internal_count=83146 66346 2286 64060 63532 16800 13258 2298 10960 4201 781 3420 3417
cat_boundaries=0 1
cat_threshold=268
is_linear=0
shrinkage=0.05


Tree=87
num_leaves=12
num_cat=0
split_feature=1 1 1 1 2 0 2 0 2 0 2
split_gain=89586.7 18288.3 2948.32 4219.18 4134.57 289.524 1276.78 6.63572 5.43135 2.30599 3.78274
threshold=1.0000000180025095e-35 14.200250000000002 9.7701000000000011 14.163950000000002 2.2650000000000001 5.3996500000000003 5.705000000000001 7.2551000000000014 5.0550000000000006 15.874950000000002 7.7150000000000007
decision_type=2 2 2 2 2 2 2 2 2 2 2
left_child=-1 2 4 -4 -2 6 8 -7 -6 10 -9
right_child=1 -3 3 -5 5 7 -8 9 -10 -11 -12
leaf_value=-5.0970135237298146 0.54970776419075473 -0.69067293340193148 -0.37721843583610526 0.07650585839024765 0.047966472624543607 0.054054934643464704 -0.19234977562364997 0.075614323896937008 0.063682464096191257 0.078367716847423885 0.0608407832120526
leaf_weight=8.8933825492937313 41.936263100658607 101.60508372429945 101.29469660125744 103.68123458325863 94.225505828864897 62.286872863769702 66.317124363600499 92.898826599121094 131.97321701050478 96.255973815917969 81.202316284179688
leaf_count=62333 43 4169 2716 76 54 222 13239 69 46 2 177
internal_value=-0.101456 -0.0558276 0.0181382 -0.147715 0.0690992 0.0368596 0.000574194 0.0687677 0.0571358 0.0721574 0.0687238
internal_weight=982.57 973.677 872.072 204.976 667.096 625.16 292.516 332.644 226.199 270.357 174.101
internal_count=83146 20813 16644 2792 13852 13809 13339 470 100 248 246
is_linear=0
shrinkage=0.05


Tree=88
num_leaves=13
num_cat=2
split_feature=2 2 2 3 3 2 5 6 2 2 2 2
split_gain=5095.14 19682 5374.32 4347.15 23008.8 1966.13 1101.76 406.731 104.519 32.5329 2.2742 0.31526
threshold=1.7050000000000003 1.0000000180025095e-35 2.0550000000000002 0 1 10.655000000000003 1.0000000180025095e-35 1.0000000180025095e-35 7.8250000000000011 5.0550000000000006 5.8250000000000011 5.1750000000000007
decision_type=2 2 2 9 9 2 2 2 2 2 2 2
left_child=1 -1 -2 6 5 -5 8 -7 9 -4 11 -11
right_child=2 -3 3 4 -6 7 -8 -9 -10 10 -12 -13
leaf_value=-0.080095136716286097 0.28798998303076501 -1.6028387851362091 0.016014723974522603 -0.33141550923892632 -1.1803940358667786 -0.036437820394561705 -0.15690046655033801 0.1113074648883192 -0.011449978861037819 0.067604372235997745 0.0540381256512849 0.063107768412903983
leaf_weight=103.21854009582239 99.652397346698194 26.712209097904633 46.038712153633213 45.045945764754435 44.887958450416875 94.124847412109375 90.846899047436978 92.223518689657794 78.87912546579588 82.395805358886705 60.169250920844178 73.976837158210301
leaf_count=727 486 2492 1045 1680 64937 721 5492 467 3991 31 903 174
internal_value=-0.102536 -0.393153 -0.0558169 -0.104168 -0.254584 -0.033528 -0.00210154 0.0366811 0.0390219 0.0541836 0.0622986 0.0654771
internal_weight=938.172 129.931 808.241 708.589 276.282 231.394 432.307 186.348 341.46 262.581 216.542 156.373
internal_count=83146 3219 79927 79441 67805 2868 11636 1188 6144 2153 1108 205
cat_boundaries=0 1 2
cat_threshold=12 256
is_linear=0
shrinkage=0.05


Tree=89
num_leaves=12
num_cat=1
split_feature=1 1 1 1 1 2 2 3 1 1 4
split_gain=15121.1 5844.49 1.12915e+07 2906.94 4257.67 2307.47 431.858 741.834 2.00157 3.47642 2.45842
threshold=14.200250000000002 4.2579000000000002 1.0000000180025095e-35 9.7701000000000011 14.163950000000002 2.2650000000000001 6.2950000000000008 0 9.7279000000000018 7.5999500000000006 1.0000000180025095e-35
decision_type=2 2 2 2 2 2 2 9 2 2 2
left_child=1 2 -1 5 -5 -3 8 -8 9 -7 -11
right_child=-2 3 -4 4 -6 6 7 -9 -10 10 -12
leaf_value=-630.37746358304923 -0.65778980844820956 0.32139378574775673 0.05641198048497327 -0.38590142460813925 0.07667205990507793 0.069753889514943934 0.065079923424346098 -0.13163484178154791 0.072932387484289138 0.065082836657404622 0.052316601203755142
leaf_weight=0.071074174018234682 103.51989979724533 81.770965680480231 103.56193449754937 95.60984665810156 103.69919924438 152.27542114258412 95.14365938998526 79.320561980877301 89.40130615234375 79.838333129884376 71.469467163092929
leaf_count=62333 4169 34 80 2716 76 12 100 13460 2 94 70
internal_value=-0.083887 -0.0214918 -0.375956 0.0217998 -0.145227 0.0730768 0.0372937 -0.0281717 0.0663568 0.0644204 0.0590528
internal_weight=1055.68 952.162 103.633 848.529 199.309 649.22 567.449 174.464 392.985 303.583 151.308
internal_count=83146 78977 62413 16564 2792 13772 13738 13560 178 176 164
cat_boundaries=0 1
cat_threshold=256
is_linear=0
shrinkage=0.05


Tree=90
num_leaves=12
num_cat=0
split_feature=1 1 4 1 1 2 2 0 0 1 2
split_gain=15959 5960.13 8338.37 2786.21 4540.66 2624.36 404.819 814.821 5.84966 4.79831 2.42464
threshold=14.200250000000002 4.2579000000000002 1.0000000180025095e-35 9.7701000000000011 14.163950000000002 2.2650000000000001 6.2950000000000008 15.874950000000002 7.4536500000000006 9.7279000000000018 5.6550000000000011
decision_type=2 2 2 2 2 2 2 2 2 2 2
left_child=1 2 -1 5 -5 -3 8 -8 9 10 -7
right_child=-2 3 -4 4 -6 6 7 -9 -10 -11 -12
leaf_value=0.015754226287397331 -0.72106484165666362 0.36251796547193704 -0.90675779472538331 -0.42350316511943414 0.073219510395379828 0.050313641299804673 -0.13908043209092255 0.075419660434570018 0.075911424847528219 0.071319409631190225 0.061599031256193815
leaf_weight=55.917709350585824 89.954689510807384 69.147243916988259 43.589562301617207 83.036268113270808 103.17200645804405 77.322586059578668 84.262060856222774 93.292549133300781 93.242195129394531 86.915077209472656 123.79111480713544
leaf_count=57294 4169 34 5119 2716 76 99 13558 2 37 2 40
internal_value=-0.0856307 -0.0230707 -0.388356 0.0215735 -0.148285 0.0719405 0.0359854 -0.0263756 0.0650264 0.0615026 0.0572601
internal_weight=1003.64 913.688 99.5073 814.181 186.208 627.973 558.826 177.555 381.271 288.029 201.114
internal_count=83146 78977 62413 16564 2792 13772 13738 13560 178 141 139
is_linear=0
shrinkage=0.05


Tree=91
num_leaves=12
num_cat=0
split_feature=1 1 4 1 1 2 2 0 0 1 2
split_gain=22120.7 3857.62 3066.45 2735.33 5334.59 3212.88 378.091 707.696 5.06937 4.30478 2.58358
threshold=14.200250000000002 4.2579000000000002 1.0000000180025095e-35 9.7701000000000011 14.163950000000002 2.2650000000000001 6.2950000000000008 15.874950000000002 7.4536500000000006 9.7279000000000018 5.6550000000000011
decision_type=2 2 2 2 2 2 2 2 2 2 2
left_child=1 2 -1 5 -5 -3 8 -8 9 10 -7
right_child=-2 3 -4 4 -6 6 7 -9 -10 -11 -12
leaf_value=0.015132167065459749 -0.99389283872049128 0.43584265916995063 -0.47151803655062868 -0.50508581090929572 0.070101697522692061 0.04908187518313354 -0.12471386263149015 0.073520443017157919 0.07401725235771564 0.069851874974962383 0.060912959646065745
leaf_weight=55.321121215820483 62.483146104166849 54.936848342418557 78.023805416120183 66.485876455825064 102.39182475209236 75.350387573250288 89.132518141796879 90.976058959960938 90.906074523925781 84.368598937988281 119.04629516602259
leaf_count=57294 4169 34 5119 2716 76 99 13558 2 37 2 40
internal_value=-0.0839357 -0.0212447 -0.26962 0.021568 -0.156345 0.0712533 0.0348217 -0.0245822 0.063764 0.0604204 0.0563271
internal_weight=969.423 906.939 133.345 773.594 168.878 604.717 549.78 180.109 369.671 278.765 194.397
internal_count=83146 78977 62413 16564 2792 13772 13738 13560 178 141 139
is_linear=0
shrinkage=0.05


Tree=92
num_leaves=15
num_cat=1
split_feature=1 3 1 0 1 2 2 6 2 1 2 2 0 0
split_gain=45805.6 3300.04 2.13366e+06 3.20656e+07 7897.13 5.42753e+06 2425.13 1832.55 832.741 449.713 8.80972 3.91377 4.083 0.103494
threshold=14.200250000000002 0 9.7701000000000011 13.277750000000003 7.3831500000000014 10.655000000000003 3.0750000000000006 1.0000000180025095e-35 5.1750000000000007 8.6037500000000033 3.2850000000000006 5.6550000000000011 15.874950000000002 5.3996500000000003
decision_type=2 9 2 2 2 2 2 2 2 2 2 2 2 2
left_child=1 7 4 -4 5 -3 -6 9 -8 10 -1 -12 13 -13
right_child=-2 2 3 -5 6 -7 8 -9 -10 -11 11 12 -14 -15
leaf_value=0.043411993092750394 -2.0184070345924603 -347.54101238750934 -2368.3315954149466 -6.1015792820751846 0.32145749159701892 -0.017704834150728928 0.064322440184895163 0.3654365725544837 -0.14812491470077471 -0.055023281412150127 0.076887623674434302 0.056129548631223762 0.072363889266270118 0.059277588160050326
leaf_weight=39.703151485286071 29.663661395129566 0.11248612404868552 0.015242471140935465 0.24982774257659934 81.782608032226562 93.076280800632972 161.87898254395134 47.135954536177451 64.506943141336819 101.39980658809952 94.313751220703125 49.906013488769531 88.560279846191406 54.750675201416016
leaf_count=307 4169 62238 2054 47 25 4941 52 176 7812 627 123 263 8 304
internal_value=-0.0860092 -0.0206769 -0.12443 -141.938 -0.0338712 -0.437193 0.0880914 0.0680904 0.00378719 0.0369804 0.0654896 0.0685381 0.0644625 0.0577764
internal_weight=907.056 877.392 401.622 0.26507 401.357 93.1888 308.169 475.77 226.386 428.634 327.234 287.531 193.217 104.657
internal_count=83146 78977 77169 2101 75068 67179 7889 1808 7864 1632 1005 698 575 567
cat_boundaries=0 1
cat_threshold=264
is_linear=0
shrinkage=0.05


Tree=93
num_leaves=14
num_cat=2
split_feature=1 1 3 1 2 1 3 1 4 1 2 1 1
split_gain=312613 4.89589e+07 130097 6718.83 25076.4 810.073 863.889 2056.5 84.0198 4.87692 5.7048 1.26357 0.162554
threshold=14.200250000000002 14.275750000000002 0 11.203800000000003 10.565000000000003 8.223650000000001 1 6.9738500000000014 1.0000000180025095e-35 7.4260500000000009 3.2850000000000006 6.3065000000000007 5.8903500000000006
decision_type=2 2 9 2 2 2 9 2 2 2 2 2 2
left_child=2 -2 -1 5 -5 6 8 -8 -4 10 -10 12 -12
right_child=1 -3 3 4 -6 -7 7 -9 9 -11 11 -13 -14
leaf_value=2.2040052320543202 3.73984171166386 -1634.5820528998468 -0.00025698938674090932 -0.11447628847984291 1.1684110241015939 -0.15547455665004808 -0.35244661339783517 0.056276375206271191 0.051840531877346219 0.055313228547792741 0.073267930928596001 0.067435650115258608 0.076227202871316208
leaf_weight=69.198449213609038 4.4946494102477716 0.046068297861582397 52.541831970215298 102.19830506256096 60.724871929647634 70.854168255669947 47.910938262939453 86.051843051391188 38.365179152839119 70.404953002929688 92.03613422012495 86.240470886230469 93.598190307617188
leaf_count=1978 152 4017 6460 1425 543 5407 55243 4112 590 46 3148 19 6
internal_value=0.203297 -12.8819 0.271582 0.0761553 0.363683 0.00392477 0.0238386 -0.0836561 0.0576809 0.0671936 0.0698897 0.0724367 0.07476
internal_weight=874.666 4.54072 870.125 800.927 162.923 638.004 567.15 133.963 433.187 380.645 310.24 271.875 185.634
internal_count=83146 4169 78977 76999 1968 75031 69624 59355 10269 3809 3763 3173 3154
cat_boundaries=0 1 2
cat_threshold=128 12
is_linear=0
shrinkage=0.05


Tree=94
num_leaves=11
num_cat=2
split_feature=1 1 5 1 4 3 1 3 1 5
split_gain=105236 1.33166e+06 35864.4 3337.35 2229.01 1393.45 481.466 137.422 10.3648 0.750335
threshold=9.6694000000000013 13.356150000000001 1.0000000180025095e-35 4.2579000000000002 1.0000000180025095e-35 0 8.223650000000001 1 7.4260500000000009 1.0000000180025095e-35
decision_type=2 2 2 2 2 9 2 9 2 2
left_child=3 -2 -3 4 -1 -4 7 8 9 -5
right_child=1 2 5 6 -6 -7 -8 -9 -10 -11
leaf_value=0.014979120953146831 17.715097161759587 1.1906295986841424 -0.092247968293637517 0.067303937083024665 -0.39510028535486386 0.1662114779651315 -0.08429657052175582 -0.03756685996284985 0.04329550884125874 0.062457430794967898
leaf_weight=52.551315307617017 11.59733217628809 103.38641961743281 100.38607042602962 152.3619194030762 89.697787958106346 89.963794217945519 77.004700352589907 36.810243883432804 68.197853088378906 167.83144378662158
leaf_count=57294 1807 1416 1903 57 5119 2066 4743 8559 134 48
internal_value=0.332455 1.09708 0.440964 -0.0298122 -0.243604 0.0337917 0.0307439 0.051578 0.059463 0.0647636
internal_weight=949.789 305.334 293.736 644.455 142.249 190.35 502.206 425.201 388.391 320.193
internal_count=83146 7192 5385 75954 62413 3969 13541 8798 239 105
cat_boundaries=0 1 2
cat_threshold=256 260
is_linear=0
shrinkage=0.05


Tree=95
num_leaves=12
num_cat=3
split_feature=2 1 3 2 2 3 3 1 2 1 4
split_gain=185870 28513.4 51778 4070.7 1016.08 2180.74 82.9033 13.0011 2.00749 0.727285 1.53565
threshold=1.0000000180025095e-35 9.6694000000000013 0 3.2850000000000006 5.9050000000000011 1 2 5.347900000000001 10.655000000000003 7.5999500000000006 1.0000000180025095e-35
decision_type=2 2 9 2 2 9 9 2 2 2 2
left_child=-1 3 -3 -2 6 8 7 -5 -6 -9 -11
right_child=1 2 -4 4 5 -7 -8 9 -10 10 -12
leaf_value=2.8453991533148772 -0.52431533788742424 -0.18214410027219352 1.4233527372237247 0.084350301171765452 0.052846551562843028 -0.25148219116162202 -0.0018831890457518159 0.066525883822483381 0.065413897520196884 0.065289926616449667 0.055014197252921372
leaf_weight=68.528971173043828 37.932067871100912 98.568326921405969 94.990135643596318 100.113525390625 52.000771254242864 89.096358635738284 58.463802337646484 81.484962463378906 81.703765869140625 80.257598876954376 66.471870422363281
leaf_count=727 3594 2406 4403 865 256 65143 5229 8 398 69 48
internal_value=0.341433 0.137418 0.66989 -0.0217494 0.00952291 -0.0755309 0.0585158 0.067279 0.0563143 0.0627382 0.0606348
internal_weight=909.612 841.083 193.558 647.525 609.593 222.801 386.792 328.328 133.705 228.214 146.729
internal_count=83146 82419 6809 75610 72016 65797 6219 990 654 125 117
cat_boundaries=0 1 2 3
cat_threshold=256 264 12
is_linear=0
shrinkage=0.05


Tree=96
num_leaves=9
num_cat=1
split_feature=2 1 3 1 0 1 0 1
split_gain=2.32981e+06 27881.9 50702 2411.74 4351.26 477.013 131.401 133.836
threshold=1.0000000180025095e-35 9.6694000000000013 0 4.2579000000000002 0.80425000000000013 8.223650000000001 7.2551000000000014 8.1981500000000018
decision_type=2 2 9 2 2 2 2 2
left_child=-1 3 -3 4 -2 6 7 -5
right_child=1 2 -4 5 -6 -7 -8 -9
leaf_value=30.983412108261195 -0.0043103609375574328 -0.18185269624499523 1.455375065577031 -0.046525170565394763 -0.5768341611351806 -0.082545498584843585 0.069262339882092516 0.057976127860734639
leaf_weight=6.1638690576455692 98.390769958496151 93.917193398781819 87.827127361627049 58.536525878449652 50.078231219218651 77.746715982108469 310.65518951416016 64.287100321613252
leaf_count=727 49467 2406 4403 8671 12623 4735 31 83
internal_value=0.355411 0.131049 0.679402 -0.0200217 -0.197421 0.0314983 0.0519527 0.00817184
internal_weight=847.603 841.439 181.744 659.695 148.469 511.226 433.479 122.824
internal_count=83146 82419 6809 75610 62090 13520 8785 8754
cat_boundaries=0 1
cat_threshold=256
is_linear=0
shrinkage=0.05


Tree=97
num_leaves=11
num_cat=3
split_feature=1 3 2 2 3 3 1 0 0 1
split_gain=277135 665255 3806.16 827.325 2063.65 74.7353 11.0479 1.25734 0.94197 1.58772
threshold=9.6694000000000013 0 3.2850000000000006 5.9050000000000011 1 2 5.347900000000001 15.874950000000002 7.4536500000000006 9.1609500000000015
decision_type=2 9 2 2 9 9 2 2 2 2
left_child=2 -2 -1 5 7 6 -4 -5 9 -8
right_child=1 -3 3 4 -6 -7 8 -9 -10 -11
leaf_value=-0.4293845744817098 -0.1845817167447194 7.4054086229213603 0.081708057351963945 0.05695438294068883 -0.23000023446415918 0.00021106336456265369 0.053131919259376575 0.066146018298199272 0.066034640655824775 0.063765816488844607
leaf_weight=53.346149444593266 88.163031004543882 34.926181168257699 98.486190795898466 72.412016506772488 94.707941249778287 60.342864990234261 61.997188568116457 76.523269653320312 76.251976013183594 80.913894653320312
leaf_count=3938 2408 4784 865 646 65143 5229 65 8 28 32
internal_value=0.373808 2.55569 -0.0240779 0.0107038 -0.0611425 0.0570139 0.0657287 0.0577964 0.0615471 0.0591527
internal_weight=798.071 123.089 674.981 621.635 243.643 377.992 317.649 148.935 219.163 142.911
internal_count=83146 7192 75954 72016 65797 6219 990 654 125 97
cat_boundaries=0 1 2 3
cat_threshold=256 264 12
is_linear=0
shrinkage=0.05


Tree=98
num_leaves=7
num_cat=0
split_feature=1 1 0 1 0 1
split_gain=435454 2567.67 2376.95 476.698 142.459 118.581
threshold=9.6694000000000013 4.2579000000000002 0.80425000000000013 8.223650000000001 7.2551000000000014 8.1981500000000018
decision_type=2 2 2 2 2 2
left_child=1 2 -1 4 5 -3
right_child=-2 3 -4 -5 -6 -7
leaf_value=-0.032122332544439247 3.8433080325233329 -0.042857478565718282 -0.41457103267255607 -0.080842022828785984 0.070516419093276786 0.056444934870411682
leaf_weight=96.548843383789062 81.543218530230888 60.334633074126486 70.141992982421471 78.476781613970843 317.75046539306641 59.91965854249429
leaf_count=49626 7192 8684 12787 4743 31 83
internal_value=0.389784 -0.0224269 -0.193053 0.0326416 0.0529743 0.00662239
internal_weight=764.716 683.172 166.691 516.482 438.005 120.254
internal_count=83146 75954 62413 13541 8798 8767
is_linear=0
shrinkage=0.05


Tree=99
num_leaves=12
num_cat=0
split_feature=1 5 1 2 5 2 2 2 4 1 1
split_gain=1.5826e+06 2.00751e+08 1.79821e+06 2748.59 704.721 838.544 194.411 27.3248 57.0908 36.8139 0.619283
threshold=9.6694000000000013 1.0000000180025095e-35 12.822250000000002 3.2850000000000006 1.0000000180025095e-35 5.0550000000000006 7.8250000000000011 3.3250000000000006 1.0000000180025095e-35 8.1981500000000018 5.5978500000000011
decision_type=2 2 2 2 2 2 2 2 2 2 2
left_child=3 -2 -3 -1 6 -6 7 -5 10 -10 -9
right_child=1 2 -4 4 5 -7 -8 8 9 -11 -12
leaf_value=-0.32439271900082117 1743.5877087104463 137.65037720509244 -1.0796310245069656 0.079660485181506077 0.035756388337699473 -0.20728094525794455 -0.021906254448455661 0.07080526160873224 -0.004107256471743842 0.051374395126135744 0.064724684718931974
leaf_weight=67.28034973146714 0.16642321076027755 0.23613370530837485 21.614389339047648 97.342330932617244 70.842552185058594 71.122471266842297 98.669883728027401 86.055297851562628 62.013240814208871 57.734554290771484 81.55932617187618
leaf_count=3938 2224 708 4260 118 418 5208 16406 40481 473 71 8841
internal_value=0.398781 13.596 0.419593 -0.0207303 0.0119408 -0.0860019 0.0407061 0.056765 0.0490093 0.0226424 0.0678465
internal_weight=714.637 22.0169 21.8505 692.62 625.34 141.965 483.375 384.705 287.362 119.748 167.615
internal_count=83146 7192 4968 75954 72016 5626 66390 49984 49866 544 49322
is_linear=0
shrinkage=0.05


Tree=100
num_leaves=10
num_cat=1
split_feature=1 1 3 1 1 5 1 1 2
split_gain=29636 21037.6 3587.1 3102.64 445.951 4.28988 3.05568 0.852581 1.2803
threshold=12.822250000000002 9.1609500000000015 0 7.3831500000000014 7.4260500000000009 1.0000000180025095e-35 5.347900000000001 4.2579000000000002 7.8050000000000006
decision_type=2 2 9 2 2 2 2 2 2
left_child=1 2 5 -4 -5 6 7 8 -1
right_child=-2 -3 3 4 -6 -7 -8 -9 -10
leaf_value=0.077863698522337543 -1.1641275137971512 0.84097726656906679 -0.396965476504962 0.062056096419272039 -0.12780432097948016 0.056603947611959929 0.059639109548400099 0.067695350795375406 0.06938308450346696
leaf_weight=95.302474975585938 52.011584055012349 79.092430114746094 99.134961702661911 69.416145324707031 55.782418743094723 79.266857828013599 62.174762725830078 80.071311950683594 83.493209838867188
leaf_count=319 5765 2848 67179 83 6213 493 42 1 203
internal_value=-0.0124102 0.0727109 -0.0245673 -0.179977 -0.0225365 0.0653872 0.0695926 0.0719832 0.0739035
internal_weight=755.746 703.735 624.642 224.334 125.199 400.309 321.042 258.867 178.796
internal_count=83146 77381 74533 73475 6296 1058 565 523 522
cat_boundaries=0 1
cat_threshold=264
is_linear=0
shrinkage=0.05


Tree=101
num_leaves=12
num_cat=1
split_feature=3 0 6 2 2 0 4 5 0 0 0
split_gain=15642 12884.7 22264.9 6.45048e+06 6.23559e+07 12399.4 21079.8 1483.37 94.1213 34.0159 11.0305
threshold=0 12.248250000000002 1.0000000180025095e-35 5.6550000000000011 5.455000000000001 0.21105000000000004 1.0000000180025095e-35 1.0000000180025095e-35 7.3795000000000011 7.2551000000000014 1.2252500000000002
decision_type=9 2 2 2 2 2 2 2 2 2 2
left_child=5 2 3 4 -2 6 -1 8 9 10 -7
right_child=1 -3 -4 -5 -6 7 -8 -9 -10 -11 -12
leaf_value=-0.17456187524572553 -5409.2156849899666 0.17063931225751222 -0.14424531766986537 -0.83841458931474089 -6.9266228044990292 0.074165050490827611 1.2379079411282072 -0.19425170863122451 0.01360529500093326 0.098610586821763907 0.048923889400671328
leaf_weight=46.767216601854251 0.0058812969362794778 77.076517833396792 94.934104394639888 59.843579367750692 0.058196078985929489 93.087211608886719 60.69785690311064 66.943171995507385 77.458152770996094 103.66191864013672 80.89801025390625
leaf_count=4077 7487 998 1519 59194 344 167 2534 4273 818 25 1710
internal_value=-0.00896091 -0.342808 -0.620529 -1.37528 -502.772 0.141069 0.623222 0.0216417 0.0623411 0.0759375 0.0624287
internal_weight=761.432 231.918 154.842 59.9077 0.0640774 529.514 107.465 422.048 355.105 277.647 173.985
internal_count=83146 69542 68544 67025 7831 13604 6611 6993 2720 1902 1877
cat_boundaries=0 1
cat_threshold=12
is_linear=0
shrinkage=0.05


Tree=102
num_leaves=10
num_cat=2
split_feature=2 3 1 1 2 3 1 5 2
split_gain=633712 10835.3 31017.6 12423 2787.45 1937.67 681.751 34.7658 5.45784
threshold=2.4050000000000007 0 9.1609500000000015 9.6694000000000013 3.3850000000000002 1 7.4260500000000009 1.0000000180025095e-35 7.2650000000000006
decision_type=2 9 2 2 2 9 2 2 2
left_child=-1 2 6 4 -3 8 7 -2 -6
right_child=1 3 -4 -5 5 -7 -8 -9 -10
leaf_value=4.8460921689640779 0.092109106491126982 0.28635211142627548 1.3996075224411573 -0.58917741876255669 0.074506031301963788 -0.22562379335857755 -0.21554297274366566 0.047325353274991717 0.055983453636473501
leaf_weight=76.931689926888907 103.26690673828124 90.794952392578068 53.026997721821687 98.519894855459313 91.543090820312528 79.031214887187531 23.075528846660262 74.672938443911519 70.320375764975324
leaf_count=4192 4924 1050 1798 3926 145 62162 616 3821 512
internal_value=0.543536 0.0597913 0.311651 -0.0939931 0.050255 -0.0387317 0.040156 0.0733155 0.0625921
internal_weight=761.184 684.252 254.042 430.21 331.69 240.895 201.015 177.94 161.863
internal_count=83146 78954 11159 67795 63869 62819 9361 8745 657
cat_boundaries=0 1 2
cat_threshold=4 256
is_linear=0
shrinkage=0.05


Tree=103
num_leaves=10
num_cat=0
split_feature=2 0 1 1 5 0 2 1 2
split_gain=5.1032e+07 10403.3 14479.8 2680.45 236.043 83.4318 376.111 16.3765 16.073
threshold=2.4050000000000007 7.5164500000000016 9.6609000000000016 8.223650000000001 1.0000000180025095e-35 5.3996500000000003 5.705000000000001 5.8903500000000006 5.6550000000000011
decision_type=2 2 2 2 2 2 2 2 2
left_child=-1 2 3 4 5 6 8 -7 -2
right_child=1 -3 -4 -5 -6 7 -8 -9 -10
leaf_value=347.5928905111673 0.041941500429385832 -0.52225081607194268 0.66802959592022437 -0.60827544524310972 -0.04519468225261436 0.060701447121075808 -0.14023251297974679 0.090170054209875894 0.072746545519164207
leaf_weight=1.0580468115548445 80.667419433593921 68.084234029548497 103.21457528390636 16.655075666941627 72.802829203659599 87.336341857910156 27.816532135009879 102.45029449462891 89.130462646484375
leaf_count=4192 6361 5084 2528 4471 3905 614 55863 18 110
internal_value=0.628832 0.0624509 0.131078 0.014857 0.0374085 0.0529319 0.0301925 0.0766091 0.0581117
internal_weight=649.216 648.158 580.074 476.859 460.204 387.401 197.614 189.787 169.798
internal_count=83146 78954 73870 71342 66871 62966 62334 632 6471
is_linear=0
shrinkage=0.05


Tree=104
num_leaves=9
num_cat=1
split_feature=2 1 1 1 3 0 0 0
split_gain=703308 10193 30673.6 1139.37 1149.42 12.9992 8.13254 0.861761
threshold=4.4650000000000007 12.822250000000002 9.1609500000000015 7.4260500000000009 0 7.2551000000000014 7.4536500000000006 15.874950000000002
decision_type=2 2 2 2 9 2 2 2
left_child=-1 2 3 4 5 -2 -7 -8
right_child=1 -3 -4 -5 -6 6 7 -9
leaf_value=5.0288699758234561 0.053259714236407865 -0.45655691197491799 1.6961321953864748 -0.28362765439543985 -0.12774740690069139 0.08670641871584088 0.064701065279094291 0.072006022620628815
leaf_weight=79.241549707980312 86.636469944361465 96.65943954426325 28.536027908325195 31.351000421935339 85.190925598144702 101.24532318115234 74.588768005371094 88.011489868164062
leaf_count=9813 6633 3182 2487 6239 53299 63 1421 9
internal_value=0.605053 0.0131271 0.104739 0.00750235 0.028452 0.0681204 0.0755819 0.0686551
internal_weight=671.461 592.219 495.56 467.024 435.673 350.482 263.846 162.6
internal_count=83146 73333 70151 67664 61425 8126 1493 1430
cat_boundaries=0 1
cat_threshold=260
is_linear=0
shrinkage=0.05


Tree=105
num_leaves=11
num_cat=1
split_feature=2 2 4 3 1 1 1 5 2 1
split_gain=5.02072e+07 9.67162e+08 2.47131e+06 18258.4 16323.2 3938.84 30.4414 10.1 6.50123 3.78482
threshold=3.3250000000000006 2.2650000000000001 1.0000000180025095e-35 0 9.6609000000000016 8.223650000000001 7.4260500000000009 1.0000000180025095e-35 10.655000000000003 6.3065000000000007
decision_type=2 2 2 9 2 2 2 2 2 2
left_child=1 -1 -3 4 5 6 7 9 -9 -2
right_child=3 2 -4 -5 -6 -7 -8 8 -10 -11
leaf_value=7316.5783651018246 0.082655070458265589 314.31445642587624 -5.9605655964106647 -0.55315098775423965 0.74945624292439195 -1.2313241658257237 0.021717608856619743 0.047746786253324076 0.068137663774837126 0.068283360859303685
leaf_weight=0.04751298959157324 99.725982666015597 0.06439398229122173 0.93167519569411872 89.614012225348574 103.7826811486525 5.966938706778989 39.432319641113281 72.022033691407927 85.488642958083119 84.735725402832031
leaf_count=4024 4458 1873 408 63928 3346 936 132 1871 2130 40
internal_value=0.690601 347.188 14.7446 0.0679804 0.188729 0.043374 0.0633162 0.0681129 0.0588139 0.0760532
internal_weight=581.812 1.04358 0.996069 580.768 491.154 387.372 381.405 341.972 157.511 184.462
internal_count=83146 6305 2281 76841 12913 9567 8631 8499 4001 4498
cat_boundaries=0 1
cat_threshold=260
is_linear=0
shrinkage=0.05


Tree=106
num_leaves=11
num_cat=0
split_feature=2 0 2 2 2 1 1 1 1 1
split_gain=52221.2 8190.48 20567.9 8723.22 1.47934e+06 2.39611e+06 1.97171e+06 6851.23 502.354 19.7144
threshold=3.3250000000000006 0.21105000000000004 5.1250000000000009 10.565000000000003 5.7650000000000006 8.7801000000000027 8.7581500000000023 7.1994500000000015 5.8903500000000006 8.1981500000000018
decision_type=2 2 2 2 2 2 2 2 2 2
left_child=-1 2 -2 4 9 6 -6 8 -3 -4
right_child=1 7 3 -5 5 -7 -8 -9 -10 -11
leaf_value=-1.154902119863956 1.8758646692408829 -0.064119892053457458 0.068121823153102348 0.53533838885219365 -680.80010091432086 -711.74955227653697 -1.0651297020537616 -0.52695434030873312 0.074443203650584266 0.024867575660295967
leaf_weight=103.24203516738032 18.961334228656796 102.43677855451892 82.220474243164034 87.841041617233032 0.01211719359242458 0.017771834191085745 0.089235804975032806 70.337631709776417 180.97287750244141 38.762184143066506
leaf_count=6305 3723 11700 1222 4004 49236 2440 98 4315 40 63
internal_value=-0.118603 0.0653385 0.299095 0.156005 -0.119144 -176.231 -82.3304 -0.0852607 0.0243604 0.0542634
internal_weight=684.893 581.651 227.904 208.943 121.102 0.119125 0.101353 353.747 283.41 120.983
internal_count=83146 76841 60786 57063 53059 51774 49334 16055 11740 1285
is_linear=0
shrinkage=0.05


Tree=107
num_leaves=9
num_cat=0
split_feature=1 1 1 1 0 5 0 1
split_gain=41639.3 841439 52868 13235.6 7534.97 5512.62 80.5341 67.6287
threshold=12.822250000000002 9.1609500000000015 8.223650000000001 5.8903500000000006 0.80425000000000013 1.0000000180025095e-35 7.2551000000000014 6.8436500000000011
decision_type=2 2 2 2 2 2 2 2
left_child=1 2 3 4 -1 -4 7 -5
right_child=-2 -3 5 6 -6 -7 -8 -9
leaf_value=-0.096041157879614619 -1.2898552965373136 25.603495597059414 -12.909454507076871 0.049917113539894531 -0.74111035953818094 -24.751094441360621 0.073404284616867307 -0.03114883836290679
leaf_weight=80.724487304687585 67.612004045999356 3.1965806195405539 0.21184218219980022 79.638744568941547 103.07220829718622 0.18334175646305229 266.22682189941406 38.004711151123047
leaf_count=49939 5765 2848 3052 3642 12795 270 28 4807
internal_value=-0.116527 0.0223435 -0.121606 -0.108879 -0.457793 -18.4033 0.0581804 0.0237288
internal_weight=638.871 571.259 568.062 567.667 183.797 0.395184 383.87 117.643
internal_count=83146 77381 74533 71211 62734 3322 8477 8449
is_linear=0
shrinkage=0.05


Tree=108
num_leaves=12
num_cat=1
split_feature=0 1 3 0 1 0 0 0 0 0 0
split_gain=26687.4 15176.4 9112.9 70147.1 7.01509e+07 2.86533e+07 3.34826e+07 514.324 231.722 217.417 3.4591
threshold=7.5164500000000016 9.6609000000000016 0 7.2551000000000014 8.1981500000000018 2.9499500000000007 3.0440500000000008 3.0069500000000002 0.69560000000000011 0.80425000000000013 7.3207000000000013
decision_type=2 2 9 2 2 2 2 2 2 2 2
left_child=1 2 8 4 5 -4 7 -7 -1 -10 -5
right_child=-2 -3 3 10 -6 6 -8 -9 9 -11 -12
leaf_value=0.036404063129623791 -0.97267314264111726 0.56391297148845032 -4673.75063967802 0.075135547161579025 -0.19826844227382248 -39.952526482656708 -3581.2313918654204 -57.096657240265841 0.202878164472796 0.089913171204984224 0.061322586837181829
leaf_weight=77.710311889648438 77.369248869092985 103.74982048245829 0.0087616054869683151 94.145210266113281 38.95635686061285 0.0087493499740958214 0.010875993769592741 0.0087493499740958214 77.021202087402344 95.290992736816406 87.401969909667969
leaf_count=320 6464 3396 61837 38 4481 56 6020 37 2 386 109
internal_value=-0.100916 0.0165243 -0.104164 -0.329827 -2.26889 -2174.37 -1402.61 -48.5246 0.103925 0.140407 0.0684856
internal_weight=651.682 574.313 470.563 220.541 38.9935 0.0371363 0.0283747 0.0174987 250.023 172.312 181.547
internal_count=83146 76682 73286 72578 72431 67950 6113 93 708 388 147
cat_boundaries=0 1
cat_threshold=264
is_linear=0
shrinkage=0.05


Tree=109
num_leaves=7
num_cat=1
split_feature=1 1 3 1 1 4
split_gain=35394.5 118370 9352.8 11869.5 18.3893 9.38699
threshold=12.822250000000002 8.0022500000000019 0 7.3831500000000014 5.347900000000001 1.0000000180025095e-35
decision_type=2 2 9 2 2 2
left_child=1 2 4 -4 5 -1
right_child=-2 -3 3 -5 -6 -7
leaf_value=0.093610838732962443 -0.89506904990194303 2.6018340298004135 -0.75702355553600964 0.062121460303411771 0.081635486690166154 0.11636131522672935
leaf_weight=97.577003479003906 94.127103235897721 45.390846673359647 91.907157937302713 85.2366943359375 179.49277496337891 84.694999694824219
leaf_count=430 5765 7296 67179 1906 19 551
internal_value=0.00473272 0.149685 -0.0568527 -0.343484 0.090494 0.104182
internal_weight=678.427 584.299 538.909 177.144 361.765 182.272
internal_count=83146 77381 70085 69085 1000 981
cat_boundaries=0 1
cat_threshold=264
is_linear=0
shrinkage=0.05


Tree=110
num_leaves=8
num_cat=2
split_feature=0 3 2 3 2 0 2
split_gain=33850.5 176953 27180.8 4894.82 1349.32 159.533 15.3272
threshold=0.21105000000000004 0 4.9850000000000012 1 5.705000000000001 7.3795000000000011 7.8250000000000011
decision_type=2 9 2 9 2 2 2
left_child=1 4 -2 5 -1 6 -4
right_child=2 -3 3 -5 -6 -7 -8
leaf_value=0.29043272872890008 -0.99754739090551947 5.9333913218782657 0.12019297005911159 -0.30814889985242538 0.008908707367840012 0.023910492600023921 0.092724243801554307
leaf_weight=73.065071105957045 88.92748416576535 4.3042972433059949 99.611862182617188 102.46411915293459 101.95118352803284 82.967064890836468 103.60238647460938
leaf_count=200 5190 62616 1013 10327 496 1853 1451
internal_value=0.01096 0.596706 -0.208978 -0.0285422 0.119604 0.0795556 0.106189
internal_weight=656.893 179.321 477.573 388.645 175.016 286.181 203.214
internal_count=83146 63312 19834 14644 696 4317 2464
cat_boundaries=0 1 2
cat_threshold=256 12
is_linear=0
shrinkage=0.05


Tree=111
num_leaves=7
num_cat=2
split_feature=2 3 3 5 2 6
split_gain=18948 12025.9 7226.7 3555.5 2298.44 387.854
threshold=3.3250000000000006 0 1 1.0000000180025095e-35 5.705000000000001 1.0000000180025095e-35
decision_type=2 9 9 2 2 2
left_child=-1 3 4 -2 -3 -6
right_child=1 2 -4 -5 5 -7
leaf_value=-0.90961391806341119 0.24419562300105355 0.34202874280048778 -0.40637491031684458 0.68459267216125452 -0.074542627681285376 0.06282968271768237
leaf_weight=50.632240540670409 103.65844321999843 61.525310516367341 101.67917750835193 82.151746814339944 103.47054290998059 102.06665213726228
leaf_count=6305 5236 557 63928 5005 1284 831
internal_value=0.0162881 0.100826 -0.0676988 0.416492 0.0712593 -0.00632562
internal_weight=605.184 554.552 368.742 185.81 267.063 205.537
internal_count=83146 76841 66600 10241 2672 2115
cat_boundaries=0 1 2
cat_threshold=4 256
is_linear=0
shrinkage=0.05


Tree=112
num_leaves=7
num_cat=1
split_feature=0 2 2 1 3 1
split_gain=46115.7 87116.4 71609.3 15791.9 2253.54 173.304
threshold=0.80425000000000013 4.4650000000000007 7.8050000000000006 12.822250000000002 0 5.8903500000000006
decision_type=2 2 2 2 9 2
left_child=1 -1 -2 -3 5 -4
right_child=2 3 4 -5 -6 -7
leaf_value=3.4540481870071176 -1.96307843244571 0.97377608525558701 0.14892314064085427 -0.11928513353084787 -0.18391036082028678 0.054294152197832339
leaf_weight=24.354008487320471 55.409619133639183 48.702822118599016 92.326667785644531 102.77041137878095 102.979736328125 101.65798998794702
leaf_count=5101 12203 58446 1954 811 3688 943
internal_value=0.0170466 0.678431 -0.31297 0.232164 -0.00508186 0.094463
internal_weight=528.201 175.827 352.374 151.473 296.964 193.985
internal_count=83146 64358 18788 59257 6585 2897
cat_boundaries=0 1
cat_threshold=12
is_linear=0
shrinkage=0.05


Tree=113
num_leaves=7
num_cat=1
split_feature=1 1 3 1 4 1
split_gain=30336.9 59652.8 15493.1 106.493 106.851 8.46013
threshold=12.822250000000002 7.3831500000000014 0 6.9738500000000014 1.0000000180025095e-35 6.8046000000000006
decision_type=2 2 9 2 2 2
left_child=1 2 3 4 -1 -6
right_child=-2 -3 -4 -5 5 -7
leaf_value=0.096844538366859412 -0.78449425542997964 1.247640302514456 -0.61186863609642794 0.12087830898356088 0.018353565259405777 0.052967758019148638
leaf_weight=96.505821228027344 101.29441438819447 101.53461766256669 100.81696721903666 100.58936309814453 90.415870666503906 21.935173034667969
leaf_count=431 5765 9207 67179 6 557 1
internal_value=0.00609176 0.162564 -0.105978 0.0761519 0.058257 0.0251116
internal_weight=613.092 511.798 410.263 309.446 208.857 112.351
internal_count=83146 77381 68174 995 989 558
cat_boundaries=0 1
cat_threshold=264
is_linear=0
shrinkage=0.05


Tree=114
num_leaves=6
num_cat=0
split_feature=1 1 2 1 2
split_gain=34538.5 66413.3 16772.6 453.008 45.6328
threshold=12.822250000000002 7.3831500000000014 5.6550000000000011 5.8903500000000006 10.655000000000003
decision_type=2 2 2 2 2
left_child=1 2 -1 -4 -5
right_child=-2 -3 3 4 -6
leaf_value=-0.70502006154050134 -0.97252988085344116 1.446707072175313 -0.022038114410582614 0.036087721110141933 0.11361924748058015
leaf_weight=89.817649630203164 78.031039447137402 83.335339163988294 98.778717041015625 20.924341201782227 204.07500457763672
leaf_count=9487 5765 9207 53258 5418 11
internal_value=0.00541971 0.158983 -0.10048 0.0672222 0.106409
internal_weight=574.962 496.931 413.596 323.778 224.999
internal_count=83146 77381 68174 58687 5429
is_linear=0
shrinkage=0.05


Tree=115
num_leaves=8
num_cat=1
split_feature=0 4 1 6 3 2 0
split_gain=87957.4 1.68636e+06 69266.2 53398.7 10279.6 214.674 11.0932
threshold=0.21105000000000004 1.0000000180025095e-35 7.1994500000000015 1.0000000180025095e-35 0 7.8050000000000006 15.874950000000002
decision_type=2 2 2 2 9 2 2
left_child=1 -1 4 -3 5 -2 -7
right_child=2 3 -4 -5 -6 6 -8
leaf_value=135.21853722669005 0.028940512730163199 3.3663639392168978 -2.4955867396453892 0.23412219527501291 -0.47203990872095797 0.12952514069681051 0.10606248346310856
leaf_weight=0.23584379919725407 103.58343505859375 20.259388121303971 31.586985013055425 41.438556169101503 102.9998547962698 98.295074462890625 103.34375
leaf_count=59660 406 3387 6021 265 13089 310 8
internal_value=0.00859892 1.77274 -0.239827 1.26264 -0.0652833 0.0846715 0.1175
internal_weight=501.743 61.9338 439.809 61.6979 408.222 305.222 201.639
internal_count=83146 63312 19834 3652 13813 724 318
cat_boundaries=0 1
cat_threshold=264
is_linear=0
shrinkage=0.05


Tree=116
num_leaves=9
num_cat=0
split_feature=0 1 1 1 0 0 0 0
split_gain=98852.7 4.83703e+06 2.01479e+07 3.71379e+06 12342.4 6496.01 717.451 55.0385
threshold=0.21105000000000004 12.822250000000002 8.9523000000000028 8.0022500000000019 7.5164500000000016 5.3996500000000003 7.2551000000000014 7.3207000000000013
decision_type=2 2 2 2 2 2 2 2
left_child=1 2 3 -1 5 -2 -7 -8
right_child=4 -3 -4 -5 -6 6 7 -9
leaf_value=-18.288242942072621 -0.4044869248213826 -0.11930235721137553 678.04066791690525 265.6900868813234 -0.67503665204394958 -0.053186931496859761 0.13846416335390146 0.08559346539062207
leaf_weight=0.77433413267132623 103.46952744200826 49.392313731239774 0.13522870843969259 0.13523674506502759 103.68073574428632 100.83908787416294 93.904090881347656 103.45400238037109
leaf_count=56223 10852 1389 2166 3534 6464 2270 62 186
internal_value=0.0219895 2.13271 108.595 23.9342 -0.188675 -0.0631321 0.0553124 0.11075
internal_weight=555.785 50.4371 1.0448 0.909571 505.347 401.667 298.197 197.358
internal_count=83146 63312 61923 59757 19834 13370 2518 248
is_linear=0
shrinkage=0.05


Tree=117
num_leaves=11
num_cat=0
split_feature=1 1 1 2 1 2 2 1 1 1
split_gain=51303.7 2.39601e+06 1.77245e+08 405875 185709 548629 16091.9 1457.61 1297.31 58.6318
threshold=12.822250000000002 8.9135500000000025 9.6609000000000016 5.705000000000001 8.0166500000000021 5.455000000000001 4.9850000000000012 5.8903500000000006 6.9328500000000011 6.999550000000001
decision_type=2 2 2 2 2 2 2 2 2 2
left_child=1 4 3 -3 6 -6 -1 -8 -9 -10
right_child=-2 2 -4 -5 5 -7 7 8 9 -11
leaf_value=-0.57000090327873232 -1.6227868812140018 -1.8539167754495791 7150.5548076432015 -195.41929569032334 84.30643741259567 -22.279390841654376 -0.027999209574989206 0.34211845833122212 0.14795026268950817 0.093186277629973141
leaf_weight=101.17294461312713 45.237176208953258 0.49065254535527403 0.0087820381437988537 0.028663888011060124 0.24146294593975781 0.24146182300273722 99.881675720214844 97.555588756455109 92.459640502929688 103.68068695068359
leaf_count=7980 5765 77 1504 2006 41 3589 54773 3894 409 3108
internal_value=-0.010899 0.136182 106.581 -12.5378 0.0226733 31.0136 -0.00757688 0.137 0.193113 0.119002
internal_weight=540.999 495.762 0.528098 0.519316 495.233 0.482925 494.751 393.578 293.696 196.14
internal_count=83146 77381 3587 2083 73794 3630 70164 62184 7411 3517
is_linear=0
shrinkage=0.05


Tree=118
num_leaves=10
num_cat=0
split_feature=1 6 1 2 1 2 5 2 0
split_gain=745524 1.91549e+07 2.03788e+08 7.01692e+06 14230.2 8572.19 4200.14 1612.27 39.1762
threshold=8.1146000000000011 1.0000000180025095e-35 9.7701000000000011 5.5950000000000006 5.8903500000000006 7.8050000000000006 1.0000000180025095e-35 5.4050000000000011 15.874950000000002
decision_type=2 2 2 2 2 2 2 2 2
left_child=4 2 3 7 5 -1 -6 -2 -8
right_child=1 -3 -4 -5 6 -7 8 -9 -10
leaf_value=-0.67680645774774728 -8.3373014208931249 -1.3638287694292623 -5133.7677844997688 -879.71971537439333 0.50486934930227023 0.0054650719707743378 0.090619639188028955 -1.0464031438804176 0.13489471946516951
leaf_weight=85.810447357104294 0.15104061019968557 11.0204438289481 0.021156473829781197 0.024782065302298206 103.07294619642198 99.328941345214844 103.49623870849609 0.15226682073367515 96.591644287109375
leaf_count=45385 101 2211 4759 5321 7846 17349 147 25 2
internal_value=-0.260071 -12.917 -377.477 -70.773 0.0346357 -0.310762 0.245569 -4.67711 0.111993
internal_weight=499.67 11.3697 0.349246 0.328089 488.3 185.139 303.161 0.303307 200.088
internal_count=83146 12417 10206 5447 70729 62734 7995 126 149
is_linear=0
shrinkage=0.05


Tree=119
num_leaves=10
num_cat=1
split_feature=1 1 0 1 1 3 1 0 0
split_gain=1.80687e+07 7.60231e+07 747760 1.55153e+08 6.27452e+06 8613.09 4092.61 885.226 291.262
threshold=13.649400000000002 14.959550000000002 1.0000000180025095e-35 8.223650000000001 13.079150000000002 0 7.3831500000000014 0.80425000000000013 15.874950000000002
decision_type=2 2 2 2 2 9 2 2 2
left_child=2 -2 3 -1 -5 7 -7 -4 -9
right_child=1 -3 5 4 -6 6 -8 8 -10
leaf_value=8130.1014680631415 1480.6681814359615 -118.76873717944193 0.28302018351612296 -462.16261971804033 20.100134318792573 -0.55969612463647622 -0.11116354164000507 0.0026715962565152401 0.12363031151071376
leaf_weight=0.0058928178622997809 0.10571072421412056 0.24997890945418375 59.491161346435547 0.069031384635625304 2.9358835220336914 100.55769770335142 102.8977647785572 99.439900749792173 99.632057189941406
leaf_count=57130 2281 2800 25 4632 143 13282 1801 1042 10
internal_value=0.35143 356.583 0.078957 24.916 9.0212 -0.0828967 -0.317257 0.109547 0.0632093
internal_weight=465.385 0.35569 465.029 3.01081 3.00491 462.019 203.455 258.563 199.072
internal_count=83146 5081 78065 61905 4775 16160 15083 1077 1052
cat_boundaries=0 1
cat_threshold=264
is_linear=0
shrinkage=0.05


Tree=120
num_leaves=5
num_cat=1
split_feature=1 3 0 1
split_gain=55621.9 50288.3 230.439 69.1817
threshold=7.3831500000000014 0 0.80425000000000013 6.9738500000000014
decision_type=2 9 2 2
left_child=1 2 -1 -4
right_child=-2 -3 3 -5
leaf_value=0.19189721633139969 1.0472019540805062 -1.1463332576823786 0.057314477276287794 0.1159545507696141
leaf_weight=70.696235656738281 103.63257193053909 102.57907940644355 99.493110656738281 101.71959686279297
leaf_count=288 14972 67179 704 3
internal_value=0.0220337 -0.261663 0.11019 0.086959
internal_weight=478.121 374.488 271.909 201.213
internal_count=83146 68174 995 707
cat_boundaries=0 1
cat_threshold=264
is_linear=0
shrinkage=0.05


Tree=121
num_leaves=5
num_cat=0
split_feature=1 2 1 1
split_gain=65698.4 59011.1 708.24 470.956
threshold=7.3831500000000014 7.8050000000000006 5.8903500000000006 5.9590000000000005
decision_type=2 2 2 2
left_child=1 -1 -3 -4
right_child=-2 2 3 -5
leaf_value=-1.4798167724799536 1.3400800343382377 -0.026691785822202597 0.24314881473942487 0.073301341507409287
leaf_weight=78.285361857675525 77.324059305716332 100.56641387939453 67.593482971191406 103.01360321044922
leaf_count=49363 14972 17349 18 1444
internal_value=0.0212624 -0.27055 0.0785549 0.140594
internal_weight=426.783 349.459 271.174 170.607
internal_count=83146 68174 18811 1462
is_linear=0
shrinkage=0.05


Tree=122
num_leaves=13
num_cat=0
split_feature=0 2 2 2 2 2 0 0 2 2 2 0
split_gain=5.68122e+06 1.62156e+09 7.35515e+08 118598 91207.7 11559.4 8024.11 8976.19 6808.79 2196.75 1676.87 985.854
threshold=1.0000000180025095e-35 4.4650000000000007 5.705000000000001 5.1750000000000007 4.9850000000000012 5.4050000000000011 14.217000000000002 7.3207000000000013 5.455000000000001 5.2250000000000005 5.5950000000000006 7.2551000000000014
decision_type=2 2 2 2 2 2 2 2 2 2 2 2
left_child=1 -1 3 -3 -2 9 7 11 -7 -5 -10 -6
right_child=4 2 -4 5 6 8 -8 -9 10 -11 -12 -13
leaf_value=38566.169073978694 -2.8960709903542075 -123.08317515113814 -40123.778717842542 -30.460044111567534 -0.038970142607716106 -0.75735001641141564 0.46766452987341367 -0.86671023737176422 -24.35795200010763 -67.072596780335857 -59.860601490706351 0.19880179732377037
leaf_weight=0.0027266291435298342 27.500653499639441 0.026009527957285172 0.0011499553718794511 0.0081939110532402992 100.08626684149692 0.14053751714527607 103.48345184326172 30.293053194432844 0.016387822106480598 0.0081939110532402992 0.0041728694923222056 77.23614501953125
leaf_count=4955 5216 1380 55711 100 10569 118 306 3913 215 404 217 42
internal_value=0.0242317 261.651 -248.705 -23.3711 -0.135999 -8.75885 0.107987 -0.0712904 -4.68907 -48.7663 -31.5633 0.0645959
internal_weight=338.807 0.207372 0.204646 0.203496 338.6 0.177486 311.099 207.615 0.161098 0.0163878 0.0205607 177.322
internal_count=83146 63100 58145 2434 20046 1054 14830 14524 550 504 432 10611
is_linear=0
shrinkage=0.05


Tree=123
num_leaves=10
num_cat=1
split_feature=1 1 6 2 2 1 5 4 3
split_gain=2.62165e+08 2.83581e+09 2.57498e+08 2.26085e+10 1.36561e+07 4.48388e+08 3290.48 3832.18 336.592
threshold=8.1981500000000018 12.267650000000001 1.0000000180025095e-35 7.0650000000000004 4.9850000000000012 1.0000000180025095e-35 1.0000000180025095e-35 1.0000000180025095e-35 0
decision_type=2 2 2 2 2 2 2 2 9
left_child=4 -2 3 -3 5 -1 7 -6 -8
right_child=1 2 -4 -5 6 -7 8 -9 -10
leaf_value=-4290.3906786322486 72104.229764067335 -728.34604923527195 267.68917248242269 182063.21640787157 0.12427818334885042 11.650548929881404 0.076087393215035506 0.58199427706409823 -0.065916991219158061
leaf_weight=0.062744085316409071 0.0014169630555026505 0.068447813733676005 0.19941886560991406 0.001734474036945515 99.32464599609375 1.7465957403182983 100.02825164794922 84.746818542480469 58.582781105151014
leaf_count=7944 5950 2450 2143 1476 55735 41 311 2664 4432
internal_value=0.690767 1555.18 1184.39 3789.14 -0.532177 -137.535 0.191189 0.335011 0.0242795
internal_weight=344.763 0.271018 0.269601 0.0701823 344.492 1.80934 342.682 184.071 158.611
internal_count=83146 12019 6069 3926 71127 7985 63142 58399 4743
cat_boundaries=0 1
cat_threshold=256
is_linear=0
shrinkage=0.05


Tree=124
num_leaves=11
num_cat=0
split_feature=0 4 0 0 2 0 0 0 0 0
split_gain=8.18015e+07 2.1717e+09 33293.5 6.98528e+06 1.84689e+07 1.98391e+09 48668.2 61771.9 1888.7 130.647
threshold=5.3996500000000003 1.0000000180025095e-35 7.5164500000000016 15.874950000000002 0.60500000000000009 15.069100000000002 10.027300000000002 9.9812500000000011 7.2551000000000014 7.3207000000000013
decision_type=2 2 2 2 2 2 2 2 2 2
left_child=1 -1 8 4 6 -6 7 -4 -2 -10
right_child=2 -3 3 -5 5 -7 -8 -9 9 -11
leaf_value=-12414.350358543594 -0.19979039372203389 32.818295461850674 -40.544219621478518 0.041068228897957693 -53951.969216795755 -16.439835715331863 -51.178939170446881 -0.94684796233382706 0.11022362129793051 0.017584936145117084
leaf_weight=0.036554320161200304 101.50867462158203 0.84743773937225342 0.19698277115821206 98.472663879394531 0.0017256073307407851 0.14242231845855713 0.1970831729065079 0.19698277115821838 100.88845062255859 61.112930297851562
leaf_count=68781 2270 5383 193 120 5736 108 302 5 62 186
internal_value=-1.4954 -481.89 -0.324611 -1.10532 -154.654 -662.107 -30.8934 -20.7455 -0.0306838 0.0752769
internal_weight=363.602 0.883992 362.718 99.2079 0.735197 0.144148 0.591049 0.393966 263.51 162.001
internal_count=83146 74164 8982 6464 6344 5844 500 198 2518 248
is_linear=0
shrinkage=0.05


Tree=125
num_leaves=4
num_cat=0
split_feature=1 1 0
split_gain=1.04598e+08 9.3832e+07 18221.5
threshold=8.1146000000000011 1.0000000180025095e-35 7.2551000000000014
decision_type=2 2 2
left_child=1 -1 -3
right_child=-2 2 -4
leaf_value=-968.53910613375399 -1036.5789551122975 0.96872765166635555 0.16786978098914945
leaf_weight=0.25004215323133294 0.24366596961783571 97.666091918945312 260.38251495361328
leaf_count=62333 12417 8365 31
internal_value=-0.994115 -0.289852 0.386322
internal_weight=358.542 358.299 358.049
internal_count=83146 70729 8396
is_linear=0
shrinkage=0.05


Tree=126
num_leaves=10
num_cat=0
split_feature=1 2 1 2 2 2 1 1 2
split_gain=5.98863e+07 1.59333e+09 1.08303e+06 763722 265153 180181 329099 3077.43 902.182
threshold=8.1146000000000011 8.0750000000000011 9.0448500000000021 8.0850000000000026 6.8950000000000005 8.0850000000000026 9.1006000000000018 5.9590000000000005 9.2550000000000008
decision_type=2 2 2 2 2 2 2 2 2
left_child=4 -2 3 -3 -1 -4 -7 8 -6
right_child=1 2 5 -5 7 6 -8 -9 -10
leaf_value=-3.5366402588894177 -17399.282645093273 -29.013688947569712 -8.5365956778159831 -287.90265385802888 0.056021676121916199 -12.339484427913023 157.60581142329374 0.51245209711314998 0.26764628997366324
leaf_weight=54.00204086308122 0.013652355410157635 0.056974232196807861 0.17092269659042358 0.056974232196807861 97.994720458984375 0.056974232196807861 0.056974232196807861 93.014472961425781 103.60911560058594
leaf_count=13999 8982 49 54 375 42164 15 2942 7861 6705
internal_value=-1.02821 -603.144 -28.18 -158.458 -0.315816 23.9313 72.6332 0.274545 0.164781
internal_weight=349.033 0.412472 0.39882 0.113948 348.62 0.284871 0.113948 294.618 201.604
internal_count=83146 12417 3435 424 70729 3011 2957 56730 48869
is_linear=0
shrinkage=0.05


Tree=127
num_leaves=4
num_cat=0
split_feature=4 2 0
split_gain=196705 31040 17391.8
threshold=1.0000000180025095e-35 6.9150000000000009 7.3207000000000013
decision_type=2 2 2
left_child=-1 -2 -3
right_child=1 2 -4
leaf_value=-2.2244758384816681 1.579189527820958 0.58383908749585223 -0.4193960678476768
leaf_weight=96.646051740622681 49.32561111450201 102.49980163574219 74.670097351074219
leaf_count=73475 3822 3982 1867
internal_value=-0.335968 0.469862 0.161015
internal_weight=323.142 226.496 177.17
internal_count=83146 9671 5849
is_linear=0
shrinkage=0.05


Tree=128
num_leaves=4
num_cat=1
split_feature=4 3 0
split_gain=309478 60140 2807.73
threshold=1.0000000180025095e-35 0 7.4536500000000006
decision_type=2 9 2
left_child=-1 2 -2
right_child=1 -3 -4
leaf_value=-3.7642956155731215 -0.38821877344618155 1.3382638409591425 -0.0036925678871023758
leaf_weight=54.49746822759198 88.773269653320312 90.105712890625 102.04006195068359
leaf_count=73475 3947 4564 1160
internal_value=-0.316076 0.352869 -0.173496
internal_weight=335.417 280.919 190.813
internal_count=83146 9671 5107
cat_boundaries=0 1
cat_threshold=4
is_linear=0
shrinkage=0.05


Tree=129
num_leaves=4
num_cat=0
split_feature=4 0 2
split_gain=9.28687e+06 9524.23 39847.2
threshold=1.0000000180025095e-35 7.7317000000000009 5.6550000000000011
decision_type=2 2 2
left_child=-1 2 -2
right_child=1 -3 -4
leaf_value=-114.96776507933853 -0.43540492997782226 1.0999405934539845 0.97117705641950458
leaf_weight=1.7570640472044932 101.9923095703125 40.425556182861328 99.443580627441406
leaf_count=73475 2173 3259 4239
internal_value=-0.432523 0.399547 0.258987
internal_weight=243.619 241.861 201.436
internal_count=83146 9671 6412
is_linear=0
shrinkage=0.05


Tree=130
num_leaves=7
num_cat=1
split_feature=4 2 2 3 2 0
split_gain=3.28034e+07 3.30375e+07 1.28727e+07 239035 33856.5 5043.24
threshold=1.0000000180025095e-35 7.8450000000000006 7.995000000000001 0 7.8550000000000013 7.4536500000000006
decision_type=2 2 2 9 2 2
left_child=1 -1 4 5 -3 -2
right_child=3 2 -4 -5 -6 -7
leaf_value=-867.63260582718124 -0.55193068084060115 -1.6367961645260731 -3621.0676622309802 4.994634069981899 -42.152682361967152 0.01919670820225966
leaf_weight=0.21795693961164619 66.558799743652344 0.20503624704861068 0.0024929453694175754 15.66085624694824 0.068885455490089953 92.192481994628906
leaf_count=56759 3947 638 12188 4564 3890 1160
internal_value=-0.618459 -407.331 -44.3769 0.53437 -11.8257 -0.207205
internal_weight=174.907 0.494372 0.276415 174.412 0.273922 158.751
internal_count=83146 73475 16716 9671 4528 5107
cat_boundaries=0 1
cat_threshold=4
is_linear=0
shrinkage=0.05


Tree=131
num_leaves=4
num_cat=0
split_feature=0 5 0
split_gain=2.50345e+07 5.50948e+07 4307.03
threshold=7.2551000000000014 1.0000000180025095e-35 7.4536500000000006
decision_type=2 2 2
left_child=1 -1 -2
right_child=2 -3 -4
leaf_value=-1154.7385676158244 0.04616722429378417 91.48034923977751 0.53470609309126549
leaf_weight=0.14888382611275019 87.71689605712892 0.21935048899797494 92.890786825106758
leaf_count=69637 186 6797 6526
internal_value=-0.542264 -412.389 0.297434
internal_weight=180.976 0.368234 180.608
internal_count=83146 76434 6712
is_linear=0
shrinkage=0.05


Tree=132
num_leaves=2
num_cat=0
split_feature=0
split_gain=65450.3
threshold=7.4536500000000006
decision_type=2
left_child=-1
right_child=-2
leaf_value=-1.4112431931246574 0.45537084701690916
leaf_weight=86.137673236429691 103.25591086839148
leaf_count=76620 6526
internal_value=-0.39358
internal_weight=189.394
internal_count=83146
is_linear=0
shrinkage=0.05


Tree=133
num_leaves=3
num_cat=0
split_feature=4 5
split_gain=1.25267e+08 4932.2
threshold=1.0000000180025095e-35 1.0000000180025095e-35
decision_type=2 2
left_child=-1 -2
right_child=1 -3
leaf_value=-1658.8151721204813 0.85663318090125695 0.35707764111944634
leaf_weight=0.11379263559012898 96.583625793457031 101.16169582307339
leaf_count=73475 5137 4534
internal_value=-0.35329 0.601073
internal_weight=197.859 197.745
internal_count=83146 9671
is_linear=0
shrinkage=0.05


Tree=134
num_leaves=2
num_cat=0
split_feature=1
split_gain=92271
threshold=5.9590000000000005
decision_type=2
left_child=-1
right_child=-2
leaf_value=-1.3589520325333002 0.82484794787675286
leaf_weight=101.05945409491841 92.776064559164382
leaf_count=62814 20332
internal_value=-0.313713
internal_weight=193.836
internal_count=83146
is_linear=0
shrinkage=0.05


Tree=135
num_leaves=2
num_cat=0
split_feature=1
split_gain=110799
threshold=5.9590000000000005
decision_type=2
left_child=-1
right_child=-2
leaf_value=-1.6323182858002785 1.1841601866300475
leaf_weight=80.094935328878194 61.90982162774182
leaf_count=62814 20332
internal_value=-0.404418
internal_weight=142.005
internal_count=83146
is_linear=0
shrinkage=0.05


Tree=136
num_leaves=2
num_cat=0
split_feature=2
split_gain=290442
threshold=5.6550000000000011
decision_type=2
left_child=-1
right_child=-2
leaf_value=-4.9516121902090191 2.6737643330221132
leaf_weight=24.83391947858458 25.117842869343622
leaf_count=12985 70161
internal_value=-1.11725
internal_weight=49.9518
internal_count=83146
is_linear=0
shrinkage=0.05


Tree=137
num_leaves=2
num_cat=0
split_feature=1
split_gain=153067
threshold=5.9590000000000005
decision_type=2
left_child=-1
right_child=-2
leaf_value=-1.3088365891805323 2.504835815288212
leaf_weight=103.68221289670439 35.258112532563786
leaf_count=62814 20332
internal_value=-0.341062
internal_weight=138.94
internal_count=83146
is_linear=0
shrinkage=0.05


Tree=138
num_leaves=4
num_cat=0
split_feature=4 2 5
split_gain=9.26597e+07 5.30107e+09 12775.6
threshold=1.0000000180025095e-35 7.8050000000000006 1.0000000180025095e-35
decision_type=2 2 2
left_child=1 -1 -2
right_child=2 -3 -4
leaf_value=-71955.259863070241 1.2355732687593559 108.25390907810807 0.35727959146438815
leaf_weight=0.0026040782814574772 69.579132080078125 0.12749657411227755 102.24707764304367
leaf_count=54016 5137 19459 4534
internal_value=-0.297019 -1334.16 0.712935
internal_weight=171.956 0.130101 171.826
internal_count=83146 73475 9671
is_linear=0
shrinkage=0.05


Tree=139
num_leaves=3
num_cat=0
split_feature=0 2
split_gain=5.40857e+09 57829.3
threshold=0.80425000000000013 7.8150000000000004
decision_type=2 2
left_child=-1 -2
right_child=1 -3
leaf_value=11206.803940872205 0.95886329788036662 -0.74905844726713688
leaf_weight=0.10772089037345622 95.057098388671875 103.55589348852118
leaf_count=64358 12373 6415
internal_value=6.14322 0.0683608
internal_weight=198.721 198.613
internal_count=83146 18788
is_linear=0
shrinkage=0.05


Tree=140
num_leaves=5
num_cat=0
split_feature=2 2 1 2
split_gain=4.97261e+09 2.4913e+09 436672 53739.6
threshold=4.8750000000000009 4.8250000000000011 4.2579000000000002 6.9150000000000009
decision_type=2 2 2 2
left_child=1 -1 -2 -4
right_child=2 -3 3 -5
leaf_value=17324.655657303472 93.598999820369698 -7.9884010213349006 1.0348225317536264 -0.90736832800446132
leaf_weight=0.062195215374230339 0.12439043074846168 0.031097607687115669 59.800113677978516 88.070582434640528
leaf_count=10745 54717 144 740 16800
internal_value=7.23132 11547.1 -0.0431577 -0.121931
internal_weight=148.088 0.0932928 147.995 147.871
internal_count=83146 10889 72257 17540
is_linear=0
shrinkage=0.05


Tree=141
num_leaves=3
num_cat=0
split_feature=0 2
split_gain=5.22677e+09 40365.8
threshold=1.0000000180025095e-35 7.8150000000000004
decision_type=2 2
left_child=-1 -2
right_child=1 -3
leaf_value=17954.678063825959 1.0055731980329632 -1.3687531958010619
leaf_weight=0.040551796555518105 26.982736587632772 53.184061850704893
leaf_count=63100 13343 6703
internal_value=8.50834 -0.569597
internal_weight=80.2074 80.1668
internal_count=83146 20046
is_linear=0
shrinkage=0.05


Tree=142
num_leaves=3
num_cat=0
split_feature=2 1
split_gain=1.29677e+09 955502
threshold=4.5050000000000008 6.2792500000000011
decision_type=2 2
left_child=-1 -2
right_child=1 -3
leaf_value=7777.2986007470145 2.8143373971927321 -16.159368807559517
leaf_weight=0.053638119290179698 17.183940887451175 10.809312168471843
leaf_count=9965 57706 15475
internal_value=10.3701 -4.51217
internal_weight=28.0469 27.9933
internal_count=83146 73181
is_linear=0
shrinkage=0.05


Tree=143
num_leaves=2
num_cat=0
split_feature=1
split_gain=364336
threshold=5.9590000000000005
decision_type=2
left_child=-1
right_child=-2
leaf_value=-0.31488199048803744 5.3049840659276493
leaf_weight=101.665771484375 40.26032685523387
leaf_count=62814 20332
internal_value=1.27931
internal_weight=141.926
internal_count=83146
is_linear=0
shrinkage=0.05


Tree=144
num_leaves=3
num_cat=1
split_feature=2 3
split_gain=1.45911e+08 114225
threshold=6.9150000000000009 0
decision_type=2 9
left_child=-1 -2
right_child=1 -3
leaf_value=1120.065203439435 -0.45362224321563699 -4.4062557143034651
leaf_weight=0.2907763421535482 95.003707885742188 15.558541297912596
leaf_count=18006 8417 56723
internal_value=1.49242 -1.44941
internal_weight=110.853 110.562
internal_count=83146 65140
cat_boundaries=0 1
cat_threshold=4
is_linear=0
shrinkage=0.05


Tree=145
num_leaves=2
num_cat=1
split_feature=3
split_gain=131974
threshold=0
decision_type=9
left_child=-1
right_child=-2
leaf_value=-0.66655991779731938 2.1388007068022623
leaf_weight=79.667610985377905 73.664009094238395
leaf_count=12844 70302
internal_value=0.777216
internal_weight=153.332
internal_count=83146
cat_boundaries=0 1
cat_threshold=4
is_linear=0
shrinkage=0.05


Tree=146
num_leaves=2
num_cat=1
split_feature=3
split_gain=106211
threshold=0
decision_type=9
left_child=-1
right_child=-2
leaf_value=-0.90524298307742623 1.7975921787999931
leaf_weight=53.575124424224214 83.923141479492188
leaf_count=12844 70302
internal_value=0.809353
internal_weight=137.498
internal_count=83146
cat_boundaries=0 1
cat_threshold=4
is_linear=0
shrinkage=0.05


Tree=147
num_leaves=2
num_cat=1
split_feature=3
split_gain=259869
threshold=0
decision_type=9
left_child=-1
right_child=-2
leaf_value=-1.5408960512122631 4.8648744283409249
leaf_weight=26.210308193966284 23.764272689819336
leaf_count=12844 70302
internal_value=2.17036
internal_weight=49.9746
internal_count=83146
cat_boundaries=0 1
cat_threshold=4
is_linear=0
shrinkage=0.05


Tree=148
num_leaves=2
num_cat=0
split_feature=1
split_gain=3.2898e+07
threshold=6.1351000000000004
decision_type=2
left_child=-1
right_child=-2
leaf_value=-3.7931339637892174 635.85566647797532
leaf_weight=6.2635681697629479 0.20767904818061378
leaf_count=63055 20091
internal_value=16.7348
internal_weight=6.47125
internal_count=83146
is_linear=0
shrinkage=0.05


Tree=149
num_leaves=2
num_cat=0
split_feature=2
split_gain=4.70788e+08
threshold=5.1250000000000009
decision_type=2
left_child=-1
right_child=-2
leaf_value=3945.7278343033258 -1094.1708195559963
leaf_weight=0.067830286920071536 0.14622737932995422
leaf_count=11530 71616
internal_value=502.865
internal_weight=0.214058
internal_count=83146
is_linear=0
shrinkage=0.05


end of trees

feature_importances:
log_loan_bal=841
tenure_years=590
log_dep_bal=574
segment=154
savings=110
current=87
unsecured=53
mortgage=44
asset_finance=9
ipf=3

parameters:
[boosting: gbdt]
[objective: binary]
[metric: binary_logloss]
[tree_learner: serial]
[device_type: cpu]
[data_sample_strategy: bagging]
[data: ]
[valid: ]
[num_iterations: 300]
[learning_rate: 0.05]
[num_leaves: 31]
[num_threads: 8]
[seed: 42]
[deterministic: 0]
[force_col_wise: 0]
[force_row_wise: 0]
[histogram_pool_size: -1]
[max_depth: -1]
[min_data_in_leaf: 40]
[min_sum_hessian_in_leaf: 0.001]
[bagging_fraction: 0.8]
[pos_bagging_fraction: 1]
[neg_bagging_fraction: 1]
[bagging_freq: 0]
[bagging_seed: 400]
[bagging_by_query: 0]
[feature_fraction: 0.8]
[feature_fraction_bynode: 1]
[feature_fraction_seed: 30056]
[extra_trees: 0]
[extra_seed: 12879]
[early_stopping_round: 0]
[early_stopping_min_delta: 0]
[first_metric_only: 0]
[max_delta_step: 0]
[lambda_l1: 0]
[lambda_l2: 0]
[linear_lambda: 0]
[min_gain_to_split: 0]
[drop_rate: 0.1]
[max_drop: 50]
[skip_drop: 0.5]
[xgboost_dart_mode: 0]
[uniform_drop: 0]
[drop_seed: 17869]
[top_rate: 0.2]
[other_rate: 0.1]
[min_data_per_group: 100]
[max_cat_threshold: 32]
[cat_l2: 10]
[cat_smooth: 10]
[max_cat_to_onehot: 4]
[top_k: 20]
[monotone_constraints: ]
[monotone_constraints_method: basic]
[monotone_penalty: 0]
[feature_contri: ]
[forcedsplits_filename: ]
[refit_decay_rate: 0.9]
[cegb_tradeoff: 1]
[cegb_penalty_split: 0]
[cegb_penalty_feature_lazy: ]
[cegb_penalty_feature_coupled: ]
[path_smooth: 0]
[interaction_constraints: ]
[verbosity: -1]
[saved_feature_importance_type: 0]
[use_quantized_grad: 0]
[num_grad_quant_bins: 4]
[quant_train_renew_leaf: 0]
[stochastic_rounding: 1]
[linear_tree: 0]
[max_bin: 255]
[max_bin_by_feature: ]
[min_data_in_bin: 3]
[bin_construct_sample_cnt: 200000]
[data_random_seed: 175]
[is_enable_sparse: 1]
[enable_bundle: 1]
[use_missing: 1]
[zero_as_missing: 0]
[feature_pre_filter: 1]
[pre_partition: 0]
[two_round: 0]
[header: 0]
[label_column: ]
[weight_column: ]
[group_column: ]
[ignore_column: ]
[categorical_feature: 3]
[forcedbins_filename: ]
[precise_float_parser: 0]
[parser_config_file: ]
[objective_seed: 16083]
[num_class: 1]
[is_unbalance: 0]
[scale_pos_weight: 414.73]
[sigmoid: 1]
[boost_from_average: 1]
[reg_sqrt: 0]
[alpha: 0.9]
[fair_c: 1]
[poisson_max_delta_step: 0.7]
[tweedie_variance_power: 1.5]
[lambdarank_truncation_level: 30]
[lambdarank_norm: 1]
[label_gain: ]
[lambdarank_position_bias_regularization: 0]
[eval_at: ]
[multi_error_top_k: 1]
[auc_mu_weights: ]
[num_machines: 1]
[local_listen_port: 12400]
[time_out: 120]
[machine_list_filename: ]
[machines: ]
[gpu_platform_id: -1]
[gpu_device_id: -1]
[gpu_device_id_list: ]
[gpu_use_dp: 0]
[num_gpu: 1]

end of parameters

pandas_categorical:[["INSTITUTIONAL BANKING", "LARGE ENTERPRISES", "MASS", "MEDIUM ENTERPRISES", "PRIVATE", "PROJECT FINANCE", "SCHEME", "SMALL ENTERPRISES", "STANDARD", "Unsegmented", "VIRTUAL"]]
